solid auto-kdk-case
facet normal 3.874023522825755e-41 1.005481770208353e-36 1
outer loop
vertex -95.1179428100586 44.480224609375 -1.2871144773176125e-36
vertex -92.625 43.20003128051758 0
vertex 92.8177261352539 43.19288635253906 0
endloop
endfacet
facet normal -0.31337345806883776 0.9496299678179803 0
outer loop
vertex -93.9941177368164 46.03277587890625 -5.800474166870117
vertex -94.81160736083984 45.76300811767578 -5.877835750579834
vertex -93.9941177368164 46.03277587890625 -1
endloop
endfacet
facet normal -0.15537267176639963 0.9878557050690379 -0.0006624429972130533
outer loop
vertex -93.03668975830078 46.18331527709961 -5.87133264541626
vertex -93.9941177368164 46.03277587890625 -5.800474166870117
vertex -93.06446838378906 46.182212829589844 -1
endloop
endfacet
facet normal -1.4650672422513402e-24 -4.8669058342965595e-24 1
outer loop
vertex 92.91194152832031 45.18826675415039 -1.0204510921386603e-28
vertex 95.63252258300781 44.107177734375 -1.2758263197357528e-24
vertex 95.06068420410156 44.515052795410156 -1.2851848231734226e-25
endloop
endfacet
facet normal -1.1548253373906219e-26 -8.793331657802042e-26 1
outer loop
vertex 93.69124603271484 45.07344055175781 -1.1994880434778255e-27
vertex 92.91194152832031 45.18826675415039 -1.0204510921386603e-28
vertex 94.361572265625 44.86363220214844 -1.1907534889568427e-26
endloop
endfacet
facet normal -0.03961780420522393 0.9992149066091621 0
outer loop
vertex -92.6150894165039 46.20003128051758 -1
vertex -92.6150894165039 46.20003128051758 -5.850355625152588
vertex -93.03668975830078 46.18331527709961 -5.87133264541626
endloop
endfacet
facet normal 2.3061969325878042e-15 -8.577382695286982e-16 1
outer loop
vertex 95.2331771850586 -36.19712448120117 0
vertex 95.05487060546875 -36.676536560058594 0
vertex 97.31324005126953 -35.786865234375 -4.445139545214633e-15
endloop
endfacet
facet normal -0.8050887311710844 -0.5931543902069979 -0.00006572288768696632
outer loop
vertex -97.45758819580078 -38.521854400634766 -14.366110801696777
vertex -97.04137420654297 -39.086769104003906 -14.481080055236816
vertex -96.94696807861328 -39.214908599853516 -14.46290111541748
endloop
endfacet
facet normal 2.8330990014737944e-13 -7.849561864191142e-13 1
outer loop
vertex 97.19841003417969 -36.56621170043945 -5.228290199323256e-14
vertex 94.4461441040039 -37.49296569824219 0
vertex 96.98860168457031 -37.236541748046875 -5.190218372273792e-13
endloop
endfacet
facet normal 0 0 1
outer loop
vertex 36.92499923706055 -38.19996643066406 0
vertex 36.468910217285156 -44.9348258972168 0
vertex 36.95378875732422 -42.69865036010742 0
endloop
endfacet
facet normal 2.517796878296365e-14 -1.5291810329305532e-14 1
outer loop
vertex 95.05487060546875 -36.676536560058594 0
vertex 94.78935241699219 -37.113712310791016 0
vertex 97.19841003417969 -36.56621170043945 -5.228290199323256e-14
endloop
endfacet
facet normal 0 0 1
outer loop
vertex 35.14794921875 -43.56391525268555 0
vertex 35.38968276977539 -44.006103515625 0
vertex 36.92499923706055 -38.19996643066406 0
endloop
endfacet
facet normal 2.7321855326514285e-14 -2.4725126220606627e-14 1
outer loop
vertex 94.78935241699219 -37.113712310791016 0
vertex 94.4461441040039 -37.49296569824219 0
vertex 97.19841003417969 -36.56621170043945 -5.228290199323256e-14
endloop
endfacet
facet normal 0 0 1
outer loop
vertex 36.040794372558594 -44.68056869506836 0
vertex 36.468910217285156 -44.9348258972168 0
vertex 36.92499923706055 -38.19996643066406 0
endloop
endfacet
facet normal 0.894922739632346 -0.44622112241458944 0
outer loop
vertex 97.91912078857422 -37.61137008666992 -14.340934753417969
vertex 97.49983215332031 -38.45227813720703 -1
vertex 97.49983215332031 -38.45227813720703 -14.361961364746094
endloop
endfacet
facet normal 0 0 1
outer loop
vertex 36.468910217285156 -44.9348258972168 0
vertex 37.050662994384766 -42.90013885498047 0
vertex 36.95378875732422 -42.69865036010742 0
endloop
endfacet
facet normal 0.9543477537312258 -0.29869778196055496 9.053170819066981e-8
outer loop
vertex 97.91912078857422 -37.61137008666992 -1
vertex 97.97400665283203 -37.436012268066406 -14.36327075958252
vertex 98.17625427246094 -36.789825439453125 -14.242334365844727
endloop
endfacet
facet normal 6.979430758573971e-29 7.712274479064442e-29 1
outer loop
vertex 94.2387466430664 42.66438674926758 0
vertex 94.61799621582031 42.32117462158203 0
vertex 92.91194152832031 45.18826675415039 -1.0204510921386603e-28
endloop
endfacet
facet normal -0.00017205806285870972 -0.9999999851979112 -4.4771862197201093e-7
outer loop
vertex -81.25088500976562 -41.190216064453125 -1.626510739326477
vertex 2.386859178543091 -41.20460510253906 -5
vertex -3.6984000205993652 -41.20355987548828 -1
endloop
endfacet
facet normal -0.00025640940777681126 -0.9999999671271074 0
outer loop
vertex 86.0972671508789 -46.19587707519531 -1
vertex 86.0972671508789 -46.19587707519531 -1.5080530643463135
vertex 90.7538833618164 -46.19707107543945 -1
endloop
endfacet
facet normal 0 0 1
outer loop
vertex -95.15084075927734 -36.4532470703125 0
vertex -95.2853012084961 -35.95974349975586 0
vertex -95.06068420410156 -39.51498794555664 0
endloop
endfacet
facet normal -0.00025519078443485586 -0.9999999673493825 0.000013375259051918705
outer loop
vertex 37.28078842163086 -46.1833381652832 -1
vertex 57.55097579956055 -46.18854522705078 -3.564180612564087
vertex 58.125 -46.188690185546875 -3.450000047683716
endloop
endfacet
facet normal 5.502729197256334e-24 4.144296389833339e-24 1
outer loop
vertex 94.61799621582031 42.32117462158203 0
vertex 94.92571258544922 41.912593841552734 0
vertex 96.18855285644531 43.55846405029297 -1.3770041994897704e-23
endloop
endfacet
facet normal 0 0 1
outer loop
vertex 93.24705505371094 -43.121070861816406 0
vertex 92.19491577148438 -44.69087600708008 0
vertex 92.5711898803711 -44.3647575378418 0
endloop
endfacet
facet normal -0.00017420753466619197 -0.9999999848207554 -0.0000031974803399054065
outer loop
vertex 12.143282890319824 -41.20628356933594 -1.5580466985702515
vertex 31.149314880371094 -41.20955276489258 -14.630361557006836
vertex 12.886858940124512 -41.20641326904297 -1.5070207118988037
endloop
endfacet
facet normal 0.8987307473447251 -0.43850090510416095 -1.5380806589685666e-7
outer loop
vertex 94.5262451171875 -41.7227783203125 -1
vertex 94.66502380371094 -41.43833923339844 -14.81204605102539
vertex 94.72984313964844 -41.30548858642578 -14.803669929504395
endloop
endfacet
facet normal -0.45802876642639395 0.8889373707556207 0
outer loop
vertex -95.64688873291016 45.33262252807617 -1
vertex -95.05621337890625 45.63697052001953 -1
vertex -95.64688873291016 45.33262252807617 -5.843865871429443
endloop
endfacet
facet normal 3.1848011569445585e-36 -1.5445482718417576e-36 1
outer loop
vertex -95.68343353271484 44.0635871887207 -1.2965557761677457e-37
vertex -97.31324005126953 40.786930084228516 -9.598894480624997e-43
vertex -95.1179428100586 44.480224609375 -1.2871144773176125e-36
endloop
endfacet
facet normal -0.18120241716023114 -0.9834458215963346 0
outer loop
vertex 36.63835525512695 -46.06496810913086 -15.045432090759277
vertex 37.23054122924805 -46.17407989501953 -15.155126571655273
vertex 36.63835525512695 -46.06496810913086 -1
endloop
endfacet
facet normal -0.00017308122793585469 -0.999999985021444 0
outer loop
vertex -89.61314392089844 -41.188777923583984 -4
vertex -92.9852523803711 -41.188194274902344 -1
vertex -92.9852523803711 -41.188194274902344 -14.503907203674316
endloop
endfacet
facet normal 0 0 1
outer loop
vertex 34.107460021972656 -41.52062225341797 0
vertex 36.92499923706055 -38.19996643066406 0
vertex 33.77649688720703 -41.19498062133789 0
endloop
endfacet
facet normal -0.8029405191496422 -0.5960591604091856 0
outer loop
vertex 33.408756256103516 -42.23074722290039 -14.885969161987305
vertex 33.64968490600586 -42.5552978515625 -14.8963041305542
vertex 33.408756256103516 -42.23074722290039 -1
endloop
endfacet
facet normal -0.877442751594621 -0.4796813709891807 0
outer loop
vertex 34.229896545410156 -43.96931076049805 -1
vertex 34.55541229248047 -44.56475067138672 -15.037738800048828
vertex 34.55541229248047 -44.56475067138672 -1
endloop
endfacet
facet normal 0.8141300062510982 -0.5806826438956021 0
outer loop
vertex 96.99995422363281 -39.15311813354492 -1
vertex 97.49983215332031 -38.45227813720703 -14.361961364746094
vertex 97.49983215332031 -38.45227813720703 -1
endloop
endfacet
facet normal 0 0 1
outer loop
vertex 32.593502044677734 -40.473655700683594 0
vertex 32.73515319824219 -40.53546142578125 0
vertex 36.92499923706055 -38.19996643066406 0
endloop
endfacet
facet normal -0.00025716614475490454 -0.9999999669307659 -0.000002010288536255976
outer loop
vertex 37.28078842163086 -46.1833381652832 -1
vertex 56.625 -46.18830490112305 -4.949999809265137
vertex 56.73918151855469 -46.18833541870117 -4.375974655151367
endloop
endfacet
facet normal -0.4580315458489602 0.8889359386408066 0
outer loop
vertex -94.81160736083984 45.76300811767578 -5.877835750579834
vertex -95.64688873291016 45.33262252807617 -5.843865871429443
vertex -94.81160736083984 45.76300811767578 -1
endloop
endfacet
facet normal 2.883210429946687e-13 -5.882011138415366e-13 1
outer loop
vertex 94.03755950927734 -37.80067825317383 0
vertex 93.57827758789062 -38.02580642700195 0
vertex 96.98860168457031 -37.236541748046875 -5.190218372273792e-13
endloop
endfacet
facet normal -0.9543525086415224 0.2986825894508868 0.000002923302646874632
outer loop
vertex -97.91912078857422 42.61143493652344 -1
vertex -98.17625427246094 41.78989028930664 -6.097940444946289
vertex -97.94888305664062 42.51633834838867 -1
endloop
endfacet
facet normal -0.8889348905884312 -0.4580335798765563 0
outer loop
vertex -97.45758819580078 -38.521854400634766 -14.366110801696777
vertex -97.45758819580078 -38.521854400634766 -1
vertex -97.76193237304688 -37.93119430541992 -1
endloop
endfacet
facet normal 0 0 1
outer loop
vertex 91.32099914550781 -42.574668884277344 0
vertex 93.86381530761719 -40.80548858642578 0
vertex 93.91265106201172 -40.735740661621094 0
endloop
endfacet
facet normal 0.9543457870649351 -0.29870406544171696 0
outer loop
vertex 97.91912078857422 -37.61137008666992 -14.340934753417969
vertex 97.97400665283203 -37.436012268066406 -14.36327075958252
vertex 97.91912078857422 -37.61137008666992 -1
endloop
endfacet
facet normal -0.00025607267977934516 -0.9999999671513642 -0.000011137915112752928
outer loop
vertex 80.45211791992188 -46.194427490234375 -1.6597564220428467
vertex 58.125 -46.188690185546875 -3.450000047683716
vertex 81.197265625 -46.194618225097656 -1.666679859161377
endloop
endfacet
facet normal 0.00006380796068431309 0.9999999959461108 -0.0000635320607766864
outer loop
vertex 80.5972671508789 46.18898391723633 -3.5
vertex -82.61314392089844 46.199398040771484 -3.5
vertex 80.39726257324219 46.18906021118164 -2.5
endloop
endfacet
facet normal 0 0 1
outer loop
vertex 37.625 -43.49996566772461 0
vertex 75.63532257080078 -44.69131088256836 0
vertex 75.5972671508789 -44.49996566772461 0
endloop
endfacet
facet normal 7.03803143114475e-21 1.9175886950118668e-21 1
outer loop
vertex 95.15084075927734 41.453311920166016 0
vertex 95.2853012084961 40.959808349609375 0
vertex 97.18309020996094 41.63160705566406 -1.464493224604445e-20
endloop
endfacet
facet normal -0.29870125898339767 -0.9543466654637262 0
outer loop
vertex -94.73640441894531 -40.79408645629883 -14.533890724182129
vertex -93.9671401977539 -41.03485870361328 -14.620792388916016
vertex -94.73640441894531 -40.79408645629883 -1
endloop
endfacet
facet normal 0.9992151362267183 0.039612012514144826 0
outer loop
vertex 98.32499694824219 40.4901237487793 -1
vertex 98.30718231201172 40.93949890136719 -6.186981678009033
vertex 98.30718231201172 40.93949890136719 -1
endloop
endfacet
facet normal 0 0 1
outer loop
vertex 91.32099914550781 -42.574668884277344 0
vertex 93.24705505371094 -43.121070861816406 0
vertex 93.3480453491211 -42.34668731689453 0
endloop
endfacet
facet normal 0 0 1
outer loop
vertex -77.72802734375 -38.19365310668945 0
vertex -77.65119934082031 -38.308624267578125 0
vertex 2.424919366836548 -38.308624267578125 0
endloop
endfacet
facet normal -0.156951190372378 -0.9876063607736366 -3.833157647852303e-7
outer loop
vertex 31.787675857543945 -41.273475646972656 -14.676080703735352
vertex 31.844228744506836 -41.28246307373047 -14.684154510498047
vertex 31.38567543029785 -41.2095947265625 -1
endloop
endfacet
facet normal -0.00039286292083938294 -0.9999999187753466 -0.00009004457552961508
outer loop
vertex 57.06433868408203 -46.188419342041016 -11.010660171508789
vertex 56.73918151855469 -46.18833541870117 -10.524024963378906
vertex 37.264122009277344 -46.180267333984375 -15.155678749084473
endloop
endfacet
facet normal -0.7776962302264249 -0.6286402576128955 0
outer loop
vertex 34.55541229248047 -44.56475067138672 -1
vertex 34.95969772338867 -45.06489562988281 -15.037320137023926
vertex 34.95969772338867 -45.06489562988281 -1
endloop
endfacet
facet normal -0.702406332841493 -0.7117761892506421 0
outer loop
vertex -96.27815246582031 -39.87491989135742 -14.465539932250977
vertex -96.94696807861328 -39.214908599853516 -1
vertex -96.94696807861328 -39.214908599853516 -14.46290111541748
endloop
endfacet
facet normal -0.000259850042406982 -0.999999966226339 0.000005027541893446425
outer loop
vertex 85.34757232666016 -46.195682525634766 -1.5595052242279053
vertex 81.99726867675781 -46.19482421875 -4
vertex 86.0972671508789 -46.19587707519531 -1.5080530643463135
endloop
endfacet
facet normal -0.0004076375583647939 -0.9999999165260284 -0.000027920553204997992
outer loop
vertex 56.73918151855469 -46.18833541870117 -10.524024963378906
vertex 56.625 -46.18830490112305 -9.949999809265137
vertex 37.264122009277344 -46.180267333984375 -15.155678749084473
endloop
endfacet
facet normal -0.00016874542745307417 -0.9999999857470276 0.0000055610374935162
outer loop
vertex 3.886859178543091 -41.204864501953125 -1.5071724653244019
vertex 7.986859321594238 -41.205570220947266 -4
vertex 4.6311821937561035 -41.20499038696289 -1.5582245588302612
endloop
endfacet
facet normal 0 0 1
outer loop
vertex -77.65119934082031 -38.308624267578125 0
vertex -77.61314392089844 -38.49996566772461 0
vertex 2.386859178543091 -38.49996566772461 0
endloop
endfacet
facet normal -0.999999988113335 0.00015418602385705246 0
outer loop
vertex -98.31322479248047 40.86028289794922 -6.0594682693481445
vertex -98.32499694824219 -35.49005889892578 -14.20170783996582
vertex -98.31322479248047 40.86028289794922 -1
endloop
endfacet
facet normal -0.00025737717470119035 -0.9999999668765572 -0.0000019683117671038605
outer loop
vertex 71.51081848144531 -46.1921272277832 -10.524024963378906
vertex 90.7538833618164 -46.19707107543945 -15.03458023071289
vertex 71.625 -46.19215774536133 -9.949999809265137
endloop
endfacet
facet normal 0 0 1
outer loop
vertex -89.61314392089844 -38.49996566772461 0
vertex -89.57508087158203 -38.308624267578125 0
vertex -92.8177261352539 -38.19282150268555 0
endloop
endfacet
facet normal 0.7117761892506421 -0.7024063328414929 0
outer loop
vertex 96.99995422363281 -39.15311813354492 -14.463225364685059
vertex 96.3399429321289 -39.82193374633789 -1
vertex 96.3399429321289 -39.82193374633789 -14.504255294799805
endloop
endfacet
facet normal 0.8050843496961371 0.5931603407800865 0
outer loop
vertex 96.94696807861328 44.21497344970703 -5.959778785705566
vertex 97.45758819580078 43.52191925048828 -1
vertex 97.45758819580078 43.52191925048828 -5.956493377685547
endloop
endfacet
facet normal 0 0 1
outer loop
vertex -89.61314392089844 -39.49996566772461 0
vertex -89.61314392089844 -38.49996566772461 0
vertex -92.8177261352539 -38.19282150268555 0
endloop
endfacet
facet normal 0.9992151362267184 0.039612012514144826 0
outer loop
vertex 98.32499694824219 40.4901237487793 -1
vertex 98.32499694824219 40.4901237487793 -6.216331958770752
vertex 98.30718231201172 40.93949890136719 -6.186981678009033
endloop
endfacet
facet normal 0.5806902302217641 0.8141245952094769 0
outer loop
vertex 95.57731628417969 45.3748664855957 -5.896152019500732
vertex 95.57731628417969 45.3748664855957 -1
vertex 95.68724822998047 45.29645538330078 -1
endloop
endfacet
facet normal 0 0 1
outer loop
vertex 2.6955173015594482 -39.96190643310547 0
vertex -77.92179870605469 -39.96190643310547 0
vertex 2.886859178543091 -39.99996566772461 0
endloop
endfacet
facet normal 0.000050340894124178345 0.999999996539961 -0.00006622591985190123
outer loop
vertex -84.61314392089844 46.199462890625 -3.5
vertex -92.6150894165039 46.20003128051758 -1
vertex -84.81314086914062 46.19953918457031 -2.5
endloop
endfacet
facet normal 0.29870012378295974 0.9543470207697221 0
outer loop
vertex 93.91485595703125 46.05128860473633 -5.866944313049316
vertex 93.91485595703125 46.05128860473633 -1
vertex 94.64131927490234 45.82391357421875 -1
endloop
endfacet
facet normal -0.4506075891121966 -0.8927221295758787 4.239570723632694e-8
outer loop
vertex 32.40740203857422 -41.486473083496094 -14.741886138916016
vertex 32.601070404052734 -41.584228515625 -14.795951843261719
vertex 32.28604507446289 -41.42521667480469 -1
endloop
endfacet
facet normal 0.351386046258263 -0.9362306588095545 1.165592377409826e-7
outer loop
vertex 91.61669921875 -46.063987731933594 -1
vertex 91.67585754394531 -46.041786193847656 -15.150443077087402
vertex 92.21879577636719 -45.838008880615234 -1
endloop
endfacet
facet normal 0.14577119768370084 0.9893183299250625 3.8009748100019354e-7
outer loop
vertex 93.91485595703125 46.05128860473633 -1
vertex 92.9852523803711 46.188262939453125 -5.718062877655029
vertex 93.44845581054688 46.12001037597656 -1
endloop
endfacet
facet normal 5.4388248445824796e-39 -1.1412834495998751e-39 1
outer loop
vertex -96.98860168457031 42.23660659790039 -1.1211929142909294e-40
vertex -97.31324005126953 40.786930084228516 -9.598894480624997e-43
vertex -96.64002227783203 42.93571472167969 -1.210101097956946e-39
endloop
endfacet
facet normal 0.14577498698111918 0.9893177715833545 0
outer loop
vertex 92.9852523803711 46.188262939453125 -5.718062877655029
vertex 92.9852523803711 46.188262939453125 -1
vertex 93.44845581054688 46.12001037597656 -1
endloop
endfacet
facet normal -0.00017203125010955403 -0.9999999852024771 -5.425706515538079e-7
outer loop
vertex -3.6984000205993652 -41.20355987548828 -1
vertex 2.386859178543091 -41.20460510253906 -4
vertex 3.886859178543091 -41.204864501953125 -1.5071724653244019
endloop
endfacet
facet normal 0.7793538041185999 -0.6265841108788726 0
outer loop
vertex 93.29415130615234 -45.06147766113281 -1
vertex 93.69711303710938 -44.56026840209961 -15.037036895751953
vertex 93.69711303710938 -44.56026840209961 -1
endloop
endfacet
facet normal 0.9556285988754953 -0.29457423684235784 0
outer loop
vertex 94.5262451171875 -41.7227783203125 -14.879792213439941
vertex 94.38947296142578 -42.166481018066406 -1
vertex 94.38947296142578 -42.166481018066406 -14.922693252563477
endloop
endfacet
facet normal -0.9543486514518331 0.29869490983287705 0.000048083230339007965
outer loop
vertex -98.11245727539062 41.99373245239258 -6.140333652496338
vertex -98.17625427246094 41.78989028930664 -6.097940444946289
vertex -97.91912078857422 42.61143493652344 -6.019134044647217
endloop
endfacet
facet normal 0 0 1
outer loop
vertex 34.845706939697266 -42.689720153808594 0
vertex 35.14794921875 -43.56391525268555 0
vertex 36.92499923706055 -38.19996643066406 0
endloop
endfacet
facet normal 0 0 1
outer loop
vertex 14.240412712097168 -39.853519439697266 0
vertex 14.078200340270996 -39.96190643310547 0
vertex 31.385848999023438 -40.20960998535156 0
endloop
endfacet
facet normal 0 0 1
outer loop
vertex -89.4666976928711 -39.853519439697266 0
vertex -89.57508087158203 -39.69131088256836 0
vertex -92.9118881225586 -40.188209533691406 0
endloop
endfacet
facet normal 2.7760680134332846e-14 -6.54721924639473e-14 1
outer loop
vertex 97.31324005126953 -35.786865234375 -4.445139545214633e-15
vertex 95.05487060546875 -36.676536560058594 0
vertex 97.19841003417969 -36.56621170043945 -5.228290199323256e-14
endloop
endfacet
facet normal 0 0 1
outer loop
vertex 36.92499923706055 -38.19996643066406 0
vertex 31.542409896850586 -40.22330856323242 0
vertex 32.00096130371094 -40.29617691040039 0
endloop
endfacet
facet normal 0 0 1
outer loop
vertex 91.32099914550781 -42.574668884277344 0
vertex 93.40425872802734 -41.997467041015625 0
vertex 93.43682098388672 -41.872833251953125 0
endloop
endfacet
facet normal 0 0 1
outer loop
vertex 34.20895004272461 -41.6367301940918 0
vertex 34.48845291137695 -42.00749969482422 0
vertex 36.92499923706055 -38.19996643066406 0
endloop
endfacet
facet normal 6.951956918486856e-20 -1.7458881727888522e-19 1
outer loop
vertex 97.18309020996094 41.63160705566406 -1.464493224604445e-20
vertex 95.2853012084961 40.959808349609375 0
vertex 97.31034088134766 40.8399772644043 -1.617010530781077e-19
endloop
endfacet
facet normal -0.6569719272269366 -0.753915039534114 0
outer loop
vertex 34.95969772338867 -45.06489562988281 -15.037320137023926
vertex 35.45219039916992 -45.49406051635742 -15.091988563537598
vertex 34.95969772338867 -45.06489562988281 -1
endloop
endfacet
facet normal 0 0 1
outer loop
vertex 32.00096130371094 -40.29617691040039 0
vertex 32.150909423828125 -40.33330154418945 0
vertex 36.92499923706055 -38.19996643066406 0
endloop
endfacet
facet normal -0.3074512240537994 -0.9515638416984015 0
outer loop
vertex 32.06486892700195 -41.35375213623047 -14.687474250793457
vertex 31.844228744506836 -41.28246307373047 -1
vertex 31.844228744506836 -41.28246307373047 -14.684154510498047
endloop
endfacet
facet normal 0 0 1
outer loop
vertex 90.625 -43.49996566772461 0
vertex 90.72203063964844 -45.19706344604492 0
vertex 90.83964538574219 -45.18953323364258 0
endloop
endfacet
facet normal -0.0001775324573987015 -0.9999999842411131 0
outer loop
vertex 31.149314880371094 -41.20955276489258 -14.630361557006836
vertex 31.38567543029785 -41.2095947265625 -14.651510238647461
vertex 31.38567543029785 -41.2095947265625 -1
endloop
endfacet
facet normal -9.123406409471836e-45 8.550853243806858e-49 1
outer loop
vertex -95.63252258300781 -39.107112884521484 -2.802596928649634e-45
vertex -95.32499694824219 -35.49996566772461 0
vertex -95.31785583496094 40.69275665283203 0
endloop
endfacet
facet normal -0.00017206828815092615 -0.9999999851962407 -1.4996688859694607e-7
outer loop
vertex -83.21314239501953 -41.189876556396484 -1.6671847105026245
vertex 31.149314880371094 -41.20955276489258 -14.630361557006836
vertex 2.386859178543091 -41.20460510253906 -5
endloop
endfacet
facet normal -0.45060845825765145 -0.8927216908682473 0
outer loop
vertex 32.28604507446289 -41.42521667480469 -1
vertex 32.70054244995117 -41.634437561035156 -14.816725730895996
vertex 32.70054244995117 -41.634437561035156 -1
endloop
endfacet
facet normal 1.9690313388422046e-29 5.29419662561039e-29 1
outer loop
vertex 92.91194152832031 45.18826675415039 -1.0204510921386603e-28
vertex 93.32215881347656 43.10820770263672 0
vertex 93.80156707763672 42.92990493774414 0
endloop
endfacet
facet normal 0.6549537416436801 -0.7556689697697184 0.00006658915760570691
outer loop
vertex 92.7813491821289 -45.50593948364258 -15.099233627319336
vertex 92.85752868652344 -45.43991470336914 -15.116860389709473
vertex 93.29415130615234 -45.06147766113281 -15.034092903137207
endloop
endfacet
facet normal -0.00017308122793585469 -0.999999985021444 0
outer loop
vertex -89.61314392089844 -41.188777923583984 -5
vertex -89.61314392089844 -41.188777923583984 -4
vertex -92.9852523803711 -41.188194274902344 -14.503907203674316
endloop
endfacet
facet normal -0.00025681093099624614 -0.9999999670240723 0
outer loop
vertex 81.197265625 -46.194618225097656 -1.666679859161377
vertex 75.5972671508789 -46.193180084228516 -4
vertex 81.197265625 -46.194618225097656 -4
endloop
endfacet
facet normal 0 0 1
outer loop
vertex 91.32099914550781 -42.574668884277344 0
vertex 93.5865478515625 -41.38075637817383 0
vertex 93.63079071044922 -41.28588104248047 0
endloop
endfacet
facet normal -0.44621624984759106 -0.8949251691465337 0
outer loop
vertex -95.57731628417969 -40.37480163574219 -1
vertex -94.73640441894531 -40.79408645629883 -14.533890724182129
vertex -94.73640441894531 -40.79408645629883 -1
endloop
endfacet
facet normal 2.8820984493792205e-32 -8.584027656405666e-32 1
outer loop
vertex -92.59530639648438 45.20003128051758 -1.091774835004358e-32
vertex -92.9649429321289 45.18537521362305 -1.5225403234613517e-33
vertex -95.1179428100586 44.480224609375 -1.2871144773176125e-36
endloop
endfacet
facet normal -0.0001720458565505714 -0.9999999852001115 0
outer loop
vertex 14.386858940124512 -41.206668853759766 -5
vertex 31.149314880371094 -41.20955276489258 -14.630361557006836
vertex 14.386858940124512 -41.206668853759766 -4
endloop
endfacet
facet normal -0.8029225108938055 -0.5960834182387683 8.787659288519894e-7
outer loop
vertex 33.64968490600586 -42.5552978515625 -14.8963041305542
vertex 33.68551254272461 -42.60355758666992 -14.909769058227539
vertex 33.408756256103516 -42.23074722290039 -1
endloop
endfacet
facet normal 0 0 1
outer loop
vertex 90.83964538574219 -45.18953323364258 0
vertex 91.34892272949219 -45.096378326416016 0
vertex 90.75092315673828 -43.18854904174805 0
endloop
endfacet
facet normal 0 0 1
outer loop
vertex -94.361572265625 -39.86356735229492 0
vertex -94.2387466430664 -37.66432189941406 0
vertex -94.61799621582031 -37.321109771728516 0
endloop
endfacet
facet normal 0 0 1
outer loop
vertex 90.75092315673828 -43.18854904174805 0
vertex 91.34892272949219 -45.096378326416016 0
vertex 91.78565979003906 -44.93246078491211 0
endloop
endfacet
facet normal -0.0002578188302337508 -0.9999999667629569 0.000001880460385520236
outer loop
vertex 71.51081848144531 -46.1921272277832 -4.375974655151367
vertex 71.625 -46.19215774536133 -4.949999809265137
vertex 75.5972671508789 -46.193180084228516 -4
endloop
endfacet
facet normal 0 0 1
outer loop
vertex -94.2387466430664 -37.66432189941406 0
vertex -93.69124603271484 -40.0733757019043 0
vertex -93.80156707763672 -37.929840087890625 0
endloop
endfacet
facet normal 0 0 1
outer loop
vertex 76.0972671508789 -44.99996566772461 0
vertex 37.37227249145508 -45.1833610534668 0
vertex 81.197265625 -45.194618225097656 0
endloop
endfacet
facet normal -0.0002572796850676729 -0.9999999669013679 0.0000021040247251030618
outer loop
vertex 70.69902801513672 -46.19192123413086 -3.564180612564087
vertex 71.18566131591797 -46.192047119140625 -3.8893399238586426
vertex 81.197265625 -46.194618225097656 -1.666679859161377
endloop
endfacet
facet normal 0 0 1
outer loop
vertex 37.37227249145508 -45.1833610534668 0
vertex 76.0972671508789 -44.99996566772461 0
vertex 75.90592193603516 -44.96190643310547 0
endloop
endfacet
facet normal -0.5931581147865191 0.8050859869511933 -0.00006691581014497632
outer loop
vertex -95.64688873291016 45.33262252807617 -5.843865871429443
vertex -96.21878814697266 44.911258697509766 -5.953512668609619
vertex -96.3399429321289 44.821998596191406 -5.925310134887695
endloop
endfacet
facet normal 0 0 1
outer loop
vertex 37.625 -43.19996643066406 0
vertex 37.40430450439453 -43.16426467895508 0
vertex 37.37227249145508 -45.1833610534668 0
endloop
endfacet
facet normal 0.8761680388721773 -0.4820057755451515 0
outer loop
vertex 93.69711303710938 -44.56026840209961 -15.037036895751953
vertex 93.77416229248047 -44.42021179199219 -15.06185531616211
vertex 93.69711303710938 -44.56026840209961 -1
endloop
endfacet
facet normal -5.2107250701621084e-37 4.715486321150735e-37 1
outer loop
vertex -95.1179428100586 44.480224609375 -1.2871144773176125e-36
vertex -94.78935241699219 42.11377716064453 0
vertex -94.4461441040039 42.4930305480957 0
endloop
endfacet
facet normal 0 0 1
outer loop
vertex 36.92499923706055 -38.19996643066406 0
vertex 14.275362014770508 -38.1987190246582 0
vertex 31.385848999023438 -40.20960998535156 0
endloop
endfacet
facet normal 1.59012848148309e-12 -2.291553416077558e-13 1
outer loop
vertex 93.08477783203125 -38.16027069091797 0
vertex 96.23214721679688 -38.50748825073242 -5.084288458995223e-12
vertex 96.64002227783203 -37.93564987182617 -5.601822391371192e-12
endloop
endfacet
facet normal 0.00006327881607268615 0.9999999979978957 0
outer loop
vertex 92.9852523803711 46.188262939453125 -1
vertex 82.7972640991211 46.188907623291016 -2.5
vertex 82.7972640991211 46.188907623291016 -1.100000023841858
endloop
endfacet
facet normal 0.9496295326475257 0.3133747767827555 0
outer loop
vertex 97.88797760009766 42.68663787841797 -6.053745269775391
vertex 98.15774536132812 41.8691520690918 -1
vertex 98.15774536132812 41.8691520690918 -6.06586217880249
endloop
endfacet
facet normal -0.0002569506973063612 -0.9999999669878737 -7.68495614478179e-7
outer loop
vertex 37.28078842163086 -46.1833381652832 -1
vertex 56.73918151855469 -46.18833541870117 -4.375974655151367
vertex 57.06433868408203 -46.188419342041016 -3.8893399238586426
endloop
endfacet
facet normal -0.00017329662283262044 -0.9999999849828458 -0.0000016089579786593309
outer loop
vertex -87.35968017578125 -41.18916320800781 -1.5604021549224854
vertex -84.01313781738281 -41.18973922729492 -4
vertex -86.67697143554688 -41.18928146362305 -1.5949000120162964
endloop
endfacet
facet normal 0 0 1
outer loop
vertex 93.08477783203125 -38.16027069091797 0
vertex 94.2293472290039 -40.281829833984375 0
vertex 94.27574157714844 -40.235435485839844 0
endloop
endfacet
facet normal 0.44622041039736815 0.8949230930731061 0.000053190869739261294
outer loop
vertex 95.46893310546875 45.42890930175781 -5.922053337097168
vertex 94.73640441894531 45.794151306152344 -5.814011573791504
vertex 95.57731628417969 45.3748664855957 -5.896152019500732
endloop
endfacet
facet normal 0.00007103146246826829 0.9999999974772658 0
outer loop
vertex -84.61314392089844 46.199462890625 -3.5
vertex -92.6150894165039 46.20003128051758 -5.850355625152588
vertex -92.6150894165039 46.20003128051758 -1
endloop
endfacet
facet normal -0.9992151229169848 -0.03961234825146281 0
outer loop
vertex -98.32499694824219 -35.49005889892578 -14.20170783996582
vertex -98.30718231201172 -35.939430236816406 -14.219494819641113
vertex -98.32499694824219 -35.49005889892578 -1
endloop
endfacet
facet normal -0.8141256785220347 0.5806887114197525 -8.391699354899524e-7
outer loop
vertex -96.99995422363281 44.15318298339844 -1
vertex -97.49983215332031 43.45234680175781 -6.005599021911621
vertex -97.42144012451172 43.562259674072266 -1
endloop
endfacet
facet normal 0 0 1
outer loop
vertex 2.5333056449890137 -39.853519439697266 0
vertex -77.75959014892578 -39.853519439697266 0
vertex 2.6955173015594482 -39.96190643310547 0
endloop
endfacet
facet normal 0.7222273277146457 -0.6916557576585058 0
outer loop
vertex 95.07565307617188 -40.84080123901367 -1
vertex 95.3165283203125 -40.58927917480469 -14.722947120666504
vertex 95.3165283203125 -40.58927917480469 -1
endloop
endfacet
facet normal -0.15870975359728362 0.9873252828288084 3.2083332529731893e-7
outer loop
vertex -93.06446838378906 46.182212829589844 -1
vertex -93.9941177368164 46.03277587890625 -5.800474166870117
vertex -93.65261840820312 46.087669372558594 -1
endloop
endfacet
facet normal 0.44621624984759106 0.8949251691465339 0
outer loop
vertex 95.57731628417969 45.3748664855957 -1
vertex 94.73640441894531 45.794151306152344 -5.814011573791504
vertex 94.73640441894531 45.794151306152344 -1
endloop
endfacet
facet normal -0.00025619706031082616 -0.9999999671815327 0
outer loop
vertex 87.5972671508789 -46.19626235961914 -4
vertex 90.7538833618164 -46.19707107543945 -15.03458023071289
vertex 90.7538833618164 -46.19707107543945 -1
endloop
endfacet
facet normal -0.0003324188738100045 -0.9999998640966988 -0.0004016270361283084
outer loop
vertex 57.55097579956055 -46.18854522705078 -11.335819244384766
vertex 37.264122009277344 -46.180267333984375 -15.155678749084473
vertex 58.125 -46.188690185546875 -11.449999809265137
endloop
endfacet
facet normal -0.7013487730421711 -0.712818278772536 0
outer loop
vertex 33.07779312133789 -41.90510940551758 -1
vertex 33.408756256103516 -42.23074722290039 -14.885969161987305
vertex 33.408756256103516 -42.23074722290039 -1
endloop
endfacet
facet normal 0 0 1
outer loop
vertex -93.32215881347656 -38.1081428527832 0
vertex -92.9118881225586 -40.188209533691406 0
vertex -92.8177261352539 -38.19282150268555 0
endloop
endfacet
facet normal 0.17992934943454572 -0.9836794961505368 -0.00027940130115844554
outer loop
vertex 90.96197509765625 -46.183746337890625 -1
vertex 91.63758850097656 -46.056148529052734 -15.146921157836914
vertex 91.61669921875 -46.063987731933594 -1
endloop
endfacet
facet normal 0.5998921568099082 -0.8000808710361451 0
outer loop
vertex 96.3399429321289 -39.82193374633789 -14.504255294799805
vertex 95.3165283203125 -40.58927917480469 -1
vertex 95.3165283203125 -40.58927917480469 -14.722947120666504
endloop
endfacet
facet normal -0.00025521258368996495 -0.9999999672869027 -0.000017109376019689745
outer loop
vertex 58.125 -46.188690185546875 -3.450000047683716
vertex 77.84807586669922 -46.193756103515625 -1.5597702264785767
vertex 77.0972671508789 -46.193565368652344 -1.5082794427871704
endloop
endfacet
facet normal 0 0 1
outer loop
vertex 14.348798751831055 -38.308624267578125 0
vertex 14.386858940124512 -38.49996566772461 0
vertex 31.385848999023438 -40.20960998535156 0
endloop
endfacet
facet normal -0.00017360645452281113 -0.9999999849303993 0
outer loop
vertex 7.239768981933594 -41.205440521240234 -1.6585651636123657
vertex 7.986859321594238 -41.205570220947266 -4
vertex 7.986859321594238 -41.205570220947266 -1.6655133962631226
endloop
endfacet
facet normal -2.6648512696244645e-37 5.068990758050407e-37 1
outer loop
vertex -97.31324005126953 40.786930084228516 -9.598894480624997e-43
vertex -94.78935241699219 42.11377716064453 0
vertex -95.1179428100586 44.480224609375 -1.2871144773176125e-36
endloop
endfacet
facet normal -0.9873257465210588 -0.15870686896487524 0
outer loop
vertex -98.30718231201172 -35.939430236816406 -1
vertex -98.15774536132812 -36.86908721923828 -14.246915817260742
vertex -98.15774536132812 -36.86908721923828 -1
endloop
endfacet
facet normal -1.8715365861043622e-37 6.868760676080147e-37 1
outer loop
vertex -95.1179428100586 44.480224609375 -1.2871144773176125e-36
vertex -93.57827758789062 43.02587127685547 0
vertex -93.08477783203125 43.160335540771484 0
endloop
endfacet
facet normal 0.5083338137412717 -0.8611601092754204 0
outer loop
vertex 92.21879577636719 -45.838008880615234 -1
vertex 92.7813491821289 -45.50593948364258 -15.099233627319336
vertex 92.7813491821289 -45.50593948364258 -1
endloop
endfacet
facet normal 0 0 1
outer loop
vertex 75.74371337890625 -44.853519439697266 0
vertex 37.37227249145508 -45.1833610534668 0
vertex 75.90592193603516 -44.96190643310547 0
endloop
endfacet
facet normal 0.8889386414027396 0.4580263003559962 -0.0000018028318555154528
outer loop
vertex 97.88797760009766 42.68663787841797 -1
vertex 97.45758819580078 43.52191925048828 -5.956493377685547
vertex 97.76193237304688 42.93126678466797 -1
endloop
endfacet
facet normal -5.132310791551707e-45 -3.2425457466973496e-46 1
outer loop
vertex -95.63252258300781 -39.107112884521484 -2.802596928649634e-45
vertex -95.06068420410156 -39.51498794555664 0
vertex -95.2853012084961 -35.95974349975586 0
endloop
endfacet
facet normal 0.9485798145197178 -0.31653804745360076 0
outer loop
vertex 94.01199340820312 -43.987918853759766 -1
vertex 94.22679901123047 -43.34420394897461 -14.85033893585205
vertex 94.22679901123047 -43.34420394897461 -1
endloop
endfacet
facet normal 0.06390212472841088 -0.9979561706083061 0
outer loop
vertex 90.7538833618164 -46.19707107543945 -1
vertex 90.96197509765625 -46.183746337890625 -15.044951438903809
vertex 90.96197509765625 -46.183746337890625 -1
endloop
endfacet
facet normal 0.00006316214665255558 0.9999999980052716 0
outer loop
vertex 92.9852523803711 46.188262939453125 -5.718062877655029
vertex 82.59725952148438 46.18891906738281 -3.5
vertex 92.9852523803711 46.188262939453125 -1
endloop
endfacet
facet normal 0 0 1
outer loop
vertex 14.386858940124512 -38.49996566772461 0
vertex 14.386858940124512 -39.49996566772461 0
vertex 31.385848999023438 -40.20960998535156 0
endloop
endfacet
facet normal -0.18120255941346353 -0.9834457953858007 3.1473274359691494e-11
outer loop
vertex 36.63835525512695 -46.06496810913086 -1
vertex 37.264122009277344 -46.180267333984375 -15.155678749084473
vertex 37.28078842163086 -46.1833381652832 -1
endloop
endfacet
facet normal -0.0002551255377616121 -0.9999999672677223 -0.000019378184336404346
outer loop
vertex 58.125 -46.188690185546875 -3.450000047683716
vertex 79.23358917236328 -46.19411087036133 -1.6260689496994019
vertex 78.54341888427734 -46.19393539428711 -1.5949000120162964
endloop
endfacet
facet normal -0.00025910145756023127 -0.9999999660784878 0.000026635650369595396
outer loop
vertex 79.23358917236328 -46.19411087036133 -1.6260689496994019
vertex 58.125 -46.188690185546875 -3.450000047683716
vertex 80.45211791992188 -46.194427490234375 -1.6597564220428467
endloop
endfacet
facet normal 0.7024063328414929 0.7117761892506421 0
outer loop
vertex 96.27815246582031 44.87498474121094 -5.870351791381836
vertex 96.94696807861328 44.21497344970703 -1
vertex 96.94696807861328 44.21497344970703 -5.959778785705566
endloop
endfacet
facet normal 0 0 1
outer loop
vertex -77.92179870605469 -39.96190643310547 0
vertex -83.21314239501953 -39.99996566772461 0
vertex -83.21314239501953 -40.189876556396484 0
endloop
endfacet
facet normal 0.0000633853080446781 0.9999999976523227 0.000026031852538944976
outer loop
vertex -84.6131362915039 46.19952392578125 -5.84465217590332
vertex -92.6150894165039 46.20003128051758 -5.850355625152588
vertex -84.61314392089844 46.199462890625 -3.5
endloop
endfacet
facet normal 0 0 1
outer loop
vertex 34.107460021972656 -41.52062225341797 0
vertex 34.174800872802734 -41.58795928955078 0
vertex 36.92499923706055 -38.19996643066406 0
endloop
endfacet
facet normal 0 0 1
outer loop
vertex 36.92499923706055 -38.19996643066406 0
vertex 31.385848999023438 -40.20960998535156 0
vertex 31.542409896850586 -40.22330856323242 0
endloop
endfacet
facet normal -0.00017202219600636606 -0.9999999851673868 -0.000008578490550290286
outer loop
vertex -79.86585998535156 -41.190452575683594 -1.5602247714996338
vertex -80.55157470703125 -41.19033432006836 -1.5949000120162964
vertex -3.6984000205993652 -41.20355987548828 -1
endloop
endfacet
facet normal 0 0 1
outer loop
vertex 91.32099914550781 -42.574668884277344 0
vertex 93.43682098388672 -41.872833251953125 0
vertex 93.57359313964844 -41.42912673950195 0
endloop
endfacet
facet normal -0.00017381963321870875 -0.999999983874941 -0.00004513150561691655
outer loop
vertex -82.4687728881836 -41.190006256103516 -1.6602345705032349
vertex -83.21314239501953 -41.189876556396484 -1.6671847105026245
vertex 2.386859178543091 -41.20460510253906 -5
endloop
endfacet
facet normal -0.00017213943010591085 -0.9999999851840079 -2.1567417361959275e-8
outer loop
vertex -87.35968017578125 -41.18916320800781 -1.5604021549224854
vertex -88.11314392089844 -41.18903350830078 -1.508723258972168
vertex -84.01313781738281 -41.18973922729492 -4
endloop
endfacet
facet normal 0 0 1
outer loop
vertex 87.28860473632812 -44.96190643310547 0
vertex 81.99726867675781 -44.99996566772461 0
vertex 90.72203063964844 -45.19706344604492 0
endloop
endfacet
facet normal 0 0 1
outer loop
vertex 34.20895004272461 -41.6367301940918 0
vertex 36.92499923706055 -38.19996643066406 0
vertex 34.174800872802734 -41.58795928955078 0
endloop
endfacet
facet normal 0 0 1
outer loop
vertex 87.5972671508789 -43.49996566772461 0
vertex 87.5972671508789 -44.49996566772461 0
vertex 90.625 -43.49996566772461 0
endloop
endfacet
facet normal 0.9893201214878546 -0.14575903820777855 0
outer loop
vertex 98.24497985839844 -36.323421478271484 -1
vertex 98.31322479248047 -35.8602180480957 -14.213922500610352
vertex 98.31322479248047 -35.8602180480957 -1
endloop
endfacet
facet normal -0.00017270546856021943 -0.9999999819110575 0.00007969131436788708
outer loop
vertex -80.55157470703125 -41.19033432006836 -1.5949000120162964
vertex -81.25088500976562 -41.190216064453125 -1.626510739326477
vertex -3.6984000205993652 -41.20355987548828 -1
endloop
endfacet
facet normal 0 0 1
outer loop
vertex -77.92179870605469 -39.96190643310547 0
vertex -83.21314239501953 -40.189876556396484 0
vertex 7.986859321594238 -40.205570220947266 0
endloop
endfacet
facet normal 0 0 1
outer loop
vertex -77.65119934082031 -39.69131088256836 0
vertex -77.75959014892578 -39.853519439697266 0
vertex 2.5333056449890137 -39.853519439697266 0
endloop
endfacet
facet normal -0.34890516025021395 -0.937158038513661 0
outer loop
vertex 36.63835525512695 -46.06496810913086 -15.045432090759277
vertex 36.03565979003906 -45.84058380126953 -1
vertex 36.03565979003906 -45.84058380126953 -15.019441604614258
endloop
endfacet
facet normal -0.00017208306007990932 -0.9999999851937101 0
outer loop
vertex -79.11314392089844 -41.190582275390625 -1
vertex -79.11314392089844 -41.190582275390625 -1.5085716247558594
vertex -3.6984000205993652 -41.20355987548828 -1
endloop
endfacet
facet normal -0.8774431169355776 -0.4796807026995958 0
outer loop
vertex 34.229896545410156 -43.96931076049805 -14.975418090820312
vertex 34.471832275390625 -44.411865234375 -15.06220817565918
vertex 34.229896545410156 -43.96931076049805 -1
endloop
endfacet
facet normal 0.9856011491279802 -0.16908688546899417 0
outer loop
vertex 94.33710479736328 -42.47173309326172 -1
vertex 94.38947296142578 -42.166481018066406 -14.922693252563477
vertex 94.38947296142578 -42.166481018066406 -1
endloop
endfacet
facet normal -0.450611415021925 -0.8927201984115394 0
outer loop
vertex 32.28604507446289 -41.42521667480469 -14.732778549194336
vertex 32.40740203857422 -41.486473083496094 -14.741886138916016
vertex 32.28604507446289 -41.42521667480469 -1
endloop
endfacet
facet normal 0 0 1
outer loop
vertex -89.57508087158203 -39.69131088256836 0
vertex -89.61314392089844 -39.49996566772461 0
vertex -92.9118881225586 -40.188209533691406 0
endloop
endfacet
facet normal -0.7024063328414929 -0.7117761892506421 0
outer loop
vertex -96.94696807861328 -39.214908599853516 -1
vertex -96.27815246582031 -39.87491989135742 -14.465539932250977
vertex -96.27815246582031 -39.87491989135742 -1
endloop
endfacet
facet normal -0.00017205844353530386 -0.9999999851912834 -0.0000036503223641912412
outer loop
vertex -79.11314392089844 -41.190582275390625 -1.5085716247558594
vertex -79.86585998535156 -41.190452575683594 -1.5602247714996338
vertex -3.6984000205993652 -41.20355987548828 -1
endloop
endfacet
facet normal -0.000256325191562855 -0.9999999671483996 -7.718930168445296e-7
outer loop
vertex 86.0972671508789 -46.19587707519531 -1.5080530643463135
vertex 81.99726867675781 -46.19482421875 -4
vertex 90.7538833618164 -46.19707107543945 -1
endloop
endfacet
facet normal 0 0 1
outer loop
vertex 36.92499923706055 -38.19996643066406 0
vertex 35.682498931884766 -44.36834716796875 0
vertex 36.040794372558594 -44.68056869506836 0
endloop
endfacet
facet normal 0.0000634258336862231 0.9999999977045637 0.00002383351641580896
outer loop
vertex -82.41313934326172 46.19938659667969 -1.100000023841858
vertex -92.6150894165039 46.20003128051758 -1
vertex 80.39726257324219 46.18906021118164 -1.100000023841858
endloop
endfacet
facet normal -0.00017203628914999272 -0.9999999852017575 0
outer loop
vertex -77.61314392089844 -41.19084167480469 -4
vertex -77.61314392089844 -41.19084167480469 -5
vertex 31.149314880371094 -41.20955276489258 -14.630361557006836
endloop
endfacet
facet normal 0 0 1
outer loop
vertex 93.24705505371094 -43.121070861816406 0
vertex 92.5711898803711 -44.3647575378418 0
vertex 92.86304473876953 -44.001739501953125 0
endloop
endfacet
facet normal 0 0 1
outer loop
vertex 33.6585693359375 -41.095645904541016 0
vertex 36.92499923706055 -38.19996643066406 0
vertex 33.28132247924805 -40.824974060058594 0
endloop
endfacet
facet normal 0.9543422611801422 -0.29871533024662883 -0.0000011048028038419993
outer loop
vertex 97.91912078857422 -37.61137008666992 -1
vertex 98.17625427246094 -36.789825439453125 -14.242334365844727
vertex 97.94888305664062 -37.51628494262695 -1
endloop
endfacet
facet normal -0.8853010925609424 -0.46501825287874654 0
outer loop
vertex 33.68551254272461 -42.60355758666992 -1
vertex 33.901424407958984 -43.014610290527344 -14.958909034729004
vertex 33.901424407958984 -43.014610290527344 -1
endloop
endfacet
facet normal 0 0 1
outer loop
vertex 2.424919366836548 -39.69131088256836 0
vertex -77.65119934082031 -39.69131088256836 0
vertex 2.5333056449890137 -39.853519439697266 0
endloop
endfacet
facet normal -1.2121473525875516e-25 -5.776405951531866e-25 1
outer loop
vertex 92.91194152832031 45.18826675415039 -1.0204510921386603e-28
vertex 95.06068420410156 44.515052795410156 -1.2851848231734226e-25
vertex 94.361572265625 44.86363220214844 -1.1907534889568427e-26
endloop
endfacet
facet normal 0 0 1
outer loop
vertex 2.424919366836548 -38.308624267578125 0
vertex -77.65119934082031 -38.308624267578125 0
vertex 2.386859178543091 -38.49996566772461 0
endloop
endfacet
facet normal 0 0 1
outer loop
vertex 14.348798751831055 -39.69131088256836 0
vertex 14.240412712097168 -39.853519439697266 0
vertex 31.385848999023438 -40.20960998535156 0
endloop
endfacet
facet normal -0.00017190983586713789 -0.999999985223504 0
outer loop
vertex 12.886858940124512 -41.20641326904297 -1.5070207118988037
vertex 31.149314880371094 -41.20955276489258 -14.630361557006836
vertex 12.886858940124512 -41.20641326904297 -1
endloop
endfacet
facet normal 0 0 1
outer loop
vertex 37.625 -43.49996566772461 0
vertex 37.37227249145508 -45.1833610534668 0
vertex 75.74371337890625 -44.853519439697266 0
endloop
endfacet
facet normal -0.0002568109309961925 -0.9999999670238636 6.459180947853876e-7
outer loop
vertex 87.5972671508789 -46.19626235961914 -4
vertex 90.7538833618164 -46.19707107543945 -1
vertex 81.99726867675781 -46.19482421875 -4
endloop
endfacet
facet normal 0 0 1
outer loop
vertex 34.78434371948242 -42.550838470458984 0
vertex 34.845706939697266 -42.689720153808594 0
vertex 36.92499923706055 -38.19996643066406 0
endloop
endfacet
facet normal 0.00006398014540959755 0.9999999958755528 -0.00006446266778114786
outer loop
vertex 80.39726257324219 46.18906021118164 -1.100000023841858
vertex -84.61314392089844 46.199462890625 -3.5
vertex -82.41313934326172 46.19938659667969 -2.5
endloop
endfacet
facet normal -0.00025619706031082616 -0.9999999671815326 0
outer loop
vertex 87.5972671508789 -46.19626235961914 -5
vertex 90.7538833618164 -46.19707107543945 -15.03458023071289
vertex 87.5972671508789 -46.19626235961914 -4
endloop
endfacet
facet normal -0.0002579358525923943 -0.9999999667151717 -0.000006225077902006736
outer loop
vertex 70.125 -46.1917724609375 -11.449999809265137
vertex 90.7538833618164 -46.19707107543945 -15.03458023071289
vertex 70.69902801513672 -46.19192123413086 -11.335819244384766
endloop
endfacet
facet normal -0.4462162498475911 -0.894925169146534 0
outer loop
vertex -95.57731628417969 -40.37480163574219 -14.555603981018066
vertex -94.73640441894531 -40.79408645629883 -14.533890724182129
vertex -95.57731628417969 -40.37480163574219 -1
endloop
endfacet
facet normal -0.00017197926584858734 -0.9999999852113586 6.440043411401082e-7
outer loop
vertex -89.61314392089844 -41.188777923583984 -5
vertex 31.149314880371094 -41.20955276489258 -14.630361557006836
vertex -77.61314392089844 -41.19084167480469 -5
endloop
endfacet
facet normal -0.999999988113335 0.00015418602385705246 0
outer loop
vertex -98.32499694824219 -35.49005889892578 -14.20170783996582
vertex -98.32499694824219 -35.49005889892578 -1
vertex -98.31322479248047 40.86028289794922 -1
endloop
endfacet
facet normal 0 0 1
outer loop
vertex 91.26195526123047 -42.7902946472168 0
vertex 91.13793182373047 -42.9763069152832 0
vertex 93.24705505371094 -43.121070861816406 0
endloop
endfacet
facet normal -0.00017340209346325202 -0.9999999849637152 -0.0000020696225254619577
outer loop
vertex 10.754877090454102 -41.2060432434082 -1.6247164011001587
vertex 31.149314880371094 -41.20955276489258 -14.630361557006836
vertex 11.414495468139648 -41.20615768432617 -1.5949000120162964
endloop
endfacet
facet normal 0.9893173349214238 -0.14577795040235858 -6.773433432494357e-7
outer loop
vertex 98.17625427246094 -36.789825439453125 -1
vertex 98.31322479248047 -35.8602180480957 -14.213922500610352
vertex 98.24497985839844 -36.323421478271484 -1
endloop
endfacet
facet normal -0.0002554634905926703 -0.9999999673507387 -0.000006076723143745599
outer loop
vertex 71.18566131591797 -46.192047119140625 -3.8893399238586426
vertex 71.51081848144531 -46.1921272277832 -4.375974655151367
vertex 81.197265625 -46.194618225097656 -1.666679859161377
endloop
endfacet
facet normal 0 0 1
outer loop
vertex -92.8177261352539 -38.19282150268555 0
vertex -92.9118881225586 -40.188209533691406 0
vertex -89.61314392089844 -39.49996566772461 0
endloop
endfacet
facet normal -0.0002571982702717895 -0.9999999669220471 -0.000002225871717544359
outer loop
vertex 70.69902801513672 -46.19192123413086 -11.335819244384766
vertex 90.7538833618164 -46.19707107543945 -15.03458023071289
vertex 71.18566131591797 -46.192047119140625 -11.010660171508789
endloop
endfacet
facet normal 5.381857393288689e-44 1.2579220136287293e-44 1
outer loop
vertex -97.32499694824219 -35.47031784057617 0
vertex -96.60519409179688 -37.99291229248047 -7.006492321624085e-45
vertex -97.31324005126953 40.786930084228516 -9.598894480624997e-43
endloop
endfacet
facet normal -0.000255630120936294 -0.9999999673264326 -6.12453315454905e-7
outer loop
vertex 83.96138000488281 -46.19532775878906 -1.6259312629699707
vertex 81.99726867675781 -46.19482421875 -4
vertex 84.64775085449219 -46.19550323486328 -1.5949000120162964
endloop
endfacet
facet normal -0.00017234256593148356 -0.9999999851489568 -3.552437144585602e-7
outer loop
vertex 2.386859178543091 -41.20460510253906 -4
vertex 7.986859321594238 -41.205570220947266 -4
vertex 3.886859178543091 -41.204864501953125 -1.5071724653244019
endloop
endfacet
facet normal -0.0002554876449888384 -0.9999999673444696 0.0000060928565384459995
outer loop
vertex 71.18566131591797 -46.192047119140625 -11.010660171508789
vertex 90.7538833618164 -46.19707107543945 -15.03458023071289
vertex 71.51081848144531 -46.1921272277832 -10.524024963378906
endloop
endfacet
facet normal 0 0 1
outer loop
vertex -95.06068420410156 -39.51498794555664 0
vertex -94.361572265625 -39.86356735229492 0
vertex -94.92571258544922 -36.91252899169922 0
endloop
endfacet
facet normal 0 0 1
outer loop
vertex 90.75092315673828 -43.18854904174805 0
vertex 91.78565979003906 -44.93246078491211 0
vertex 92.19491577148438 -44.69087600708008 0
endloop
endfacet
facet normal 0 0 1
outer loop
vertex 2.886859178543091 -39.99996566772461 0
vertex -77.92179870605469 -39.96190643310547 0
vertex 7.986859321594238 -40.205570220947266 0
endloop
endfacet
facet normal 1.1304973642920768e-44 4.482924307296293e-46 1
outer loop
vertex -97.31034088134766 -35.83991241455078 0
vertex -96.60519409179688 -37.99291229248047 -7.006492321624085e-45
vertex -97.32499694824219 -35.47031784057617 0
endloop
endfacet
facet normal 0.8203039059175486 -0.5719278817616898 0
outer loop
vertex 94.72984313964844 -41.30548858642578 -1
vertex 94.99539184570312 -40.924617767333984 -14.75529956817627
vertex 94.99539184570312 -40.924617767333984 -1
endloop
endfacet
facet normal 0.35138870901403857 -0.9362296594198708 0
outer loop
vertex 91.67585754394531 -46.041786193847656 -15.150443077087402
vertex 92.21879577636719 -45.838008880615234 -15.08211612701416
vertex 92.21879577636719 -45.838008880615234 -1
endloop
endfacet
facet normal -0.8949235479740641 0.4462195012339924 0
outer loop
vertex -97.49983215332031 43.45234680175781 -6.005599021911621
vertex -97.91912078857422 42.61143493652344 -6.019134044647217
vertex -97.49983215332031 43.45234680175781 -1
endloop
endfacet
facet normal 0.9856011491279805 -0.1690868854689942 0
outer loop
vertex 94.38947296142578 -42.166481018066406 -14.922693252563477
vertex 94.33710479736328 -42.47173309326172 -1
vertex 94.33710479736328 -42.47173309326172 -14.913424491882324
endloop
endfacet
facet normal 0.7222654316483091 -0.6916159673154578 4.3056848963527486e-7
outer loop
vertex 94.99539184570312 -40.924617767333984 -1
vertex 95.10086059570312 -40.814483642578125 -14.73304557800293
vertex 95.13314056396484 -40.7807731628418 -14.731091499328613
endloop
endfacet
facet normal -0.9496295326475258 -0.31337477678275555 0
outer loop
vertex -98.15774536132812 -36.86908721923828 -14.246915817260742
vertex -97.88797760009766 -37.68657302856445 -14.346525192260742
vertex -98.15774536132812 -36.86908721923828 -1
endloop
endfacet
facet normal 0 0 1
outer loop
vertex 90.96159362792969 -43.11372756958008 0
vertex 90.75092315673828 -43.18854904174805 0
vertex 93.24705505371094 -43.121070861816406 0
endloop
endfacet
facet normal -0.2987110763559618 -0.9543435926654574 -8.062684370858013e-7
outer loop
vertex -94.73640441894531 -40.79408645629883 -1
vertex -93.9330062866211 -41.04553985595703 -14.618331909179688
vertex -94.64134216308594 -40.8238410949707 -1
endloop
endfacet
facet normal 0 0 1
outer loop
vertex 36.468910217285156 -44.9348258972168 0
vertex 36.90542984008789 -45.09734344482422 0
vertex 37.206119537353516 -43.06080627441406 0
endloop
endfacet
facet normal -0.00017403195654246703 -0.9999999848535025 -0.0000024233967653433956
outer loop
vertex -84.01313781738281 -41.18973922729492 -4
vertex -85.97510528564453 -41.18940353393555 -1.6266028881072998
vertex -86.67697143554688 -41.18928146362305 -1.5949000120162964
endloop
endfacet
facet normal 0.14577491375494703 0.9893177823730869 -3.679793845844537e-7
outer loop
vertex 93.86992645263672 46.05790710449219 -5.878335952758789
vertex 92.9852523803711 46.188262939453125 -5.718062877655029
vertex 93.91485595703125 46.05128860473633 -1
endloop
endfacet
facet normal -0.8141320618356551 0.5806797587728825 0.000060354719361187383
outer loop
vertex -96.99995422363281 44.15318298339844 -5.918370246887207
vertex -97.38839721679688 43.608585357666016 -6.0356268882751465
vertex -97.49983215332031 43.45234680175781 -6.005599021911621
endloop
endfacet
facet normal 0.8889342856733078 0.45803475387189346 0
outer loop
vertex 97.45758819580078 43.52191925048828 -5.956493377685547
vertex 97.88797760009766 42.68663787841797 -1
vertex 97.88797760009766 42.68663787841797 -6.053745269775391
endloop
endfacet
facet normal -0.3133702307731855 0.9496310320515209 -0.00003781433198213369
outer loop
vertex -93.9941177368164 46.03277587890625 -5.800474166870117
vertex -94.7258529663086 45.79130554199219 -5.897990703582764
vertex -94.81160736083984 45.76300811767578 -5.877835750579834
endloop
endfacet
facet normal 0.9873256444760287 0.15870750379233717 0
outer loop
vertex 98.15774536132812 41.8691520690918 -6.06586217880249
vertex 98.30718231201172 40.93949890136719 -1
vertex 98.30718231201172 40.93949890136719 -6.186981678009033
endloop
endfacet
facet normal 0.00006380796078912088 0.9999999975886611 0.000027408431541183358
outer loop
vertex 80.59727478027344 46.18904495239258 -5.726892948150635
vertex -82.61314392089844 46.199398040771484 -3.5
vertex 80.5972671508789 46.18898391723633 -3.5
endloop
endfacet
facet normal 2.21020036015479e-15 -3.710243023331067e-16 1
outer loop
vertex 95.31785583496094 -35.692691802978516 0
vertex 95.2331771850586 -36.19712448120117 0
vertex 97.31324005126953 -35.786865234375 -4.445139545214633e-15
endloop
endfacet
facet normal 0.00003242505016805844 0.9999999913182757 0.0001277186937585374
outer loop
vertex 82.59725952148438 46.18891906738281 -3.5
vertex 80.5972671508789 46.18898391723633 -3.5
vertex 92.9852523803711 46.188262939453125 -1
endloop
endfacet
facet normal 0.351368890042673 -0.9362370977002452 3.4732382455347805e-8
outer loop
vertex 91.63758850097656 -46.056148529052734 -15.146921157836914
vertex 91.67585754394531 -46.041786193847656 -15.150443077087402
vertex 91.61669921875 -46.063987731933594 -1
endloop
endfacet
facet normal 0 0 1
outer loop
vertex 93.08477783203125 -38.16027069091797 0
vertex 94.27574157714844 -40.235435485839844 0
vertex 94.59687805175781 -39.90010070800781 0
endloop
endfacet
facet normal 0.7222280400214173 -0.6916550138665207 -3.5358507696439043e-7
outer loop
vertex 94.99539184570312 -40.924617767333984 -1
vertex 95.13314056396484 -40.7807731628418 -14.731091499328613
vertex 95.3165283203125 -40.58927917480469 -14.722947120666504
endloop
endfacet
facet normal -0.5807110815394589 -0.8141097221959327 -0.0000018257372114823306
outer loop
vertex -95.66932678222656 -40.30916976928711 -14.569150924682617
vertex -95.57731628417969 -40.37480163574219 -14.555603981018066
vertex -96.27815246582031 -39.87491989135742 -1
endloop
endfacet
facet normal -0.9893202945853924 0.1457578633263827 0
outer loop
vertex -98.31322479248047 40.86028289794922 -6.0594682693481445
vertex -98.31322479248047 40.86028289794922 -1
vertex -98.24497985839844 41.323490142822266 -1
endloop
endfacet
facet normal 0.8889374378550561 0.45802863136789695 0.00006653525216312481
outer loop
vertex 97.88797760009766 42.68663787841797 -6.053745269775391
vertex 97.79441833496094 42.868221282958984 -6.084778785705566
vertex 97.45758819580078 43.52191925048828 -5.956493377685547
endloop
endfacet
facet normal 0 0 1
outer loop
vertex -95.06068420410156 -39.51498794555664 0
vertex -94.92571258544922 -36.91252899169922 0
vertex -95.15084075927734 -36.4532470703125 0
endloop
endfacet
facet normal -0.8949235479740641 0.4462195012339924 0
outer loop
vertex -97.49983215332031 43.45234680175781 -1
vertex -97.91912078857422 42.61143493652344 -6.019134044647217
vertex -97.91912078857422 42.61143493652344 -1
endloop
endfacet
facet normal -4.809670955124085e-43 1.861428543617603e-45 1
outer loop
vertex -97.31324005126953 40.786930084228516 -9.598894480624997e-43
vertex -95.63252258300781 -39.107112884521484 -2.802596928649634e-45
vertex -95.31785583496094 40.69275665283203 0
endloop
endfacet
facet normal -0.0002568562740790124 -0.9999999670124052 -2.0737140528677176e-7
outer loop
vertex 75.5972671508789 -46.193180084228516 -5
vertex 90.7538833618164 -46.19707107543945 -15.03458023071289
vertex 87.5972671508789 -46.19626235961914 -5
endloop
endfacet
facet normal 0.580687675935691 0.8141264170977416 0
outer loop
vertex 96.27815246582031 44.87498474121094 -5.870351791381836
vertex 95.57731628417969 45.3748664855957 -5.896152019500732
vertex 96.27815246582031 44.87498474121094 -1
endloop
endfacet
facet normal -0.5931632129843297 0.8050822335402185 0
outer loop
vertex -95.64688873291016 45.33262252807617 -1
vertex -96.3399429321289 44.821998596191406 -5.925310134887695
vertex -96.3399429321289 44.821998596191406 -1
endloop
endfacet
facet normal 0 0 1
outer loop
vertex 36.92499923706055 -38.19996643066406 0
vertex 34.551536560058594 -42.10355758666992 0
vertex 34.56842803955078 -42.13978576660156 0
endloop
endfacet
facet normal -0.3133734580688378 0.9496299678179805 0
outer loop
vertex -93.9941177368164 46.03277587890625 -1
vertex -94.81160736083984 45.76300811767578 -5.877835750579834
vertex -94.81160736083984 45.76300811767578 -1
endloop
endfacet
facet normal 0.702406332841493 0.7117761892506421 0
outer loop
vertex 96.94696807861328 44.21497344970703 -1
vertex 96.27815246582031 44.87498474121094 -5.870351791381836
vertex 96.27815246582031 44.87498474121094 -1
endloop
endfacet
facet normal -0.03962014562678741 0.9992148137715288 2.0296212096770047e-7
outer loop
vertex -92.6150894165039 46.20003128051758 -1
vertex -93.03668975830078 46.18331527709961 -5.87133264541626
vertex -93.06446838378906 46.182212829589844 -1
endloop
endfacet
facet normal -0.5829583437207041 -0.8125020427583018 0
outer loop
vertex 32.70054244995117 -41.634437561035156 -1
vertex 33.07779312133789 -41.90510940551758 -14.878726959228516
vertex 33.07779312133789 -41.90510940551758 -1
endloop
endfacet
facet normal 0.44621624984759106 0.8949251691465337 0
outer loop
vertex 95.57731628417969 45.3748664855957 -5.896152019500732
vertex 94.73640441894531 45.794151306152344 -5.814011573791504
vertex 95.57731628417969 45.3748664855957 -1
endloop
endfacet
facet normal -0.5106349911847815 -0.859797595819922 0
outer loop
vertex 35.45219039916992 -45.49406051635742 -15.091988563537598
vertex 36.03565979003906 -45.84058380126953 -15.019441604614258
vertex 35.45219039916992 -45.49406051635742 -1
endloop
endfacet
facet normal 0 0 1
outer loop
vertex 91.32099914550781 -42.574668884277344 0
vertex 93.63079071044922 -41.28588104248047 0
vertex 93.83110809326172 -40.86699295043945 0
endloop
endfacet
facet normal 0.8141300062510983 -0.5806826438956022 0
outer loop
vertex 97.49983215332031 -38.45227813720703 -14.361961364746094
vertex 96.99995422363281 -39.15311813354492 -1
vertex 96.99995422363281 -39.15311813354492 -14.463225364685059
endloop
endfacet
facet normal 5.969301934330805e-24 3.55205104000413e-24 1
outer loop
vertex 92.91194152832031 45.18826675415039 -1.0204510921386603e-28
vertex 94.61799621582031 42.32117462158203 0
vertex 96.18855285644531 43.55846405029297 -1.3770041994897704e-23
endloop
endfacet
facet normal -0.15693767010243248 -0.9876085093309086 2.414059872948391e-8
outer loop
vertex 31.575103759765625 -41.23969650268555 -14.651982307434082
vertex 31.787675857543945 -41.273475646972656 -14.676080703735352
vertex 31.38567543029785 -41.2095947265625 -1
endloop
endfacet
facet normal -0.00025736910295724144 -0.9999999668805718 0
outer loop
vertex 75.5972671508789 -46.193180084228516 -4
vertex 71.625 -46.19215774536133 -4.949999809265137
vertex 75.5972671508789 -46.193180084228516 -5
endloop
endfacet
facet normal -0.9455970881778508 -0.3253400479952779 0
outer loop
vertex 33.901424407958984 -43.014610290527344 -14.958909034729004
vertex 34.229896545410156 -43.96931076049805 -14.975418090820312
vertex 33.901424407958984 -43.014610290527344 -1
endloop
endfacet
facet normal -4.77273656369337e-43 8.011948987466568e-44 1
outer loop
vertex -97.31324005126953 40.786930084228516 -9.598894480624997e-43
vertex -95.31785583496094 40.69275665283203 0
vertex -95.2331771850586 41.19718933105469 0
endloop
endfacet
facet normal -8.007482131830777e-20 -2.7026021043699674e-18 1
outer loop
vertex 95.2853012084961 40.959808349609375 0
vertex 97.32499694824219 40.47038269042969 -1.1593945445277998e-18
vertex 97.31034088134766 40.8399772644043 -1.617010530781077e-19
endloop
endfacet
facet normal -0.5829583437207041 -0.8125020427583018 0
outer loop
vertex 32.70054244995117 -41.634437561035156 -14.816725730895996
vertex 33.07779312133789 -41.90510940551758 -14.878726959228516
vertex 32.70054244995117 -41.634437561035156 -1
endloop
endfacet
facet normal 0.00006307346726262231 0.9999999980108689 0
outer loop
vertex -92.6150894165039 46.20003128051758 -1
vertex -84.81314086914062 46.19953918457031 -1.100000023841858
vertex -84.81314086914062 46.19953918457031 -2.5
endloop
endfacet
facet normal -0.888932825048264 -0.4580375885794333 2.2418009174437782e-7
outer loop
vertex -97.88797760009766 -37.68657302856445 -1
vertex -97.45758819580078 -38.521854400634766 -14.366110801696777
vertex -97.76193237304688 -37.93119430541992 -1
endloop
endfacet
facet normal -0.00025750238278681153 -0.999999966823257 0.000006782895252700562
outer loop
vertex 77.84807586669922 -46.193756103515625 -1.5597702264785767
vertex 58.125 -46.188690185546875 -3.450000047683716
vertex 78.54341888427734 -46.19393539428711 -1.5949000120162964
endloop
endfacet
facet normal -0.5931632129843296 0.8050822335402184 0
outer loop
vertex -95.64688873291016 45.33262252807617 -5.843865871429443
vertex -96.3399429321289 44.821998596191406 -5.925310134887695
vertex -95.64688873291016 45.33262252807617 -1
endloop
endfacet
facet normal -0.0001718693801201772 -0.9999999852302881 5.826138876504272e-7
outer loop
vertex 9.534019470214844 -41.205833435058594 -1.6585224866867065
vertex 14.386858940124512 -41.206668853759766 -4
vertex 10.754877090454102 -41.2060432434082 -1.6247164011001587
endloop
endfacet
facet normal -0.0001728437556281965 -0.999999985062486 -2.5277898116296763e-7
outer loop
vertex 5.356987476348877 -41.205116271972656 -1.5949000120162964
vertex 7.986859321594238 -41.205570220947266 -4
vertex 6.019137382507324 -41.205230712890625 -1.6248087882995605
endloop
endfacet
facet normal -0.9496295326475257 -0.3133747767827555 0
outer loop
vertex -98.15774536132812 -36.86908721923828 -1
vertex -97.88797760009766 -37.68657302856445 -14.346525192260742
vertex -97.88797760009766 -37.68657302856445 -1
endloop
endfacet
facet normal -5.587156424202717e-43 3.3933530165022374e-43 1
outer loop
vertex -97.31324005126953 40.786930084228516 -9.598894480624997e-43
vertex -95.05487060546875 41.67660140991211 0
vertex -94.78935241699219 42.11377716064453 0
endloop
endfacet
facet normal 0 0 1
outer loop
vertex 14.275362014770508 -38.1987190246582 0
vertex 14.348798751831055 -38.308624267578125 0
vertex 31.385848999023438 -40.20960998535156 0
endloop
endfacet
facet normal 0.00006341821845237 0.9999999979890647 0
outer loop
vertex -82.61314392089844 46.199398040771484 -3.5
vertex 80.39726257324219 46.18906021118164 -1.100000023841858
vertex 80.39726257324219 46.18906021118164 -2.5
endloop
endfacet
facet normal -0.3074602341593868 -0.9515609304771971 -1.604042887146898e-7
outer loop
vertex 32.28604507446289 -41.42521667480469 -14.732778549194336
vertex 31.844228744506836 -41.28246307373047 -1
vertex 32.06486892700195 -41.35375213623047 -14.687474250793457
endloop
endfacet
facet normal -3.888070100445844e-37 5.162628306186741e-37 1
outer loop
vertex -95.1179428100586 44.480224609375 -1.2871144773176125e-36
vertex -94.4461441040039 42.4930305480957 0
vertex -94.03755950927734 42.800743103027344 0
endloop
endfacet
facet normal -0.00017225260746307476 -0.9999999851645195 0
outer loop
vertex -92.9852523803711 -41.188194274902344 -1
vertex -88.11314392089844 -41.18903350830078 -1.508723258972168
vertex -88.11314392089844 -41.18903350830078 -1
endloop
endfacet
facet normal -0.00017349034493265361 -0.9999999849500895 -9.597961807582419e-7
outer loop
vertex 4.6311821937561035 -41.20499038696289 -1.5582245588302612
vertex 7.986859321594238 -41.205570220947266 -4
vertex 5.356987476348877 -41.205116271972656 -1.5949000120162964
endloop
endfacet
facet normal 0.8889324816611963 0.4580382550046085 0
outer loop
vertex 97.76193237304688 42.93126678466797 -1
vertex 97.45758819580078 43.52191925048828 -5.956493377685547
vertex 97.45758819580078 43.52191925048828 -1
endloop
endfacet
facet normal -0.000171661391964066 -0.9999999852656694 0.0000010136806636793952
outer loop
vertex 8.786859512329102 -41.20570755004883 -4
vertex 14.386858940124512 -41.206668853759766 -4
vertex 9.534019470214844 -41.205833435058594 -1.6585224866867065
endloop
endfacet
facet normal 0.6549585733040497 -0.7556647849777862 0
outer loop
vertex 92.7813491821289 -45.50593948364258 -1
vertex 93.29415130615234 -45.06147766113281 -15.034092903137207
vertex 93.29415130615234 -45.06147766113281 -1
endloop
endfacet
facet normal -0.00017176376570943554 -0.9999999852486043 0
outer loop
vertex 2.386859178543091 -41.20460510253906 -5
vertex 2.386859178543091 -41.20460510253906 -4
vertex -3.6984000205993652 -41.20355987548828 -1
endloop
endfacet
facet normal -4.98003286112416e-43 1.8522116251813446e-43 1
outer loop
vertex -97.31324005126953 40.786930084228516 -9.598894480624997e-43
vertex -95.2331771850586 41.19718933105469 0
vertex -95.05487060546875 41.67660140991211 0
endloop
endfacet
facet normal 0 0 1
outer loop
vertex 75.63532257080078 -44.69131088256836 0
vertex 37.625 -43.49996566772461 0
vertex 75.74371337890625 -44.853519439697266 0
endloop
endfacet
facet normal 0 0 1
outer loop
vertex 35.38968276977539 -44.006103515625 0
vertex 35.682498931884766 -44.36834716796875 0
vertex 36.92499923706055 -38.19996643066406 0
endloop
endfacet
facet normal 0.00006340689314394622 0.9999999979046515 -0.000013048474501075355
outer loop
vertex -92.6150894165039 46.20003128051758 -1
vertex 92.9852523803711 46.188262939453125 -1
vertex 82.7972640991211 46.188907623291016 -1.100000023841858
endloop
endfacet
facet normal -0.7013477152301124 -0.712819319562469 0
outer loop
vertex 33.07779312133789 -41.90510940551758 -14.878726959228516
vertex 33.30842971801758 -42.13203430175781 -14.887811660766602
vertex 33.07779312133789 -41.90510940551758 -1
endloop
endfacet
facet normal 0.9873256444760287 0.15870750379233717 0
outer loop
vertex 98.30718231201172 40.93949890136719 -1
vertex 98.15774536132812 41.8691520690918 -6.06586217880249
vertex 98.15774536132812 41.8691520690918 -1
endloop
endfacet
facet normal 2.754037434087781e-33 -6.251414979813452e-33 1
outer loop
vertex -92.9649429321289 45.18537521362305 -1.5225403234613517e-33
vertex -93.7565689086914 45.05812072753906 -1.3789335076581285e-34
vertex -95.1179428100586 44.480224609375 -1.2871144773176125e-36
endloop
endfacet
facet normal 8.279455042123905e-40 -1.087301013266731e-40 1
outer loop
vertex -97.19841003417969 41.56627655029297 -1.1294465622458026e-41
vertex -97.31324005126953 40.786930084228516 -9.598894480624997e-43
vertex -96.98860168457031 42.23660659790039 -1.1211929142909294e-40
endloop
endfacet
facet normal 0 0 1
outer loop
vertex -89.4666976928711 -39.853519439697266 0
vertex -92.9118881225586 -40.188209533691406 0
vertex -89.30448150634766 -39.96190643310547 0
endloop
endfacet
facet normal 0 0 1
outer loop
vertex -77.61314392089844 -39.49996566772461 0
vertex -77.65119934082031 -39.69131088256836 0
vertex 2.424919366836548 -39.69131088256836 0
endloop
endfacet
facet normal -0.0002568585509860274 -0.9999999670115106 -8.138348205937647e-7
outer loop
vertex 37.28078842163086 -46.1833381652832 -1
vertex 58.125 -46.188690185546875 -3.450000047683716
vertex 77.0972671508789 -46.193565368652344 -1
endloop
endfacet
facet normal -0.00017186974423505878 -0.9999999852302418 5.541386407576795e-7
outer loop
vertex 6.019137382507324 -41.205230712890625 -1.6248087882995605
vertex 7.986859321594238 -41.205570220947266 -4
vertex 7.239768981933594 -41.205440521240234 -1.6585651636123657
endloop
endfacet
facet normal 0.9999999881133349 -0.00015418602385705243 0
outer loop
vertex 98.31322479248047 -35.8602180480957 -1
vertex 98.32499694824219 40.4901237487793 -6.216331958770752
vertex 98.32499694824219 40.4901237487793 -1
endloop
endfacet
facet normal -0.0001684846820955055 -0.9999999858064559 0
outer loop
vertex 8.786859512329102 -41.20570755004883 -1.6654987335205078
vertex 8.786859512329102 -41.20570755004883 -4
vertex 9.534019470214844 -41.205833435058594 -1.6585224866867065
endloop
endfacet
facet normal -0.4506065125996002 -0.8927226729521442 7.324040722969556e-8
outer loop
vertex 32.601070404052734 -41.584228515625 -14.795951843261719
vertex 32.70054244995117 -41.634437561035156 -14.816725730895996
vertex 32.28604507446289 -41.42521667480469 -1
endloop
endfacet
facet normal 0.00006342583370423718 0.9999999979885819 0
outer loop
vertex -82.41313934326172 46.19938659667969 -2.5
vertex -82.41313934326172 46.19938659667969 -1.100000023841858
vertex 80.39726257324219 46.18906021118164 -1.100000023841858
endloop
endfacet
facet normal -0.2986396018981945 -0.9543659613395011 0.000003823309211170064
outer loop
vertex -93.9671401977539 -41.03485870361328 -14.620792388916016
vertex -93.9330062866211 -41.04553985595703 -14.618331909179688
vertex -94.73640441894531 -40.79408645629883 -1
endloop
endfacet
facet normal 1.0144211139613866e-34 1.481030962739839e-32 1
outer loop
vertex -92.59530639648438 45.20003128051758 -1.091774835004358e-32
vertex -95.1179428100586 44.480224609375 -1.2871144773176125e-36
vertex 92.8177261352539 43.19288635253906 0
endloop
endfacet
facet normal 0.2987153302458835 0.9543422611777611 -0.000002492148891768749
outer loop
vertex 94.73640441894531 45.794151306152344 -1
vertex 93.91485595703125 46.05128860473633 -5.866944313049316
vertex 94.64131927490234 45.82391357421875 -1
endloop
endfacet
facet normal 0 0 1
outer loop
vertex 8.786859512329102 -39.99996566772461 0
vertex 8.786859512329102 -40.20570755004883 0
vertex 14.078200340270996 -39.96190643310547 0
endloop
endfacet
facet normal 5.684733685554591e-19 2.414329360646382e-22 1
outer loop
vertex 95.2853012084961 40.959808349609375 0
vertex 95.31785583496094 -35.692691802978516 0
vertex 97.32499694824219 40.47038269042969 -1.1593945445277998e-18
endloop
endfacet
facet normal 0.00006357824716065309 0.9999999972034062 0.00003938266250572656
outer loop
vertex -92.6150894165039 46.20003128051758 -1
vertex -82.41313934326172 46.19938659667969 -1.100000023841858
vertex -84.81314086914062 46.19953918457031 -1.100000023841858
endloop
endfacet
facet normal 0 0 1
outer loop
vertex 34.56842803955078 -42.13978576660156 0
vertex 34.78434371948242 -42.550838470458984 0
vertex 36.92499923706055 -38.19996643066406 0
endloop
endfacet
facet normal 0.9999999881133349 -0.00015418602385705246 0
outer loop
vertex 98.31322479248047 -35.8602180480957 -1
vertex 98.31322479248047 -35.8602180480957 -14.213922500610352
vertex 98.32499694824219 40.4901237487793 -6.216331958770752
endloop
endfacet
facet normal 9.925101332362847e-22 -1.416353536160013e-21 1
outer loop
vertex 96.96300506591797 42.29854965209961 -1.4753835541617494e-21
vertex 96.60519409179688 42.992977142333984 -1.3669770516323785e-22
vertex 94.92571258544922 41.912593841552734 0
endloop
endfacet
facet normal -0.00017199497226071543 -0.9999999852088646 0
outer loop
vertex 3.886859178543091 -41.204864501953125 -1.5071724653244019
vertex 3.886859178543091 -41.204864501953125 -1
vertex -3.6984000205993652 -41.20355987548828 -1
endloop
endfacet
facet normal -0.00025685618624291104 -0.9999996250464604 -0.0008270017159381056
outer loop
vertex 37.264122009277344 -46.180267333984375 -15.155678749084473
vertex 70.125 -46.1917724609375 -11.449999809265137
vertex 58.125 -46.188690185546875 -11.449999809265137
endloop
endfacet
facet normal 0.9543480021980076 -0.29869698810110457 0
outer loop
vertex 97.94888305664062 -37.51628494262695 -1
vertex 98.17625427246094 -36.789825439453125 -14.242334365844727
vertex 98.17625427246094 -36.789825439453125 -1
endloop
endfacet
facet normal 0.9921023831221849 -0.12543070359079325 0
outer loop
vertex 94.22679901123047 -43.34420394897461 -1
vertex 94.33710479736328 -42.47173309326172 -14.913424491882324
vertex 94.33710479736328 -42.47173309326172 -1
endloop
endfacet
facet normal -0.9714452468385709 -0.029191446882393092 -0.23546123210341965
outer loop
vertex -98.30718231201172 -35.73089599609375 -14.24534797668457
vertex -98.30718231201172 -35.939430236816406 -14.219494819641113
vertex -98.32499694824219 -35.49005889892578 -14.20170783996582
endloop
endfacet
facet normal -0.6569735107861808 -0.7539136591780022 -0.000025102088919224832
outer loop
vertex 34.95969772338867 -45.06489562988281 -15.037320137023926
vertex 35.358524322509766 -45.412437438964844 -15.116756439208984
vertex 35.45219039916992 -45.49406051635742 -15.091988563537598
endloop
endfacet
facet normal 0 0 1
outer loop
vertex 91.32099914550781 -42.574668884277344 0
vertex 93.35189819335938 -42.30271530151367 0
vertex 93.40425872802734 -41.997467041015625 0
endloop
endfacet
facet normal -0.00017166118732783882 -0.9999999852649445 0.0000015961770297345504
outer loop
vertex -92.9852523803711 -41.188194274902344 -1
vertex -89.61314392089844 -41.188777923583984 -4
vertex -84.01313781738281 -41.18973922729492 -4
endloop
endfacet
facet normal -0.00017217774135690707 -0.999999985171582 -0.000003414866053745488
outer loop
vertex -82.4687728881836 -41.190006256103516 -1.6602345705032349
vertex 2.386859178543091 -41.20460510253906 -5
vertex -81.25088500976562 -41.190216064453125 -1.626510739326477
endloop
endfacet
facet normal -0.9992151229169848 -0.03961234825146281 0
outer loop
vertex -98.32499694824219 -35.49005889892578 -1
vertex -98.30718231201172 -35.939430236816406 -14.219494819641113
vertex -98.30718231201172 -35.939430236816406 -1
endloop
endfacet
facet normal 0 0 1
outer loop
vertex 93.24705505371094 -43.121070861816406 0
vertex 92.86304473876953 -44.001739501953125 0
vertex 93.09211730957031 -43.585350036621094 0
endloop
endfacet
facet normal -0.0002568562740788895 -0.9999999670119267 -9.999170323892069e-7
outer loop
vertex 58.125 -46.188690185546875 -3.450000047683716
vertex 70.125 -46.1917724609375 -3.450000047683716
vertex 81.197265625 -46.194618225097656 -1.666679859161377
endloop
endfacet
facet normal -0.14881648382705476 -0.988864807838394 -0.0002143830396133072
outer loop
vertex -92.9852523803711 -41.188194274902344 -14.503907203674316
vertex -93.91485595703125 -41.05122375488281 -1
vertex -93.9330062866211 -41.04553985595703 -14.618331909179688
endloop
endfacet
facet normal -0.8050843496961368 -0.5931603407800864 0
outer loop
vertex -97.45758819580078 -38.521854400634766 -1
vertex -96.94696807861328 -39.214908599853516 -14.46290111541748
vertex -96.94696807861328 -39.214908599853516 -1
endloop
endfacet
facet normal 8.687151633695394e-21 -1.6879467188666325e-20 1
outer loop
vertex 95.15084075927734 41.453311920166016 0
vertex 97.18309020996094 41.63160705566406 -1.464493224604445e-20
vertex 96.96300506591797 42.29854965209961 -1.4753835541617494e-21
endloop
endfacet
facet normal 6.626535269975757e-22 3.2481569917514353e-22 1
outer loop
vertex 94.92571258544922 41.912593841552734 0
vertex 95.15084075927734 41.453311920166016 0
vertex 96.96300506591797 42.29854965209961 -1.4753835541617494e-21
endloop
endfacet
facet normal 3.607363768164055e-29 5.939576996820203e-29 1
outer loop
vertex 93.80156707763672 42.92990493774414 0
vertex 94.2387466430664 42.66438674926758 0
vertex 92.91194152832031 45.18826675415039 -1.0204510921386603e-28
endloop
endfacet
facet normal 0 0 1
outer loop
vertex 37.050662994384766 -42.90013885498047 0
vertex 36.468910217285156 -44.9348258972168 0
vertex 37.206119537353516 -43.06080627441406 0
endloop
endfacet
facet normal 0.9556285988754953 -0.29457423684235784 0
outer loop
vertex 94.38947296142578 -42.166481018066406 -1
vertex 94.5262451171875 -41.7227783203125 -14.879792213439941
vertex 94.5262451171875 -41.7227783203125 -1
endloop
endfacet
facet normal 0.8987296402156519 -0.4385031742163196 -2.3873377802701444e-7
outer loop
vertex 94.5262451171875 -41.7227783203125 -1
vertex 94.72984313964844 -41.30548858642578 -14.803669929504395
vertex 94.5817642211914 -41.60898971557617 -1
endloop
endfacet
facet normal 0 0 1
outer loop
vertex 91.32099914550781 -42.574668884277344 0
vertex 93.3480453491211 -42.34668731689453 0
vertex 93.35189819335938 -42.30271530151367 0
endloop
endfacet
facet normal -0.7776962302264248 -0.6286402576128954 0
outer loop
vertex 34.55541229248047 -44.56475067138672 -15.037738800048828
vertex 34.95969772338867 -45.06489562988281 -15.037320137023926
vertex 34.55541229248047 -44.56475067138672 -1
endloop
endfacet
facet normal 0 0 1
outer loop
vertex -77.61314392089844 -38.49996566772461 0
vertex -77.61314392089844 -39.49996566772461 0
vertex 2.424919366836548 -39.69131088256836 0
endloop
endfacet
facet normal -0.7013512037217551 -0.7128158871953068 -1.1401820825692879e-7
outer loop
vertex 33.30842971801758 -42.13203430175781 -14.887811660766602
vertex 33.408756256103516 -42.23074722290039 -14.885969161987305
vertex 33.07779312133789 -41.90510940551758 -1
endloop
endfacet
facet normal 0 0 1
outer loop
vertex -92.9118881225586 -40.188209533691406 0
vertex -93.32215881347656 -38.1081428527832 0
vertex -93.69124603271484 -40.0733757019043 0
endloop
endfacet
facet normal -0.8852971861552019 -0.46502568981251313 2.794209112776747e-7
outer loop
vertex 33.81295394897461 -42.84618377685547 -14.932761192321777
vertex 33.901424407958984 -43.014610290527344 -14.958909034729004
vertex 33.68551254272461 -42.60355758666992 -1
endloop
endfacet
facet normal 0 0 1
outer loop
vertex 37.206119537353516 -43.06080627441406 0
vertex 36.90542984008789 -45.09734344482422 0
vertex 37.37227249145508 -45.1833610534668 0
endloop
endfacet
facet normal -0.6570019477841145 -0.7538888602822872 0.00016416501960627155
outer loop
vertex 35.38363265991211 -45.43431854248047 -15.114890098571777
vertex 35.45219039916992 -45.49406051635742 -15.091988563537598
vertex 35.358524322509766 -45.412437438964844 -15.116756439208984
endloop
endfacet
facet normal 0 0 1
outer loop
vertex 34.48845291137695 -42.00749969482422 0
vertex 34.551536560058594 -42.10355758666992 0
vertex 36.92499923706055 -38.19996643066406 0
endloop
endfacet
facet normal 0 0 1
outer loop
vertex 91.32099914550781 -42.574668884277344 0
vertex 93.57359313964844 -41.42912673950195 0
vertex 93.5865478515625 -41.38075637817383 0
endloop
endfacet
facet normal -0.5806841116457223 -0.8141289593683658 0
outer loop
vertex -96.27815246582031 -39.87491989135742 -14.465539932250977
vertex -95.66932678222656 -40.30916976928711 -14.569150924682617
vertex -96.27815246582031 -39.87491989135742 -1
endloop
endfacet
facet normal 0 0 1
outer loop
vertex -94.92571258544922 -36.91252899169922 0
vertex -94.361572265625 -39.86356735229492 0
vertex -94.61799621582031 -37.321109771728516 0
endloop
endfacet
facet normal 0.8949227396323461 -0.4462211224145895 0
outer loop
vertex 97.49983215332031 -38.45227813720703 -1
vertex 97.91912078857422 -37.61137008666992 -14.340934753417969
vertex 97.91912078857422 -37.61137008666992 -1
endloop
endfacet
facet normal 0 0 1
outer loop
vertex -89.30448150634766 -39.96190643310547 0
vertex -92.9118881225586 -40.188209533691406 0
vertex -89.11314392089844 -39.99996566772461 0
endloop
endfacet
facet normal 0 0 1
outer loop
vertex 91.32499694824219 -38.19996643066406 0
vertex 91.32099914550781 -42.574668884277344 0
vertex 93.08477783203125 -38.16027069091797 0
endloop
endfacet
facet normal 0.06390212472841088 -0.9979561706083061 0
outer loop
vertex 90.96197509765625 -46.183746337890625 -15.044951438903809
vertex 90.7538833618164 -46.19707107543945 -1
vertex 90.7538833618164 -46.19707107543945 -15.03458023071289
endloop
endfacet
facet normal 3.5143637968835417e-37 -1.3523498816477086e-37 1
outer loop
vertex -96.23214721679688 43.50755310058594 -1.2012890325640394e-38
vertex -97.31324005126953 40.786930084228516 -9.598894480624997e-43
vertex -95.68343353271484 44.0635871887207 -1.2965557761677457e-37
endloop
endfacet
facet normal 0 0 1
outer loop
vertex 75.5972671508789 -43.49996566772461 0
vertex 37.625 -43.49996566772461 0
vertex 75.5972671508789 -44.49996566772461 0
endloop
endfacet
facet normal -0.00017205953173627276 -0.999999985197693 -3.6251095750984206e-7
outer loop
vertex -92.9852523803711 -41.188194274902344 -14.503907203674316
vertex 31.149314880371094 -41.20955276489258 -14.630361557006836
vertex -89.61314392089844 -41.188777923583984 -5
endloop
endfacet
facet normal 0 0 1
outer loop
vertex 33.7205810546875 -41.13906478881836 0
vertex 33.77649688720703 -41.19498062133789 0
vertex 36.92499923706055 -38.19996643066406 0
endloop
endfacet
facet normal -0.0003752060616721791 -0.9999999144044236 -0.00017438909537488613
outer loop
vertex 57.55097579956055 -46.18854522705078 -11.335819244384766
vertex 57.06433868408203 -46.188419342041016 -11.010660171508789
vertex 37.264122009277344 -46.180267333984375 -15.155678749084473
endloop
endfacet
facet normal 0.00006357824708145906 0.999999995957791 -0.00006357848961322435
outer loop
vertex -84.61314392089844 46.199462890625 -3.5
vertex -84.81314086914062 46.19953918457031 -2.5
vertex -82.41313934326172 46.19938659667969 -2.5
endloop
endfacet
facet normal -0.0003134118330774185 -0.999999897916715 -0.0003254836132935102
outer loop
vertex 70.125 -46.1917724609375 -11.449999809265137
vertex 37.264122009277344 -46.180267333984375 -15.155678749084473
vertex 90.7538833618164 -46.19707107543945 -15.03458023071289
endloop
endfacet
facet normal 0 0 1
outer loop
vertex 14.078200340270996 -39.96190643310547 0
vertex 8.786859512329102 -40.20570755004883 0
vertex 31.385848999023438 -40.20960998535156 0
endloop
endfacet
facet normal -0.3074557196887596 -0.9515623891425443 0
outer loop
vertex 31.844228744506836 -41.28246307373047 -1
vertex 32.28604507446289 -41.42521667480469 -14.732778549194336
vertex 32.28604507446289 -41.42521667480469 -1
endloop
endfacet
facet normal 0.7222590966498006 -0.6916225829925271 0.0000011656760269724014
outer loop
vertex 94.99539184570312 -40.924617767333984 -1
vertex 95.3165283203125 -40.58927917480469 -14.722947120666504
vertex 95.07565307617188 -40.84080123901367 -1
endloop
endfacet
facet normal -0.2987006808996495 -0.9543468463981218 -2.1259637706969654e-7
outer loop
vertex -94.64134216308594 -40.8238410949707 -1
vertex -93.9330062866211 -41.04553985595703 -14.618331909179688
vertex -93.91485595703125 -41.05122375488281 -1
endloop
endfacet
facet normal 0.711776189250642 -0.7024063328414929 0
outer loop
vertex 96.3399429321289 -39.82193374633789 -1
vertex 96.99995422363281 -39.15311813354492 -14.463225364685059
vertex 96.99995422363281 -39.15311813354492 -1
endloop
endfacet
facet normal 0 0 1
outer loop
vertex 37.37227249145508 -45.1833610534668 0
vertex 37.625 -43.49996566772461 0
vertex 37.625 -43.19996643066406 0
endloop
endfacet
facet normal -0.3489051602502139 -0.9371580385136609 0
outer loop
vertex 36.03565979003906 -45.84058380126953 -1
vertex 36.63835525512695 -46.06496810913086 -15.045432090759277
vertex 36.63835525512695 -46.06496810913086 -1
endloop
endfacet
facet normal 0 0 1
outer loop
vertex -77.61314392089844 -38.49996566772461 0
vertex 2.424919366836548 -39.69131088256836 0
vertex 2.386859178543091 -39.49996566772461 0
endloop
endfacet
facet normal 0.9999999769502419 -0.00016816861765278401 0.00013348719734269834
outer loop
vertex 98.31322479248047 -35.8602180480957 -14.213922500610352
vertex 98.31326293945312 -35.65169143676758 -14.236990928649902
vertex 98.32499694824219 40.4901237487793 -6.216331958770752
endloop
endfacet
facet normal -0.00030097997400892933 -0.9999999312524147 -0.0002165784407587795
outer loop
vertex 37.264122009277344 -46.180267333984375 -15.155678749084473
vertex 56.625 -46.18830490112305 -4.949999809265137
vertex 37.28078842163086 -46.1833381652832 -1
endloop
endfacet
facet normal 1.5009372496053472e-22 -1.067972172870281e-22 1
outer loop
vertex 96.18855285644531 43.55846405029297 -1.3770041994897704e-23
vertex 94.92571258544922 41.912593841552734 0
vertex 96.60519409179688 42.992977142333984 -1.3669770516323785e-22
endloop
endfacet
facet normal -0.0002578824168559574 -0.9999999667450225 0.0000025715800741263926
outer loop
vertex 81.197265625 -46.194618225097656 -1.666679859161377
vertex 71.51081848144531 -46.1921272277832 -4.375974655151367
vertex 75.5972671508789 -46.193180084228516 -4
endloop
endfacet
facet normal -0.15694003321036615 -0.987608133814181 0
outer loop
vertex 31.844228744506836 -41.28246307373047 -14.684154510498047
vertex 31.844228744506836 -41.28246307373047 -1
vertex 31.38567543029785 -41.2095947265625 -1
endloop
endfacet
facet normal 2.224944518482629e-15 -5.861919641463681e-17 1
outer loop
vertex 97.31324005126953 -35.786865234375 -4.445139545214633e-15
vertex 97.32499694824219 40.47038269042969 -1.1593945445277998e-18
vertex 95.31785583496094 -35.692691802978516 0
endloop
endfacet
facet normal -0.00017268256375351486 -0.9999999850898854 -9.803024992590335e-7
outer loop
vertex 11.414495468139648 -41.20615768432617 -1.5949000120162964
vertex 31.149314880371094 -41.20955276489258 -14.630361557006836
vertex 12.143282890319824 -41.20628356933594 -1.5580466985702515
endloop
endfacet
facet normal -0.5806876759356909 -0.8141264170977415 0
outer loop
vertex -96.27815246582031 -39.87491989135742 -1
vertex -95.57731628417969 -40.37480163574219 -14.555603981018066
vertex -95.57731628417969 -40.37480163574219 -1
endloop
endfacet
facet normal -0.000256195544084641 -0.9999999671819211 1.065760849233478e-8
outer loop
vertex 84.64775085449219 -46.19550323486328 -1.5949000120162964
vertex 81.99726867675781 -46.19482421875 -4
vertex 85.34757232666016 -46.195682525634766 -1.5595052242279053
endloop
endfacet
facet normal 0.8761589414297483 -0.4820223120901181 0
outer loop
vertex 93.69711303710938 -44.56026840209961 -1
vertex 94.01199340820312 -43.987918853759766 -14.927815437316895
vertex 94.01199340820312 -43.987918853759766 -1
endloop
endfacet
facet normal -0.15693936704949013 -0.9876082396730523 0
outer loop
vertex 31.38567543029785 -41.2095947265625 -14.651510238647461
vertex 31.575103759765625 -41.23969650268555 -14.651982307434082
vertex 31.38567543029785 -41.2095947265625 -1
endloop
endfacet
facet normal 1.951338833750256e-44 3.136698188909071e-45 1
outer loop
vertex -97.31034088134766 -35.83991241455078 0
vertex -97.18309020996094 -36.63153839111328 0
vertex -96.60519409179688 -37.99291229248047 -7.006492321624085e-45
endloop
endfacet
facet normal 0.00006343399177862758 0.9999999979880644 0
outer loop
vertex -82.61314392089844 46.199398040771484 -5.843226432800293
vertex -82.61314392089844 46.199398040771484 -3.5
vertex 80.59727478027344 46.18904495239258 -5.726892948150635
endloop
endfacet
facet normal 0.00003242485489665846 0.9999977837681926 0.002105090813245186
outer loop
vertex -84.61314392089844 46.199462890625 -3.5
vertex 80.39726257324219 46.18906021118164 -1.100000023841858
vertex -82.61314392089844 46.199398040771484 -3.5
endloop
endfacet
facet normal 0 0 1
outer loop
vertex 91.32099914550781 -42.574668884277344 0
vertex 93.83110809326172 -40.86699295043945 0
vertex 93.86381530761719 -40.80548858642578 0
endloop
endfacet
facet normal 0 0 1
outer loop
vertex 87.5592041015625 -44.69131088256836 0
vertex 87.45082092285156 -44.853519439697266 0
vertex 90.72203063964844 -45.19706344604492 0
endloop
endfacet
facet normal 0 0 1
outer loop
vertex -77.75959014892578 -39.853519439697266 0
vertex -77.92179870605469 -39.96190643310547 0
vertex 2.6955173015594482 -39.96190643310547 0
endloop
endfacet
facet normal -0.00017197926926554283 -0.9999999852115585 1.1590078502007851e-7
outer loop
vertex 2.386859178543091 -41.20460510253906 -5
vertex 31.149314880371094 -41.20955276489258 -14.630361557006836
vertex 14.386858940124512 -41.206668853759766 -5
endloop
endfacet
facet normal 0 0 1
outer loop
vertex 81.99726867675781 -44.99996566772461 0
vertex 81.99726867675781 -45.19482421875 0
vertex 90.72203063964844 -45.19706344604492 0
endloop
endfacet
facet normal 0 0 1
outer loop
vertex 14.386858940124512 -39.49996566772461 0
vertex 14.348798751831055 -39.69131088256836 0
vertex 31.385848999023438 -40.20960998535156 0
endloop
endfacet
facet normal 0 0 1
outer loop
vertex -84.01313781738281 -39.99996566772461 0
vertex -89.11314392089844 -39.99996566772461 0
vertex -84.01313781738281 -40.18973922729492 0
endloop
endfacet
facet normal 0 0 1
outer loop
vertex 33.6585693359375 -41.095645904541016 0
vertex 33.7205810546875 -41.13906478881836 0
vertex 36.92499923706055 -38.19996643066406 0
endloop
endfacet
facet normal 0 0 1
outer loop
vertex 91.32099914550781 -42.574668884277344 0
vertex 94.1781997680664 -40.35486602783203 0
vertex 93.08477783203125 -38.16027069091797 0
endloop
endfacet
facet normal 4.847470661291289e-34 -9.055533544100527e-34 1
outer loop
vertex -94.42351531982422 44.838035583496094 -1.3891875147760192e-35
vertex -95.1179428100586 44.480224609375 -1.2871144773176125e-36
vertex -93.7565689086914 45.05812072753906 -1.3789335076581285e-34
endloop
endfacet
facet normal 0.9496295326475258 0.31337477678275555 0
outer loop
vertex 98.15774536132812 41.8691520690918 -1
vertex 97.88797760009766 42.68663787841797 -6.053745269775391
vertex 97.88797760009766 42.68663787841797 -1
endloop
endfacet
facet normal 0 0 1
outer loop
vertex -93.69124603271484 -40.0733757019043 0
vertex -94.2387466430664 -37.66432189941406 0
vertex -94.361572265625 -39.86356735229492 0
endloop
endfacet
facet normal -0.00017194238389356837 -0.9999999852174467 9.607732363445585e-7
outer loop
vertex -83.21314239501953 -41.189876556396484 -1.6671847105026245
vertex -77.61314392089844 -41.19084167480469 -4
vertex 31.149314880371094 -41.20955276489258 -14.630361557006836
endloop
endfacet
facet normal 0 0 1
outer loop
vertex 87.5972671508789 -44.49996566772461 0
vertex 90.72203063964844 -45.19706344604492 0
vertex 90.625 -43.49996566772461 0
endloop
endfacet
facet normal -0.0001719816764586614 -0.9999999852111467 -9.625464964578535e-8
outer loop
vertex 12.886858940124512 -41.20641326904297 -1
vertex 31.149314880371094 -41.20955276489258 -14.630361557006836
vertex 31.38567543029785 -41.2095947265625 -1
endloop
endfacet
facet normal -0.00041514472896866787 -0.9999999138274233 0
outer loop
vertex 56.625 -46.18830490112305 -9.949999809265137
vertex 56.625 -46.18830490112305 -4.949999809265137
vertex 37.264122009277344 -46.180267333984375 -15.155678749084473
endloop
endfacet
facet normal 0.9873246173116879 0.15871388573490394 -0.00005025193689073462
outer loop
vertex 98.30718231201172 40.93949890136719 -6.186981678009033
vertex 98.2735595703125 41.14865493774414 -6.198788642883301
vertex 98.15774536132812 41.8691520690918 -6.06586217880249
endloop
endfacet
facet normal 0 0 1
outer loop
vertex 87.5972671508789 -44.49996566772461 0
vertex 87.5592041015625 -44.69131088256836 0
vertex 90.72203063964844 -45.19706344604492 0
endloop
endfacet
facet normal 0 0 1
outer loop
vertex 87.45082092285156 -44.853519439697266 0
vertex 87.28860473632812 -44.96190643310547 0
vertex 90.72203063964844 -45.19706344604492 0
endloop
endfacet
facet normal 0 0 1
outer loop
vertex 91.32099914550781 -42.574668884277344 0
vertex 93.91265106201172 -40.735740661621094 0
vertex 94.1781997680664 -40.35486602783203 0
endloop
endfacet
facet normal -0.877441701179305 -0.47968329242486224 1.0585937226135454e-7
outer loop
vertex 34.55541229248047 -44.56475067138672 -15.037738800048828
vertex 34.229896545410156 -43.96931076049805 -1
vertex 34.471832275390625 -44.411865234375 -15.06220817565918
endloop
endfacet
facet normal -0.8889342856733078 -0.45803475387189346 0
outer loop
vertex -97.88797760009766 -37.68657302856445 -14.346525192260742
vertex -97.45758819580078 -38.521854400634766 -14.366110801696777
vertex -97.88797760009766 -37.68657302856445 -1
endloop
endfacet
facet normal -0.15870535722220439 0.9873259895237096 0
outer loop
vertex -93.9941177368164 46.03277587890625 -5.800474166870117
vertex -93.9941177368164 46.03277587890625 -1
vertex -93.65261840820312 46.087669372558594 -1
endloop
endfacet
facet normal 0 0 1
outer loop
vertex 2.386859178543091 -38.49996566772461 0
vertex -77.61314392089844 -38.49996566772461 0
vertex 2.386859178543091 -39.49996566772461 0
endloop
endfacet
facet normal -4.527948477546707e-45 -3.909285133525076e-46 1
outer loop
vertex -95.2853012084961 -35.95974349975586 0
vertex -95.32499694824219 -35.49996566772461 0
vertex -95.63252258300781 -39.107112884521484 -2.802596928649634e-45
endloop
endfacet
facet normal -0.00025664279235253803 -0.9999999670672126 2.2534868236309438e-7
outer loop
vertex 82.74251556396484 -46.19501495361328 -1.6596928834915161
vertex 81.99726867675781 -46.19482421875 -4
vertex 83.96138000488281 -46.19532775878906 -1.6259312629699707
endloop
endfacet
facet normal 0.8050843496961368 0.5931603407800864 0
outer loop
vertex 97.45758819580078 43.52191925048828 -1
vertex 96.94696807861328 44.21497344970703 -5.959778785705566
vertex 96.94696807861328 44.21497344970703 -1
endloop
endfacet
facet normal 0 0 1
outer loop
vertex 36.92499923706055 -38.19996643066406 0
vertex 32.73515319824219 -40.53546142578125 0
vertex 33.151145935058594 -40.7417106628418 0
endloop
endfacet
facet normal 0 0 1
outer loop
vertex 91.32099914550781 -42.574668884277344 0
vertex 91.26195526123047 -42.7902946472168 0
vertex 93.24705505371094 -43.121070861816406 0
endloop
endfacet
facet normal 0 0 1
outer loop
vertex -89.4978256225586 -38.1930046081543 0
vertex -92.8177261352539 -38.19282150268555 0
vertex -89.57508087158203 -38.308624267578125 0
endloop
endfacet
facet normal 0 0 1
outer loop
vertex 32.150909423828125 -40.33330154418945 0
vertex 32.593502044677734 -40.473655700683594 0
vertex 36.92499923706055 -38.19996643066406 0
endloop
endfacet
facet normal 0 0 1
outer loop
vertex 2.4987895488739014 -38.19807052612305 0
vertex -77.72802734375 -38.19365310668945 0
vertex 2.424919366836548 -38.308624267578125 0
endloop
endfacet
facet normal -0.00025593512741695025 -0.9999999672486047 0
outer loop
vertex 81.99726867675781 -46.19482421875 -1.6666579246520996
vertex 81.99726867675781 -46.19482421875 -4
vertex 82.74251556396484 -46.19501495361328 -1.6596928834915161
endloop
endfacet
facet normal -0.8853037919004206 -0.4650131138438321 0
outer loop
vertex 33.68551254272461 -42.60355758666992 -14.909769058227539
vertex 33.81295394897461 -42.84618377685547 -14.932761192321777
vertex 33.68551254272461 -42.60355758666992 -1
endloop
endfacet
facet normal -0.0001654990588611967 -0.9999999862517454 0.000010323299942543937
outer loop
vertex 14.386858940124512 -41.206668853759766 -4
vertex 31.149314880371094 -41.20955276489258 -14.630361557006836
vertex 10.754877090454102 -41.2060432434082 -1.6247164011001587
endloop
endfacet
facet normal 3.704852440271861e-44 1.242849673482105e-44 1
outer loop
vertex -96.60519409179688 -37.99291229248047 -7.006492321624085e-45
vertex -96.18855285644531 -38.55839920043945 -1.5414283107572988e-44
vertex -97.31324005126953 40.786930084228516 -9.598894480624997e-43
endloop
endfacet
facet normal -0.0002579823199727969 -0.999999966704612 0.0000059914691460850775
outer loop
vertex 70.125 -46.1917724609375 -3.450000047683716
vertex 70.69902801513672 -46.19192123413086 -3.564180612564087
vertex 81.197265625 -46.194618225097656 -1.666679859161377
endloop
endfacet
facet normal -0.8029382031945874 -0.5960622801777071 0
outer loop
vertex 33.408756256103516 -42.23074722290039 -1
vertex 33.68551254272461 -42.60355758666992 -14.909769058227539
vertex 33.68551254272461 -42.60355758666992 -1
endloop
endfacet
facet normal 0 0 1
outer loop
vertex 81.197265625 -44.99996566772461 0
vertex 76.0972671508789 -44.99996566772461 0
vertex 81.197265625 -45.194618225097656 0
endloop
endfacet
facet normal -0.805084349696137 -0.5931603407800865 0
outer loop
vertex -97.45758819580078 -38.521854400634766 -14.366110801696777
vertex -96.94696807861328 -39.214908599853516 -14.46290111541748
vertex -97.45758819580078 -38.521854400634766 -1
endloop
endfacet
facet normal 0.8987339192685919 -0.4384944040191576 0
outer loop
vertex 94.5817642211914 -41.60898971557617 -1
vertex 94.72984313964844 -41.30548858642578 -14.803669929504395
vertex 94.72984313964844 -41.30548858642578 -1
endloop
endfacet
facet normal 8.517427692396953e-30 5.073851398668432e-29 1
outer loop
vertex 92.91194152832031 45.18826675415039 -1.0204510921386603e-28
vertex 92.8177261352539 43.19288635253906 0
vertex 93.32215881347656 43.10820770263672 0
endloop
endfacet
facet normal -0.6569719272269366 -0.753915039534114 0
outer loop
vertex 34.95969772338867 -45.06489562988281 -1
vertex 35.45219039916992 -45.49406051635742 -15.091988563537598
vertex 35.45219039916992 -45.49406051635742 -1
endloop
endfacet
facet normal -0.0002569636462391877 -0.9999999669848417 0
outer loop
vertex 77.0972671508789 -46.193565368652344 -1
vertex 58.125 -46.188690185546875 -3.450000047683716
vertex 77.0972671508789 -46.193565368652344 -1.5082794427871704
endloop
endfacet
facet normal 0.18558141796522296 -0.9826288909379864 0
outer loop
vertex 90.96197509765625 -46.183746337890625 -15.044951438903809
vertex 91.63758850097656 -46.056148529052734 -15.146921157836914
vertex 90.96197509765625 -46.183746337890625 -1
endloop
endfacet
facet normal -0.9893187234510685 0.1457685268813131 0
outer loop
vertex -98.17625427246094 41.78989028930664 -6.097940444946289
vertex -98.31322479248047 40.86028289794922 -6.0594682693481445
vertex -98.17625427246094 41.78989028930664 -1
endloop
endfacet
facet normal 0.6549585733040497 -0.7556647849777861 0
outer loop
vertex 93.29415130615234 -45.06147766113281 -15.034092903137207
vertex 92.7813491821289 -45.50593948364258 -1
vertex 92.7813491821289 -45.50593948364258 -15.099233627319336
endloop
endfacet
facet normal 0 0 1
outer loop
vertex -89.11314392089844 -39.99996566772461 0
vertex -92.9118881225586 -40.188209533691406 0
vertex -84.01313781738281 -40.18973922729492 0
endloop
endfacet
facet normal 0.9485798145197176 -0.31653804745360065 0
outer loop
vertex 94.22679901123047 -43.34420394897461 -14.85033893585205
vertex 94.01199340820312 -43.987918853759766 -1
vertex 94.01199340820312 -43.987918853759766 -14.927815437316895
endloop
endfacet
facet normal -0.711776189250642 0.7024063328414929 0
outer loop
vertex -96.3399429321289 44.821998596191406 -5.925310134887695
vertex -96.99995422363281 44.15318298339844 -5.918370246887207
vertex -96.3399429321289 44.821998596191406 -1
endloop
endfacet
facet normal 0.8987375300048004 -0.43848700341158386 0
outer loop
vertex 94.5262451171875 -41.7227783203125 -14.879792213439941
vertex 94.59072875976562 -41.59061050415039 -14.854174613952637
vertex 94.5262451171875 -41.7227783203125 -1
endloop
endfacet
facet normal 0.5998921568099082 -0.8000808710361451 0
outer loop
vertex 95.3165283203125 -40.58927917480469 -1
vertex 96.3399429321289 -39.82193374633789 -14.504255294799805
vertex 96.3399429321289 -39.82193374633789 -1
endloop
endfacet
facet normal 0.8202975951220851 -0.5719369330938376 -3.724536738104872e-7
outer loop
vertex 94.72984313964844 -41.30548858642578 -1
vertex 94.86370086669922 -41.113494873046875 -14.757455825805664
vertex 94.99539184570312 -40.924617767333984 -14.75529956817627
endloop
endfacet
facet normal -1.4362819025832704e-23 -3.7324343204036576e-23 1
outer loop
vertex 92.91194152832031 45.18826675415039 -1.0204510921386603e-28
vertex 96.18855285644531 43.55846405029297 -1.3770041994897704e-23
vertex 95.63252258300781 44.107177734375 -1.2758263197357528e-24
endloop
endfacet
facet normal -0.0002569445447127057 -0.9999999669896918 -3.406987767565476e-7
outer loop
vertex 71.625 -46.19215774536133 -9.949999809265137
vertex 90.7538833618164 -46.19707107543945 -15.03458023071289
vertex 75.5972671508789 -46.193180084228516 -5
endloop
endfacet
facet normal -1.1090064780660825e-44 1.1746152161806438e-44 1
outer loop
vertex -96.18855285644531 -38.55839920043945 -1.5414283107572988e-44
vertex -95.63252258300781 -39.107112884521484 -2.802596928649634e-45
vertex -97.31324005126953 40.786930084228516 -9.598894480624997e-43
endloop
endfacet
facet normal 0.8761560310484392 -0.4820276021737409 -2.8318862613951774e-7
outer loop
vertex 93.69711303710938 -44.56026840209961 -1
vertex 93.77416229248047 -44.42021179199219 -15.06185531616211
vertex 94.01199340820312 -43.987918853759766 -14.927815437316895
endloop
endfacet
facet normal 0 0 1
outer loop
vertex -93.32215881347656 -38.1081428527832 0
vertex -93.80156707763672 -37.929840087890625 0
vertex -93.69124603271484 -40.0733757019043 0
endloop
endfacet
facet normal 0.0000769807586792837 0.9999999927065748 -0.00009306348941173661
outer loop
vertex 92.9852523803711 46.188262939453125 -1
vertex 80.5972671508789 46.18898391723633 -3.5
vertex 82.7972640991211 46.188907623291016 -2.5
endloop
endfacet
facet normal -0.9496335318467474 -0.3133626381570225 -0.00011045154436736885
outer loop
vertex -97.94821166992188 -37.5040283203125 -14.368244171142578
vertex -97.88797760009766 -37.68657302856445 -14.346525192260742
vertex -98.15774536132812 -36.86908721923828 -14.246915817260742
endloop
endfacet
facet normal -0.8141285120295249 0.5806847388218427 0
outer loop
vertex -96.99995422363281 44.15318298339844 -5.918370246887207
vertex -97.49983215332031 43.45234680175781 -6.005599021911621
vertex -96.99995422363281 44.15318298339844 -1
endloop
endfacet
facet normal 2.0741559316908364e-12 -8.304593239325797e-12 1
outer loop
vertex 93.57827758789062 -38.02580642700195 0
vertex 96.64002227783203 -37.93564987182617 -5.601822391371192e-12
vertex 96.98860168457031 -37.236541748046875 -5.190218372273792e-13
endloop
endfacet
facet normal -0.00017234261729359403 -0.999999985149011 0
outer loop
vertex -83.21314239501953 -41.189876556396484 -1.6671847105026245
vertex -83.21314239501953 -41.189876556396484 -4
vertex -77.61314392089844 -41.19084167480469 -4
endloop
endfacet
facet normal 0.2987018837745336 0.95434646990993 0
outer loop
vertex 94.73640441894531 45.794151306152344 -5.814011573791504
vertex 93.91485595703125 46.05128860473633 -5.866944313049316
vertex 94.73640441894531 45.794151306152344 -1
endloop
endfacet
facet normal 0.00006357824708146102 0.999999995957822 -0.00006357800454969572
outer loop
vertex 80.5972671508789 46.18898391723633 -3.5
vertex 80.39726257324219 46.18906021118164 -2.5
vertex 82.7972640991211 46.188907623291016 -2.5
endloop
endfacet
facet normal 2.3570745455685555e-13 -3.1297531820090103e-13 1
outer loop
vertex 94.4461441040039 -37.49296569824219 0
vertex 94.03755950927734 -37.80067825317383 0
vertex 96.98860168457031 -37.236541748046875 -5.190218372273792e-13
endloop
endfacet
facet normal 0.0000635782445818829 0.9999999566428324 0.0002875276337268989
outer loop
vertex -92.6150894165039 46.20003128051758 -1
vertex 82.7972640991211 46.188907623291016 -1.100000023841858
vertex 80.39726257324219 46.18906021118164 -1.100000023841858
endloop
endfacet
facet normal 2.0513037962749744e-12 -7.528527604088085e-12 1
outer loop
vertex 93.57827758789062 -38.02580642700195 0
vertex 93.08477783203125 -38.16027069091797 0
vertex 96.64002227783203 -37.93564987182617 -5.601822391371192e-12
endloop
endfacet
facet normal 0.5083338137412717 -0.8611601092754203 0
outer loop
vertex 92.21879577636719 -45.838008880615234 -1
vertex 92.21879577636719 -45.838008880615234 -15.08211612701416
vertex 92.7813491821289 -45.50593948364258 -15.099233627319336
endloop
endfacet
facet normal -0.00017233175308328393 -0.9999999851503653 -0.000001017924432338818
outer loop
vertex -85.97510528564453 -41.18940353393555 -1.6266028881072998
vertex -84.01313781738281 -41.18973922729492 -4
vertex -84.75743865966797 -41.189613342285156 -1.6602771282196045
endloop
endfacet
facet normal 0 0 1
outer loop
vertex 37.40430450439453 -43.16426467895508 0
vertex 37.206119537353516 -43.06080627441406 0
vertex 37.37227249145508 -45.1833610534668 0
endloop
endfacet
facet normal 0.9921023831221849 -0.12543070359079325 0
outer loop
vertex 94.33710479736328 -42.47173309326172 -14.913424491882324
vertex 94.22679901123047 -43.34420394897461 -1
vertex 94.22679901123047 -43.34420394897461 -14.85033893585205
endloop
endfacet
facet normal -0.9873257465210588 -0.15870686896487524 0
outer loop
vertex -98.30718231201172 -35.939430236816406 -14.219494819641113
vertex -98.15774536132812 -36.86908721923828 -14.246915817260742
vertex -98.30718231201172 -35.939430236816406 -1
endloop
endfacet
facet normal -2.856015997126722e-37 5.826532025587351e-37 1
outer loop
vertex -95.1179428100586 44.480224609375 -1.2871144773176125e-36
vertex -94.03755950927734 42.800743103027344 0
vertex -93.57827758789062 43.02587127685547 0
endloop
endfacet
facet normal -0.14576911234296933 -0.9893186371876064 0
outer loop
vertex -93.91485595703125 -41.05122375488281 -1
vertex -92.9852523803711 -41.188194274902344 -14.503907203674316
vertex -92.9852523803711 -41.188194274902344 -1
endloop
endfacet
facet normal -0.9543473377502015 0.2986991110283107 0
outer loop
vertex -97.91912078857422 42.61143493652344 -6.019134044647217
vertex -98.17625427246094 41.78989028930664 -6.097940444946289
vertex -97.91912078857422 42.61143493652344 -1
endloop
endfacet
facet normal 0.7793538041185998 -0.6265841108788724 0
outer loop
vertex 93.69711303710938 -44.56026840209961 -15.037036895751953
vertex 93.29415130615234 -45.06147766113281 -1
vertex 93.29415130615234 -45.06147766113281 -15.034092903137207
endloop
endfacet
facet normal -2.6802637071319365e-11 3.55447572607545e-11 1
outer loop
vertex 94.71859741210938 -39.79182434082031 0
vertex 95.68046569824219 -39.066524505615234 0
vertex 96.23214721679688 -38.50748825073242 -5.084288458995223e-12
endloop
endfacet
facet normal -7.431014705539771e-38 8.60700884517872e-37 1
outer loop
vertex -95.1179428100586 44.480224609375 -1.2871144773176125e-36
vertex -93.08477783203125 43.160335540771484 0
vertex -92.625 43.20003128051758 0
endloop
endfacet
facet normal 1.816031596471972e-12 1.8185537328386582e-12 1
outer loop
vertex 93.08477783203125 -38.16027069091797 0
vertex 94.71859741210938 -39.79182434082031 0
vertex 96.23214721679688 -38.50748825073242 -5.084288458995223e-12
endloop
endfacet
facet normal 0 0 1
outer loop
vertex 93.08477783203125 -38.16027069091797 0
vertex 94.59687805175781 -39.90010070800781 0
vertex 94.67373657226562 -39.82323455810547 0
endloop
endfacet
facet normal 0.8203101162304491 -0.5719189743398859 0
outer loop
vertex 94.72984313964844 -41.30548858642578 -14.803669929504395
vertex 94.86370086669922 -41.113494873046875 -14.757455825805664
vertex 94.72984313964844 -41.30548858642578 -1
endloop
endfacet
facet normal 5.445962624754372e-44 1.7971193849777145e-44 1
outer loop
vertex -96.96300506591797 -37.29848098754883 0
vertex -96.60519409179688 -37.99291229248047 -7.006492321624085e-45
vertex -97.18309020996094 -36.63153839111328 0
endloop
endfacet
facet normal 0 0 1
outer loop
vertex 93.08477783203125 -38.16027069091797 0
vertex 94.1781997680664 -40.35486602783203 0
vertex 94.2293472290039 -40.281829833984375 0
endloop
endfacet
facet normal 0.00006316214665255558 0.9999999980052716 0
outer loop
vertex 92.9852523803711 46.188262939453125 -5.718062877655029
vertex 82.59725952148438 46.18891906738281 -5.725467205047607
vertex 82.59725952148438 46.18891906738281 -3.5
endloop
endfacet
facet normal 0 0 1
outer loop
vertex 7.986859321594238 -39.99996566772461 0
vertex 2.886859178543091 -39.99996566772461 0
vertex 7.986859321594238 -40.205570220947266 0
endloop
endfacet
facet normal 0.7024028251957197 0.7117796488220903 -0.00005176652208784595
outer loop
vertex 96.94696807861328 44.21497344970703 -5.959778785705566
vertex 96.82378387451172 44.33653259277344 -5.990857124328613
vertex 96.27815246582031 44.87498474121094 -5.870351791381836
endloop
endfacet
facet normal 0.9893187234510686 -0.1457685268813131 0
outer loop
vertex 98.31322479248047 -35.8602180480957 -14.213922500610352
vertex 98.17625427246094 -36.789825439453125 -1
vertex 98.17625427246094 -36.789825439453125 -14.242334365844727
endloop
endfacet
facet normal -0.9893171629617052 0.1457791173846601 -0.0000019881044200018677
outer loop
vertex -98.17625427246094 41.78989028930664 -1
vertex -98.31322479248047 40.86028289794922 -6.0594682693481445
vertex -98.24497985839844 41.323490142822266 -1
endloop
endfacet
facet normal 0.7222386127022445 -0.6916439736757181 0
outer loop
vertex 94.99539184570312 -40.924617767333984 -14.75529956817627
vertex 95.10086059570312 -40.814483642578125 -14.73304557800293
vertex 94.99539184570312 -40.924617767333984 -1
endloop
endfacet
facet normal -0.954346660830674 0.2987012737859389 0
outer loop
vertex -98.17625427246094 41.78989028930664 -6.097940444946289
vertex -98.17625427246094 41.78989028930664 -1
vertex -97.94888305664062 42.51633834838867 -1
endloop
endfacet
facet normal 0 0 1
outer loop
vertex 33.20054244995117 -40.768409729003906 0
vertex 33.28132247924805 -40.824974060058594 0
vertex 36.92499923706055 -38.19996643066406 0
endloop
endfacet
facet normal 0.5806872007338887 0.814126756042221 1.0262564811287646e-7
outer loop
vertex 96.27815246582031 44.87498474121094 -1
vertex 95.57731628417969 45.3748664855957 -5.896152019500732
vertex 95.68724822998047 45.29645538330078 -1
endloop
endfacet
facet normal -0.8141437457874618 0.5806633802773866 0
outer loop
vertex -97.49983215332031 43.45234680175781 -6.005599021911621
vertex -97.49983215332031 43.45234680175781 -1
vertex -97.42144012451172 43.562259674072266 -1
endloop
endfacet
facet normal 0 0 1
outer loop
vertex 90.75092315673828 -43.18854904174805 0
vertex 92.19491577148438 -44.69087600708008 0
vertex 93.24705505371094 -43.121070861816406 0
endloop
endfacet
facet normal -0.00025736910295724144 -0.9999999668805719 0
outer loop
vertex 71.625 -46.19215774536133 -4.949999809265137
vertex 71.625 -46.19215774536133 -9.949999809265137
vertex 75.5972671508789 -46.193180084228516 -5
endloop
endfacet
facet normal -0.0001722788107674749 -0.9999999851599741 -2.509524433908179e-7
outer loop
vertex -92.9852523803711 -41.188194274902344 -1
vertex -84.01313781738281 -41.18973922729492 -4
vertex -88.11314392089844 -41.18903350830078 -1.508723258972168
endloop
endfacet
facet normal 0 0 1
outer loop
vertex 90.625 -43.19996643066406 0
vertex 90.625 -43.49996566772461 0
vertex 90.83964538574219 -45.18953323364258 0
endloop
endfacet
facet normal 0 0 1
outer loop
vertex 90.75092315673828 -43.18854904174805 0
vertex 90.625 -43.19996643066406 0
vertex 90.83964538574219 -45.18953323364258 0
endloop
endfacet
facet normal 0.814137491581002 -0.5806721387994179 -0.0001096553838800279
outer loop
vertex 96.99995422363281 -39.15311813354492 -14.463225364685059
vertex 97.08496856689453 -39.03392028808594 -14.476938247680664
vertex 97.49983215332031 -38.45227813720703 -14.361961364746094
endloop
endfacet
facet normal 0 0 1
outer loop
vertex 36.92499923706055 -38.19996643066406 0
vertex 33.151145935058594 -40.7417106628418 0
vertex 33.20054244995117 -40.768409729003906 0
endloop
endfacet
facet normal -0.5106349911847816 -0.859797595819922 0
outer loop
vertex 35.45219039916992 -45.49406051635742 -1
vertex 36.03565979003906 -45.84058380126953 -15.019441604614258
vertex 36.03565979003906 -45.84058380126953 -1
endloop
endfacet
facet normal -0.711776189250642 0.7024063328414929 0
outer loop
vertex -96.3399429321289 44.821998596191406 -1
vertex -96.99995422363281 44.15318298339844 -5.918370246887207
vertex -96.99995422363281 44.15318298339844 -1
endloop
endfacet
facet normal 0 0 1
outer loop
vertex 91.13793182373047 -42.9763069152832 0
vertex 90.96159362792969 -43.11372756958008 0
vertex 93.24705505371094 -43.121070861816406 0
endloop
endfacet
facet normal 0.14573580815164258 0.989323543752188 0
outer loop
vertex 93.91485595703125 46.05128860473633 -5.866944313049316
vertex 93.86992645263672 46.05790710449219 -5.878335952758789
vertex 93.91485595703125 46.05128860473633 -1
endloop
endfacet
facet normal -0.45803825755112243 0.8889324803478533 0.0000014646481614107856
outer loop
vertex -94.81160736083984 45.76300811767578 -1
vertex -95.64688873291016 45.33262252807617 -5.843865871429443
vertex -95.05621337890625 45.63697052001953 -1
endloop
endfacet
facet normal -0.00025716941067383475 -0.9999999669293791 -0.000002266044296782774
outer loop
vertex 37.28078842163086 -46.1833381652832 -1
vertex 57.06433868408203 -46.188419342041016 -3.8893399238586426
vertex 57.55097579956055 -46.18854522705078 -3.564180612564087
endloop
endfacet
facet normal 5.532696493103633e-31 5.111455570778496e-29 1
outer loop
vertex -92.59530639648438 45.20003128051758 -1.091774835004358e-32
vertex 92.8177261352539 43.19288635253906 0
vertex 92.91194152832031 45.18826675415039 -1.0204510921386603e-28
endloop
endfacet
facet normal 4.582520498295455e-38 -1.3794403003826559e-38 1
outer loop
vertex -96.64002227783203 42.93571472167969 -1.210101097956946e-39
vertex -97.31324005126953 40.786930084228516 -9.598894480624997e-43
vertex -96.23214721679688 43.50755310058594 -1.2012890325640394e-38
endloop
endfacet
facet normal -0.1812050826656704 -0.9834453304663734 -1.1529836868592313e-7
outer loop
vertex 37.264122009277344 -46.180267333984375 -15.155678749084473
vertex 36.63835525512695 -46.06496810913086 -1
vertex 37.23054122924805 -46.17407989501953 -15.155126571655273
endloop
endfacet
facet normal -0.9455970881778509 -0.32534004799527794 0
outer loop
vertex 33.901424407958984 -43.014610290527344 -1
vertex 34.229896545410156 -43.96931076049805 -14.975418090820312
vertex 34.229896545410156 -43.96931076049805 -1
endloop
endfacet
facet normal 0.898730377172201 -0.4385016637914654 -1.731514984227529e-7
outer loop
vertex 94.5262451171875 -41.7227783203125 -1
vertex 94.59072875976562 -41.59061050415039 -14.854174613952637
vertex 94.66502380371094 -41.43833923339844 -14.81204605102539
endloop
endfacet
facet normal -0.00016913188970554477 -0.9999999856972018 0
outer loop
vertex -84.75743865966797 -41.189613342285156 -1.6602771282196045
vertex -84.01313781738281 -41.18973922729492 -4
vertex -84.01313781738281 -41.18973922729492 -1.6671993732452393
endloop
endfacet
facet normal 0 0 1
outer loop
vertex 93.08477783203125 -38.16027069091797 0
vertex 94.67373657226562 -39.82323455810547 0
vertex 94.71859741210938 -39.79182434082031 0
endloop
endfacet
facet normal -5.658146957928507e-7 0.10452730390347656 -0.9945220172215145
outer loop
vertex 93.72584533691406 -40.9451904296875 -15.78237533569336
vertex -83.61314392089844 45.199462890625 -6.728208065032959
vertex -83.41805267333984 45.21867752075195 -6.726188659667969
endloop
endfacet
facet normal -5.998618503975735e-7 0.10452716536668914 -0.9945220317821246
outer loop
vertex 91.39108276367188 -44.774959564208984 -16.184900283813477
vertex -97.19300842285156 41.91107940673828 -7.073831081390381
vertex 92.19537353515625 -44.38957595825195 -16.14439582824707
endloop
endfacet
facet normal 4.391465860450766e-7 0.10452934742420164 -0.9945218024391812
outer loop
vertex 93.72584533691406 -40.9451904296875 -15.78237533569336
vertex -83.41805267333984 45.21867752075195 -6.726188659667969
vertex -83.23046112060547 45.27558135986328 -6.720207691192627
endloop
endfacet
facet normal 1.5866631106756993e-7 0.10452877632405336 -0.9945218624646575
outer loop
vertex 93.72584533691406 -40.9451904296875 -15.78237533569336
vertex -83.05757141113281 45.36799240112305 -6.7104949951171875
vertex -82.89212799072266 45.50930404663086 -6.695642471313477
endloop
endfacet
facet normal 1.446802513270282e-7 0.10453020451248288 -0.9945217123545156
outer loop
vertex 91.39108276367188 -44.774959564208984 -16.184900283813477
vertex 33.013736724853516 -40.46992492675781 -15.732423782348633
vertex 32.49791717529297 -40.19572448730469 -15.703603744506836
endloop
endfacet
facet normal 8.536506135641419e-7 0.10453019411325766 -0.9945217134471805
outer loop
vertex 93.72584533691406 -40.9451904296875 -15.78237533569336
vertex -83.8082275390625 45.21867752075195 -6.726188659667969
vertex -83.61314392089844 45.199462890625 -6.728208065032959
endloop
endfacet
facet normal 8.109329149803873e-8 0.10452846955935788 -0.9945218947069852
outer loop
vertex 94.37259674072266 -39.98255157470703 -15.681199073791504
vertex 94.00155639648438 -40.432193756103516 -15.728458404541016
vertex 93.72110748291016 45.38563537597656 -6.7086405754089355
endloop
endfacet
facet normal 6.435316746272813e-8 0.10452845923790706 -0.9945218957918146
outer loop
vertex 96.22309875488281 -38.226863861083984 -15.496667861938477
vertex 94.4235610961914 -39.93306350708008 -15.675996780395508
vertex 93.72110748291016 45.38563537597656 -6.7086405754089355
endloop
endfacet
facet normal -1.1208193401183399e-7 0.10452845401600995 -0.994521896340654
outer loop
vertex 96.99342346191406 -36.93477249145508 -15.36086368560791
vertex 96.22309875488281 -38.226863861083984 -15.496667861938477
vertex 93.72110748291016 45.38563537597656 -6.7086405754089355
endloop
endfacet
facet normal -0.0000012070909313840137 0.10452841096385761 -0.9945219008648899
outer loop
vertex 97.32965087890625 -35.44078063964844 -15.203839302062988
vertex 96.99342346191406 -36.93477249145508 -15.36086368560791
vertex 93.72110748291016 45.38563537597656 -6.7086405754089355
endloop
endfacet
facet normal 8.383364232126035e-10 0.10452845977756368 -0.9945218957350966
outer loop
vertex -97.19300842285156 41.91107940673828 -7.073831081390381
vertex 31.15080451965332 -39.920143127441406 -15.674638748168945
vertex -93.72084045410156 -39.76194381713867 -15.658011436462402
endloop
endfacet
facet normal -2.6076690949527275e-7 0.10452792664302499 -0.9945219517696139
outer loop
vertex 93.72584533691406 -40.9451904296875 -15.78237533569336
vertex -83.23046112060547 45.27558135986328 -6.720207691192627
vertex -83.05757141113281 45.36799240112305 -6.7104949951171875
endloop
endfacet
facet normal -3.120585387170619e-9 0.10452844808994337 -0.9945218969635149
outer loop
vertex 93.72584533691406 -40.9451904296875 -15.78237533569336
vertex -92.94783782958984 45.5163459777832 -6.694902420043945
vertex -83.8082275390625 45.21867752075195 -6.726188659667969
endloop
endfacet
facet normal -1.1355624349876037e-7 0.10452821226041792 -0.9945219217501583
outer loop
vertex 93.72584533691406 -40.9451904296875 -15.78237533569336
vertex -94.42780303955078 45.1612434387207 -6.732224941253662
vertex -92.94783782958984 45.5163459777832 -6.694902420043945
endloop
endfacet
facet normal -4.000730682535808e-9 0.10452844903767343 -0.9945218968639042
outer loop
vertex -95.68875122070312 44.384864807128906 -6.813825607299805
vertex -94.42780303955078 45.1612434387207 -6.732224941253662
vertex 93.72584533691406 -40.9451904296875 -15.78237533569336
endloop
endfacet
facet normal 4.5318480931207684e-8 0.10452856997779354 -0.9945218841525789
outer loop
vertex -96.64676666259766 43.25360107421875 -6.9327263832092285
vertex -95.68875122070312 44.384864807128906 -6.813825607299805
vertex 93.65055847167969 -41.19200897216797 -15.808318138122559
endloop
endfacet
facet normal -1.3175013530873866e-9 0.104528452802354 -0.9945218964682206
outer loop
vertex -97.19300842285156 41.91107940673828 -7.073831081390381
vertex -96.64676666259766 43.25360107421875 -6.9327263832092285
vertex 92.82858276367188 -43.735687255859375 -16.075668334960938
endloop
endfacet
facet normal -3.442888711916897e-7 0.10452797553551148 -0.9945219466308066
outer loop
vertex 37.45988082885742 -44.89341735839844 -16.197351455688477
vertex 35.38524627685547 -43.70065689086914 -16.07198715209961
vertex 34.765953063964844 -42.31899642944336 -15.926769256591797
endloop
endfacet
facet normal 1.1360530161050891e-7 0.10452980765898481 -0.9945217540661253
outer loop
vertex 32.05245590209961 -40.061336517333984 -15.689478874206543
vertex 31.84549903869629 -40.00223159790039 -15.683266639709473
vertex 91.39108276367188 -44.774959564208984 -16.184900283813477
endloop
endfacet
facet normal -2.965987643747762e-7 0.10452346339230931 -0.9945224208635965
outer loop
vertex 91.39108276367188 -44.774959564208984 -16.184900283813477
vertex 34.151283264160156 -41.41606521606445 -15.831866264343262
vertex 33.96037292480469 -41.26024627685547 -15.815489768981934
endloop
endfacet
facet normal 7.346361029981739e-8 0.10452924934873294 -0.9945218127475058
outer loop
vertex 33.274940490722656 -40.6831169128418 -15.754831314086914
vertex 33.013736724853516 -40.46992492675781 -15.732423782348633
vertex 91.39108276367188 -44.774959564208984 -16.184900283813477
endloop
endfacet
facet normal -1.8704805575630947e-8 0.1045279545905055 -0.9945219488322643
outer loop
vertex 33.96037292480469 -41.26024627685547 -15.815489768981934
vertex 33.274940490722656 -40.6831169128418 -15.754831314086914
vertex 91.39108276367188 -44.774959564208984 -16.184900283813477
endloop
endfacet
facet normal 1.3439631674147454e-8 0.10452868911126953 -0.9945218716311266
outer loop
vertex 37.45988082885742 -44.89341735839844 -16.197351455688477
vertex 34.151283264160156 -41.41606521606445 -15.831866264343262
vertex 91.39108276367188 -44.774959564208984 -16.184900283813477
endloop
endfacet
facet normal 0.0000018027943196563569 0.10453241591616516 -0.9945214799185987
outer loop
vertex 93.65055847167969 -41.19200897216797 -15.808318138122559
vertex -95.68875122070312 44.384864807128906 -6.813825607299805
vertex 93.72584533691406 -40.9451904296875 -15.78237533569336
endloop
endfacet
facet normal -1.7885170822856739e-7 0.10452807033207506 -0.9945219366673723
outer loop
vertex 92.82858276367188 -43.735687255859375 -16.075668334960938
vertex -96.64676666259766 43.25360107421875 -6.9327263832092285
vertex 93.65055847167969 -41.19200897216797 -15.808318138122559
endloop
endfacet
facet normal 4.897790694014361e-7 0.1045295304767105 -0.994521783199382
outer loop
vertex 92.19537353515625 -44.38957595825195 -16.14439582824707
vertex -97.19300842285156 41.91107940673828 -7.073831081390381
vertex 92.82858276367188 -43.735687255859375 -16.075668334960938
endloop
endfacet
facet normal 4.938745952163914e-9 0.10452846672484854 -0.9945218950049075
outer loop
vertex -97.19300842285156 41.91107940673828 -7.073831081390381
vertex 91.39108276367188 -44.774959564208984 -16.184900283813477
vertex 31.84549903869629 -40.00223159790039 -15.683266639709473
endloop
endfacet
facet normal 0.000017193422547929805 0.10452859871014995 -0.9945218809840628
outer loop
vertex 94.4235610961914 -39.93306350708008 -15.675996780395508
vertex 94.37259674072266 -39.98255157470703 -15.681199073791504
vertex 93.72110748291016 45.38563537597656 -6.7086405754089355
endloop
endfacet
facet normal -0.0000011267933787079957 0.10452761606706774 -0.9945219844116397
outer loop
vertex 37.45988082885742 -44.89341735839844 -16.197351455688477
vertex 34.52233123779297 -41.86570739746094 -15.879125595092773
vertex 34.151283264160156 -41.41606521606445 -15.831866264343262
endloop
endfacet
facet normal 0.000004849503815850311 0.10453335104340239 -0.9945213816183738
outer loop
vertex 37.45988082885742 -44.89341735839844 -16.197351455688477
vertex 34.765953063964844 -42.31899642944336 -15.926769256591797
vertex 34.52233123779297 -41.86570739746094 -15.879125595092773
endloop
endfacet
facet normal 8.25024699354333e-8 0.10453104833463141 -0.9945216236633853
outer loop
vertex -83.9958267211914 45.27558135986328 -6.720207691192627
vertex -83.8082275390625 45.21867752075195 -6.726188659667969
vertex -92.94783782958984 45.5163459777832 -6.694902420043945
endloop
endfacet
facet normal -1.3609094873169215e-7 0.10452833370903161 -0.9945219089854154
outer loop
vertex 36.00822067260742 -44.34622573852539 -16.13983917236328
vertex 35.38524627685547 -43.70065689086914 -16.07198715209961
vertex 37.45988082885742 -44.89341735839844 -16.197351455688477
endloop
endfacet
facet normal 2.0515465502317072e-8 0.1045295702227461 -0.9945217790219818
outer loop
vertex -84.16870880126953 45.36799240112305 -6.7104949951171875
vertex -92.94783782958984 45.5163459777832 -6.694902420043945
vertex -84.3349838256836 45.51031494140625 -6.695536136627197
endloop
endfacet
facet normal -4.440235826442336e-7 0.10452776968102402 -0.9945219682668219
outer loop
vertex 31.15080451965332 -39.920143127441406 -15.674638748168945
vertex -97.19300842285156 41.91107940673828 -7.073831081390381
vertex 31.72907829284668 -39.97678756713867 -15.68059253692627
endloop
endfacet
facet normal 0.000002247321441977577 0.10453196056610388 -0.9945215277786379
outer loop
vertex 31.72907829284668 -39.97678756713867 -15.68059253692627
vertex -97.19300842285156 41.91107940673828 -7.073831081390381
vertex 31.84549903869629 -40.00223159790039 -15.683266639709473
endloop
endfacet
facet normal -5.684442031165265e-10 0.10452845457752055 -0.9945218962816431
outer loop
vertex 93.72584533691406 -40.9451904296875 -15.78237533569336
vertex -82.89212799072266 45.50930404663086 -6.695642471313477
vertex 80.99657440185547 45.39454650878906 -6.707704067230225
endloop
endfacet
facet normal -0.0000017749904978569884 0.10452820751752752 -0.9945219222470775
outer loop
vertex 81.40217590332031 45.20819854736328 -6.72728967666626
vertex 81.5972671508789 45.18898391723633 -6.729309558868408
vertex 93.72584533691406 -40.9451904296875 -15.78237533569336
endloop
endfacet
facet normal 0.0000017264310382019164 0.10452869516671234 -0.9945218709931744
outer loop
vertex 81.5972671508789 45.18898391723633 -6.729309558868408
vertex 81.7923583984375 45.20819854736328 -6.72728967666626
vertex 93.72584533691406 -40.9451904296875 -15.78237533569336
endloop
endfacet
facet normal 0.000009740869291341336 0.10452987508334302 -0.9945217469317482
outer loop
vertex 80.99657440185547 45.39454650878906 -6.707704067230225
vertex 81.04169464111328 45.357513427734375 -6.7115960121154785
vertex 93.72584533691406 -40.9451904296875 -15.78237533569336
endloop
endfacet
facet normal -7.440096752357399e-7 0.10452835338127676 -0.9945219069175125
outer loop
vertex 81.40217590332031 45.20819854736328 -6.72728967666626
vertex 93.72584533691406 -40.9451904296875 -15.78237533569336
vertex 81.21458435058594 45.26510238647461 -6.721308708190918
endloop
endfacet
facet normal 5.952705618330967e-7 0.10452854562056328 -0.9945218867124521
outer loop
vertex 81.21458435058594 45.26510238647461 -6.721308708190918
vertex 93.72584533691406 -40.9451904296875 -15.78237533569336
vertex 81.04169464111328 45.357513427734375 -6.7115960121154785
endloop
endfacet
facet normal 6.830279420319364e-7 0.10452855221959262 -0.9945218860188092
outer loop
vertex 81.7923583984375 45.20819854736328 -6.72728967666626
vertex 81.97994995117188 45.26510238647461 -6.721308708190918
vertex 93.72584533691406 -40.9451904296875 -15.78237533569336
endloop
endfacet
facet normal 0.000002803643690440593 0.10452846476415109 -0.9945218952070332
outer loop
vertex -97.19300842285156 41.91107940673828 -7.073831081390381
vertex -96.9675521850586 -36.99698257446289 -15.367402076721191
vertex -97.32342529296875 -35.51380157470703 -15.211514472961426
endloop
endfacet
facet normal -5.118216111438051e-7 0.10452839120364114 -0.9945219029423719
outer loop
vertex 81.97994995117188 45.26510238647461 -6.721308708190918
vertex 82.15283966064453 45.357513427734375 -6.7115960121154785
vertex 93.72584533691406 -40.9451904296875 -15.78237533569336
endloop
endfacet
facet normal 8.99293447520228e-8 0.10452847101548138 -0.9945218945539398
outer loop
vertex 82.15283966064453 45.357513427734375 -6.7115960121154785
vertex 82.19693756103516 45.39370346069336 -6.707792282104492
vertex 93.72584533691406 -40.9451904296875 -15.78237533569336
endloop
endfacet
facet normal -2.6191032044478964e-8 0.10452845567924449 -0.9945218961658469
outer loop
vertex 93.72110748291016 45.38563537597656 -6.7086405754089355
vertex 93.72584533691406 -40.9451904296875 -15.78237533569336
vertex 82.19693756103516 45.39370346069336 -6.707792282104492
endloop
endfacet
facet normal -6.861336813022857e-7 0.10452845490248505 -0.9945218962472513
outer loop
vertex -97.19300842285156 41.91107940673828 -7.073831081390381
vertex -96.18999481201172 -38.25984191894531 -15.500134468078613
vertex -96.9675521850586 -36.99698257446289 -15.367402076721191
endloop
endfacet
facet normal -1.0842795026627765e-8 0.10452846378760529 -0.9945218953136241
outer loop
vertex 97.32362365722656 41.136756896972656 -7.155215740203857
vertex 97.32965087890625 -35.44078063964844 -15.203839302062988
vertex 93.72110748291016 45.38563537597656 -6.7086405754089355
endloop
endfacet
facet normal 1.9663030156546558e-7 0.10452846582604391 -0.9945218950993562
outer loop
vertex -95.05935668945312 -39.21732711791992 -15.600769996643066
vertex -96.18999481201172 -38.25984191894531 -15.500134468078613
vertex -97.19300842285156 41.91107940673828 -7.073831081390381
endloop
endfacet
facet normal 6.042084070181547e-8 0.10452846228292005 -0.9945218954717712
outer loop
vertex -93.72084045410156 -39.76194381713867 -15.658011436462402
vertex -95.05935668945312 -39.21732711791992 -15.600769996643066
vertex -97.19300842285156 41.91107940673828 -7.073831081390381
endloop
endfacet
facet normal 0.0000016532859624418226 0.1045291958588922 -0.9945218183681845
outer loop
vertex 97.32362365722656 41.136756896972656 -7.155215740203857
vertex 96.18999481201172 43.883644104003906 -6.866506099700928
vertex 96.9675521850586 42.62078094482422 -6.999238014221191
endloop
endfacet
facet normal 3.749063171834893e-7 0.10452867404159713 -0.9945218732149459
outer loop
vertex 96.18999481201172 43.883644104003906 -6.866506099700928
vertex 97.32362365722656 41.136756896972656 -7.155215740203857
vertex 95.05935668945312 44.841129302978516 -6.765870571136475
endloop
endfacet
facet normal -0.000004284678903072909 0.10452845544713184 -0.9945218961810134
outer loop
vertex 94.00155639648438 -40.432193756103516 -15.728458404541016
vertex 93.72584533691406 -40.9451904296875 -15.78237533569336
vertex 93.72110748291016 45.38563537597656 -6.7086405754089355
endloop
endfacet
facet normal -1.6325510978798338e-8 0.10452741390257987 -0.9945220056604271
outer loop
vertex -92.94783782958984 45.5163459777832 -6.694902420043945
vertex -84.16870880126953 45.36799240112305 -6.7104949951171875
vertex -83.9958267211914 45.27558135986328 -6.720207691192627
endloop
endfacet
facet normal -1.0892424094702054e-7 0.10452838153546806 -0.9945219039586628
outer loop
vertex 97.32362365722656 41.136756896972656 -7.155215740203857
vertex 93.72110748291016 45.38563537597656 -6.7086405754089355
vertex 95.05935668945312 44.841129302978516 -6.765870571136475
endloop
endfacet
facet normal 1.0778097198405113e-7 0.10452973513907922 -0.9945217616883717
outer loop
vertex 91.39108276367188 -44.774959564208984 -16.184900283813477
vertex 32.49791717529297 -40.19572448730469 -15.703603744506836
vertex 32.05245590209961 -40.061336517333984 -15.689478874206543
endloop
endfacet
facet normal 0 0 1
outer loop
vertex 94.61799621582031 42.32117462158203 -4.099999904632568
vertex 93.80156707763672 42.92990493774414 -4.099999904632568
vertex 94.92571258544922 41.912593841552734 -4.099999904632568
endloop
endfacet
facet normal 0 0 1
outer loop
vertex 93.80156707763672 42.92990493774414 -4.099999904632568
vertex 95.15084075927734 41.453311920166016 -4.099999904632568
vertex 94.92571258544922 41.912593841552734 -4.099999904632568
endloop
endfacet
facet normal 0 0 1
outer loop
vertex 90.625 -15.499967575073242 -4.099999904632568
vertex 95.2331771850586 -36.19712448120117 -4.099999904632568
vertex 95.31785583496094 -35.692691802978516 -4.099999904632568
endloop
endfacet
facet normal 0 0 1
outer loop
vertex 92.8177261352539 43.19288635253906 -4.099999904632568
vertex 95.15084075927734 41.453311920166016 -4.099999904632568
vertex 93.32215881347656 43.10820770263672 -4.099999904632568
endloop
endfacet
facet normal 0 0 1
outer loop
vertex 93.80156707763672 42.92990493774414 -4.099999904632568
vertex 94.61799621582031 42.32117462158203 -4.099999904632568
vertex 94.2387466430664 42.66438674926758 -4.099999904632568
endloop
endfacet
facet normal -0.2628870608150256 0.9648266130533698 0
outer loop
vertex 93.57827758789062 -38.02580642700195 -4.099999904632568
vertex 93.08477783203125 -38.16027069091797 -4.099999904632568
vertex 93.08477783203125 -38.16027069091797 0
endloop
endfacet
facet normal 0.9999795235550428 0.006399411740892636 0
outer loop
vertex 36.95378875732422 -42.69865036010742 0
vertex 36.92499923706055 -38.19996643066406 -4.099999904632568
vertex 36.92499923706055 -38.19996643066406 0
endloop
endfacet
facet normal -0.8547094015637822 0.5191067702106008 0
outer loop
vertex 95.05487060546875 -36.676536560058594 -4.099999904632568
vertex 94.78935241699219 -37.113712310791016 -4.099999904632568
vertex 94.78935241699219 -37.113712310791016 0
endloop
endfacet
facet normal -0.9372725195025521 0.34859751029710195 0
outer loop
vertex 95.2331771850586 -36.19712448120117 -4.099999904632568
vertex 95.05487060546875 -36.676536560058594 -4.099999904632568
vertex 95.05487060546875 -36.676536560058594 0
endloop
endfacet
facet normal -0.9862009536384775 0.16555264734385197 0
outer loop
vertex 95.31785583496094 -35.692691802978516 -4.099999904632568
vertex 95.2331771850586 -36.19712448120117 -4.099999904632568
vertex 95.2331771850586 -36.19712448120117 0
endloop
endfacet
facet normal 0 0 1
outer loop
vertex 90.625 -15.499967575073242 -4.099999904632568
vertex 95.05487060546875 -36.676536560058594 -4.099999904632568
vertex 95.2331771850586 -36.19712448120117 -4.099999904632568
endloop
endfacet
facet normal -0.33467773346427054 0.9423326454725097 0
outer loop
vertex 90.96159362792969 -43.11372756958008 0
vertex 90.96159362792969 -43.11372756958008 -4.099999904632568
vertex 90.75092315673828 -43.18854904174805 0
endloop
endfacet
facet normal 0 0 1
outer loop
vertex 90.625 -15.499967575073242 -4.099999904632568
vertex 94.4461441040039 -37.49296569824219 -4.099999904632568
vertex 94.78935241699219 -37.113712310791016 -4.099999904632568
endloop
endfacet
facet normal -0.8320187923462209 0.5547474463057367 0
outer loop
vertex 91.26195526123047 -42.7902946472168 0
vertex 91.26195526123047 -42.7902946472168 -4.099999904632568
vertex 91.13793182373047 -42.9763069152832 0
endloop
endfacet
facet normal 0 0 1
outer loop
vertex 90.625 -15.499967575073242 -4.099999904632568
vertex 93.08477783203125 -38.16027069091797 -4.099999904632568
vertex 93.57827758789062 -38.02580642700195 -4.099999904632568
endloop
endfacet
facet normal -0.8979284672578856 -0.44014141782829763 0
outer loop
vertex 94.92571258544922 41.912593841552734 0
vertex 94.92571258544922 41.912593841552734 -4.099999904632568
vertex 95.15084075927734 41.453311920166016 0
endloop
endfacet
facet normal 0 0 1
outer loop
vertex 91.32499694824219 -38.19996643066406 -4.099999904632568
vertex 90.75092315673828 -43.18854904174805 -4.099999904632568
vertex 91.32099914550781 -42.574668884277344 -4.099999904632568
endloop
endfacet
facet normal 0.34859339536197814 0.9372740499501774 0
outer loop
vertex -93.32215881347656 -38.1081428527832 0
vertex -93.32215881347656 -38.1081428527832 -4.099999904632568
vertex -93.80156707763672 -37.929840087890625 0
endloop
endfacet
facet normal 0.16555264734385197 0.9862009536384775 0
outer loop
vertex -92.8177261352539 -38.19282150268555 0
vertex -92.8177261352539 -38.19282150268555 -4.099999904632568
vertex -93.32215881347656 -38.1081428527832 0
endloop
endfacet
facet normal 0.9012440953785119 0.4333117590665728 0
outer loop
vertex 37.050662994384766 -42.90013885498047 0
vertex 37.050662994384766 -42.90013885498047 -4.099999904632568
vertex 36.95378875732422 -42.69865036010742 0
endloop
endfacet
facet normal 0.9999999956078732 -0.0000937243483680943 0
outer loop
vertex -95.31785583496094 40.69275665283203 0
vertex -95.32499694824219 -35.49996566772461 -4.099999904632568
vertex -95.31785583496094 40.69275665283203 -4.099999904632568
endloop
endfacet
facet normal -0.9648290200702897 -0.26287822661872295 0
outer loop
vertex 95.15084075927734 41.453311920166016 -4.099999904632568
vertex 95.2853012084961 40.959808349609375 -4.099999904632568
vertex 95.2853012084961 40.959808349609375 0
endloop
endfacet
facet normal 0 0 1
outer loop
vertex -93.08477783203125 43.160335540771484 -4.099999904632568
vertex -93.80156707763672 -37.929840087890625 -4.099999904632568
vertex -92.625 43.20003128051758 -4.099999904632568
endloop
endfacet
facet normal 0 0 1
outer loop
vertex -93.57827758789062 43.02587127685547 -4.099999904632568
vertex -93.80156707763672 -37.929840087890625 -4.099999904632568
vertex -93.08477783203125 43.160335540771484 -4.099999904632568
endloop
endfacet
facet normal 0.15969324542794835 0.9871666867174403 0
outer loop
vertex 37.625 -43.19996643066406 0
vertex 37.625 -43.19996643066406 -4.099999904632568
vertex 37.40430450439453 -43.16426467895508 0
endloop
endfacet
facet normal 0.6710010015697953 0.741456442343265 0
outer loop
vertex -94.2387466430664 -37.66432189941406 0
vertex -94.2387466430664 -37.66432189941406 -4.099999904632568
vertex -94.61799621582031 -37.321109771728516 0
endloop
endfacet
facet normal -0.8979284672578856 -0.44014141782829763 0
outer loop
vertex 94.92571258544922 41.912593841552734 -4.099999904632568
vertex 95.15084075927734 41.453311920166016 -4.099999904632568
vertex 95.15084075927734 41.453311920166016 0
endloop
endfacet
facet normal 0 0 1
outer loop
vertex -94.03755950927734 42.800743103027344 -4.099999904632568
vertex -94.2387466430664 -37.66432189941406 -4.099999904632568
vertex -93.57827758789062 43.02587127685547 -4.099999904632568
endloop
endfacet
facet normal 0 0 1
outer loop
vertex -94.4461441040039 42.4930305480957 -4.099999904632568
vertex -94.61799621582031 -37.321109771728516 -4.099999904632568
vertex -94.03755950927734 42.800743103027344 -4.099999904632568
endloop
endfacet
facet normal -0.7987964749261642 -0.6016013560868474 0
outer loop
vertex 94.61799621582031 42.32117462158203 -4.099999904632568
vertex 94.92571258544922 41.912593841552734 -4.099999904632568
vertex 94.92571258544922 41.912593841552734 0
endloop
endfacet
facet normal 0 0 1
outer loop
vertex -94.78935241699219 42.11377716064453 -4.099999904632568
vertex -94.92571258544922 -36.91252899169922 -4.099999904632568
vertex -94.4461441040039 42.4930305480957 -4.099999904632568
endloop
endfacet
facet normal 0 0 1
outer loop
vertex -95.05487060546875 41.67660140991211 -4.099999904632568
vertex -94.92571258544922 -36.91252899169922 -4.099999904632568
vertex -94.78935241699219 42.11377716064453 -4.099999904632568
endloop
endfacet
facet normal 0.5191034612209339 0.8547114112660753 0
outer loop
vertex -93.80156707763672 -37.929840087890625 0
vertex -93.80156707763672 -37.929840087890625 -4.099999904632568
vertex -94.2387466430664 -37.66432189941406 0
endloop
endfacet
facet normal 0 0 1
outer loop
vertex -95.2331771850586 41.19718933105469 -4.099999904632568
vertex -95.15084075927734 -36.4532470703125 -4.099999904632568
vertex -95.05487060546875 41.67660140991211 -4.099999904632568
endloop
endfacet
facet normal 0.46276834324094207 0.8864792498947923 0
outer loop
vertex 37.40430450439453 -43.16426467895508 0
vertex 37.40430450439453 -43.16426467895508 -4.099999904632568
vertex 37.206119537353516 -43.06080627441406 0
endloop
endfacet
facet normal 0 0 1
outer loop
vertex -95.31785583496094 40.69275665283203 -4.099999904632568
vertex -95.2853012084961 -35.95974349975586 -4.099999904632568
vertex -95.2331771850586 41.19718933105469 -4.099999904632568
endloop
endfacet
facet normal -0.7414635106665586 0.6709931909863334 0
outer loop
vertex 94.78935241699219 -37.113712310791016 -4.099999904632568
vertex 94.4461441040039 -37.49296569824219 -4.099999904632568
vertex 94.4461441040039 -37.49296569824219 0
endloop
endfacet
facet normal -0.9648290200702897 -0.26287822661872295 0
outer loop
vertex 95.15084075927734 41.453311920166016 0
vertex 95.15084075927734 41.453311920166016 -4.099999904632568
vertex 95.2853012084961 40.959808349609375 0
endloop
endfacet
facet normal -0.6015930133811593 0.7988027580391646 0
outer loop
vertex 94.4461441040039 -37.49296569824219 -4.099999904632568
vertex 94.03755950927734 -37.80067825317383 -4.099999904632568
vertex 94.03755950927734 -37.80067825317383 0
endloop
endfacet
facet normal -0.44014141782829763 0.8979284672578856 0
outer loop
vertex 94.03755950927734 -37.80067825317383 -4.099999904632568
vertex 93.57827758789062 -38.02580642700195 -4.099999904632568
vertex 93.57827758789062 -38.02580642700195 0
endloop
endfacet
facet normal -0.022551469231944704 0.9997456832792431 0
outer loop
vertex 93.08477783203125 -38.16027069091797 -4.099999904632568
vertex 91.32499694824219 -38.19996643066406 -4.099999904632568
vertex 93.08477783203125 -38.16027069091797 0
endloop
endfacet
facet normal -0.9999995824433408 0.0009138452517528057 0
outer loop
vertex 91.32499694824219 -38.19996643066406 -4.099999904632568
vertex 91.32099914550781 -42.574668884277344 -4.099999904632568
vertex 91.32099914550781 -42.574668884277344 0
endloop
endfacet
facet normal -0.9644943758191509 0.26410338697795344 0
outer loop
vertex 91.32099914550781 -42.574668884277344 -4.099999904632568
vertex 91.26195526123047 -42.7902946472168 -4.099999904632568
vertex 91.26195526123047 -42.7902946472168 0
endloop
endfacet
facet normal -0.8320187923462209 0.5547474463057367 0
outer loop
vertex 91.26195526123047 -42.7902946472168 -4.099999904632568
vertex 91.13793182373047 -42.9763069152832 -4.099999904632568
vertex 91.13793182373047 -42.9763069152832 0
endloop
endfacet
facet normal -0.6146892859569487 0.7887693463426025 0
outer loop
vertex 91.13793182373047 -42.9763069152832 -4.099999904632568
vertex 90.96159362792969 -43.11372756958008 -4.099999904632568
vertex 90.96159362792969 -43.11372756958008 0
endloop
endfacet
facet normal -0.33467773346427054 0.9423326454725097 0
outer loop
vertex 90.96159362792969 -43.11372756958008 -4.099999904632568
vertex 90.75092315673828 -43.18854904174805 -4.099999904632568
vertex 90.75092315673828 -43.18854904174805 0
endloop
endfacet
facet normal -0.6710010015697953 -0.741456442343265 0
outer loop
vertex 94.2387466430664 42.66438674926758 0
vertex 94.2387466430664 42.66438674926758 -4.099999904632568
vertex 94.61799621582031 42.32117462158203 0
endloop
endfacet
facet normal -0.0902990813814606 0.9959146930845354 0
outer loop
vertex 90.75092315673828 -43.18854904174805 -4.099999904632568
vertex 90.625 -43.19996643066406 -4.099999904632568
vertex 90.625 -43.19996643066406 0
endloop
endfacet
facet normal 0 0 1
outer loop
vertex -92.625 43.20003128051758 -4.099999904632568
vertex 36.92499923706055 -38.19996643066406 -4.099999904632568
vertex 37.625 -15.499967575073242 -4.099999904632568
endloop
endfacet
facet normal -0.7987964749261642 -0.6016013560868474 0
outer loop
vertex 94.61799621582031 42.32117462158203 0
vertex 94.61799621582031 42.32117462158203 -4.099999904632568
vertex 94.92571258544922 41.912593841552734 0
endloop
endfacet
facet normal 0 0 1
outer loop
vertex -92.625 43.20003128051758 -4.099999904632568
vertex 14.078200340270996 -38.038028717041016 -4.099999904632568
vertex 36.92499923706055 -38.19996643066406 -4.099999904632568
endloop
endfacet
facet normal 0 0 1
outer loop
vertex 2.6955173015594482 -38.038028717041016 -4.099999904632568
vertex 14.078200340270996 -38.038028717041016 -4.099999904632568
vertex -92.625 43.20003128051758 -4.099999904632568
endloop
endfacet
facet normal -0.16555264734385197 -0.9862009536384775 0
outer loop
vertex 92.8177261352539 43.19288635253906 0
vertex 92.8177261352539 43.19288635253906 -4.099999904632568
vertex 93.32215881347656 43.10820770263672 0
endloop
endfacet
facet normal 0 0 1
outer loop
vertex 36.92499923706055 -38.19996643066406 -4.099999904632568
vertex 14.240412712097168 -38.14641571044922 -4.099999904632568
vertex 14.275362014770508 -38.1987190246582 -4.099999904632568
endloop
endfacet
facet normal 0 0 1
outer loop
vertex 14.240412712097168 -38.14641571044922 -4.099999904632568
vertex 36.92499923706055 -38.19996643066406 -4.099999904632568
vertex 14.078200340270996 -38.038028717041016 -4.099999904632568
endloop
endfacet
facet normal -0.34859339536197814 -0.9372740499501774 0
outer loop
vertex 93.32215881347656 43.10820770263672 0
vertex 93.32215881347656 43.10820770263672 -4.099999904632568
vertex 93.80156707763672 42.92990493774414 0
endloop
endfacet
facet normal 0.7186648534065891 0.6953566196406601 0
outer loop
vertex 37.206119537353516 -43.06080627441406 0
vertex 37.206119537353516 -43.06080627441406 -4.099999904632568
vertex 37.050662994384766 -42.90013885498047 0
endloop
endfacet
facet normal 0.0000551539022845127 0.9999999984790235 0
outer loop
vertex -92.8177261352539 -38.19282150268555 -4.099999904632568
vertex -92.8177261352539 -38.19282150268555 0
vertex -89.4978256225586 -38.1930046081543 -4.099999904632568
endloop
endfacet
facet normal -0.5191034612209339 -0.8547114112660753 0
outer loop
vertex 93.80156707763672 42.92990493774414 0
vertex 93.80156707763672 42.92990493774414 -4.099999904632568
vertex 94.2387466430664 42.66438674926758 0
endloop
endfacet
facet normal 0.00005506163148426696 0.9999999984841083 0
outer loop
vertex 2.4987895488739014 -38.19807052612305 -4.099999904632568
vertex -77.72802734375 -38.19365310668945 0
vertex 2.4987895488739014 -38.19807052612305 0
endloop
endfacet
facet normal 0 0 1
outer loop
vertex 2.6955173015594482 -38.038028717041016 -4.099999904632568
vertex -77.75959014892578 -38.14641571044922 -4.099999904632568
vertex 2.5333056449890137 -38.14641571044922 -4.099999904632568
endloop
endfacet
facet normal 0.9648290200702897 0.26287822661872295 0
outer loop
vertex -95.2853012084961 -35.95974349975586 -4.099999904632568
vertex -95.2853012084961 -35.95974349975586 0
vertex -95.15084075927734 -36.4532470703125 -4.099999904632568
endloop
endfacet
facet normal 0 0 1
outer loop
vertex 2.5333056449890137 -38.14641571044922 -4.099999904632568
vertex -77.72802734375 -38.19365310668945 -4.099999904632568
vertex 2.4987895488739014 -38.19807052612305 -4.099999904632568
endloop
endfacet
facet normal 0.8979284672578856 0.44014141782829763 0
outer loop
vertex -94.92571258544922 -36.91252899169922 -4.099999904632568
vertex -95.15084075927734 -36.4532470703125 -4.099999904632568
vertex -95.15084075927734 -36.4532470703125 0
endloop
endfacet
facet normal 0.7987964749261642 0.6016013560868474 0
outer loop
vertex -94.61799621582031 -37.321109771728516 -4.099999904632568
vertex -94.92571258544922 -36.91252899169922 -4.099999904632568
vertex -94.92571258544922 -36.91252899169922 0
endloop
endfacet
facet normal 0.9999999956078732 -0.0000937243483680943 0
outer loop
vertex -95.32499694824219 -35.49996566772461 0
vertex -95.32499694824219 -35.49996566772461 -4.099999904632568
vertex -95.31785583496094 40.69275665283203 0
endloop
endfacet
facet normal 0 0 1
outer loop
vertex -92.625 43.20003128051758 -4.099999904632568
vertex -77.92179870605469 -38.038028717041016 -4.099999904632568
vertex 2.6955173015594482 -38.038028717041016 -4.099999904632568
endloop
endfacet
facet normal 0.34859339536197814 0.9372740499501774 0
outer loop
vertex -93.80156707763672 -37.929840087890625 -4.099999904632568
vertex -93.80156707763672 -37.929840087890625 0
vertex -93.32215881347656 -38.1081428527832 -4.099999904632568
endloop
endfacet
facet normal 0 0 1
outer loop
vertex -92.625 43.20003128051758 -4.099999904632568
vertex -89.30448150634766 -38.038028717041016 -4.099999904632568
vertex -77.92179870605469 -38.038028717041016 -4.099999904632568
endloop
endfacet
facet normal 0 0 1
outer loop
vertex -92.625 43.20003128051758 -4.099999904632568
vertex -89.4666976928711 -38.14641571044922 -4.099999904632568
vertex -89.30448150634766 -38.038028717041016 -4.099999904632568
endloop
endfacet
facet normal 0 0 1
outer loop
vertex -92.625 43.20003128051758 -4.099999904632568
vertex -89.4978256225586 -38.1930046081543 -4.099999904632568
vertex -89.4666976928711 -38.14641571044922 -4.099999904632568
endloop
endfacet
facet normal 0 0 1
outer loop
vertex -92.625 43.20003128051758 -4.099999904632568
vertex -92.8177261352539 -38.19282150268555 -4.099999904632568
vertex -89.4978256225586 -38.1930046081543 -4.099999904632568
endloop
endfacet
facet normal 0.16555264734385197 0.9862009536384775 0
outer loop
vertex -93.32215881347656 -38.1081428527832 -4.099999904632568
vertex -93.32215881347656 -38.1081428527832 0
vertex -92.8177261352539 -38.19282150268555 -4.099999904632568
endloop
endfacet
facet normal 0 0 1
outer loop
vertex -94.92571258544922 -36.91252899169922 -4.099999904632568
vertex -94.61799621582031 -37.321109771728516 -4.099999904632568
vertex -94.4461441040039 42.4930305480957 -4.099999904632568
endloop
endfacet
facet normal 0 0 1
outer loop
vertex -95.2853012084961 -35.95974349975586 -4.099999904632568
vertex -95.15084075927734 -36.4532470703125 -4.099999904632568
vertex -95.2331771850586 41.19718933105469 -4.099999904632568
endloop
endfacet
facet normal 0 0 1
outer loop
vertex -95.15084075927734 -36.4532470703125 -4.099999904632568
vertex -94.92571258544922 -36.91252899169922 -4.099999904632568
vertex -95.05487060546875 41.67660140991211 -4.099999904632568
endloop
endfacet
facet normal 0 0 1
outer loop
vertex -93.32215881347656 -38.1081428527832 -4.099999904632568
vertex -92.8177261352539 -38.19282150268555 -4.099999904632568
vertex -92.625 43.20003128051758 -4.099999904632568
endloop
endfacet
facet normal 0.5191034612209339 0.8547114112660753 0
outer loop
vertex -93.80156707763672 -37.929840087890625 -4.099999904632568
vertex -94.2387466430664 -37.66432189941406 -4.099999904632568
vertex -94.2387466430664 -37.66432189941406 0
endloop
endfacet
facet normal 0 0 1
outer loop
vertex -93.80156707763672 -37.929840087890625 -4.099999904632568
vertex -93.32215881347656 -38.1081428527832 -4.099999904632568
vertex -92.625 43.20003128051758 -4.099999904632568
endloop
endfacet
facet normal 0 0 1
outer loop
vertex -94.2387466430664 -37.66432189941406 -4.099999904632568
vertex -93.80156707763672 -37.929840087890625 -4.099999904632568
vertex -93.57827758789062 43.02587127685547 -4.099999904632568
endloop
endfacet
facet normal 0.6710010015697953 0.741456442343265 0
outer loop
vertex -94.2387466430664 -37.66432189941406 -4.099999904632568
vertex -94.61799621582031 -37.321109771728516 -4.099999904632568
vertex -94.61799621582031 -37.321109771728516 0
endloop
endfacet
facet normal 0 0 1
outer loop
vertex -94.61799621582031 -37.321109771728516 -4.099999904632568
vertex -94.2387466430664 -37.66432189941406 -4.099999904632568
vertex -94.03755950927734 42.800743103027344 -4.099999904632568
endloop
endfacet
facet normal 0 0 1
outer loop
vertex -95.32499694824219 -35.49996566772461 -4.099999904632568
vertex -95.2853012084961 -35.95974349975586 -4.099999904632568
vertex -95.31785583496094 40.69275665283203 -4.099999904632568
endloop
endfacet
facet normal 0 0 1
outer loop
vertex -77.92179870605469 -38.038028717041016 -4.099999904632568
vertex -77.75959014892578 -38.14641571044922 -4.099999904632568
vertex 2.6955173015594482 -38.038028717041016 -4.099999904632568
endloop
endfacet
facet normal 0 0 1
outer loop
vertex -77.75959014892578 -38.14641571044922 -4.099999904632568
vertex -77.72802734375 -38.19365310668945 -4.099999904632568
vertex 2.5333056449890137 -38.14641571044922 -4.099999904632568
endloop
endfacet
facet normal 0 0 1
outer loop
vertex 91.32099914550781 -42.574668884277344 -4.099999904632568
vertex 91.13793182373047 -42.9763069152832 -4.099999904632568
vertex 91.26195526123047 -42.7902946472168 -4.099999904632568
endloop
endfacet
facet normal 0 0 1
outer loop
vertex 91.32099914550781 -42.574668884277344 -4.099999904632568
vertex 90.96159362792969 -43.11372756958008 -4.099999904632568
vertex 91.13793182373047 -42.9763069152832 -4.099999904632568
endloop
endfacet
facet normal 0 0 1
outer loop
vertex 90.75092315673828 -43.18854904174805 -4.099999904632568
vertex 90.96159362792969 -43.11372756958008 -4.099999904632568
vertex 91.32099914550781 -42.574668884277344 -4.099999904632568
endloop
endfacet
facet normal 0.7186648534065891 0.6953566196406601 0
outer loop
vertex 37.206119537353516 -43.06080627441406 -4.099999904632568
vertex 37.050662994384766 -42.90013885498047 -4.099999904632568
vertex 37.050662994384766 -42.90013885498047 0
endloop
endfacet
facet normal 0.46276834324094207 0.8864792498947923 0
outer loop
vertex 37.40430450439453 -43.16426467895508 -4.099999904632568
vertex 37.206119537353516 -43.06080627441406 -4.099999904632568
vertex 37.206119537353516 -43.06080627441406 0
endloop
endfacet
facet normal 0 0 1
outer loop
vertex 90.625 -43.19996643066406 -4.099999904632568
vertex 90.75092315673828 -43.18854904174805 -4.099999904632568
vertex 91.32499694824219 -38.19996643066406 -4.099999904632568
endloop
endfacet
facet normal 0.00005506163148426696 0.9999999984841083 0
outer loop
vertex -77.72802734375 -38.19365310668945 -4.099999904632568
vertex -77.72802734375 -38.19365310668945 0
vertex 2.4987895488739014 -38.19807052612305 -4.099999904632568
endloop
endfacet
facet normal 0.15969324542794835 0.9871666867174403 0
outer loop
vertex 37.625 -43.19996643066406 -4.099999904632568
vertex 37.40430450439453 -43.16426467895508 -4.099999904632568
vertex 37.40430450439453 -43.16426467895508 0
endloop
endfacet
facet normal 0.9012440953785119 0.4333117590665728 0
outer loop
vertex 37.050662994384766 -42.90013885498047 -4.099999904632568
vertex 36.95378875732422 -42.69865036010742 -4.099999904632568
vertex 36.95378875732422 -42.69865036010742 0
endloop
endfacet
facet normal -0.9999995824433408 0.0009138452517528057 0
outer loop
vertex 91.32499694824219 -38.19996643066406 0
vertex 91.32499694824219 -38.19996643066406 -4.099999904632568
vertex 91.32099914550781 -42.574668884277344 0
endloop
endfacet
facet normal -0.022551469231944704 0.9997456832792431 0
outer loop
vertex 93.08477783203125 -38.16027069091797 0
vertex 91.32499694824219 -38.19996643066406 -4.099999904632568
vertex 91.32499694824219 -38.19996643066406 0
endloop
endfacet
facet normal -0.2628870608150256 0.9648266130533698 0
outer loop
vertex 93.57827758789062 -38.02580642700195 0
vertex 93.57827758789062 -38.02580642700195 -4.099999904632568
vertex 93.08477783203125 -38.16027069091797 0
endloop
endfacet
facet normal -0.44014141782829763 0.8979284672578856 0
outer loop
vertex 94.03755950927734 -37.80067825317383 0
vertex 94.03755950927734 -37.80067825317383 -4.099999904632568
vertex 93.57827758789062 -38.02580642700195 0
endloop
endfacet
facet normal 0.9962936872248852 0.08601679368497075 0
outer loop
vertex -95.2853012084961 -35.95974349975586 0
vertex -95.2853012084961 -35.95974349975586 -4.099999904632568
vertex -95.32499694824219 -35.49996566772461 0
endloop
endfacet
facet normal -0.6015930133811593 0.7988027580391646 0
outer loop
vertex 94.4461441040039 -37.49296569824219 0
vertex 94.4461441040039 -37.49296569824219 -4.099999904632568
vertex 94.03755950927734 -37.80067825317383 0
endloop
endfacet
facet normal -0.7414635106665586 0.6709931909863334 0
outer loop
vertex 94.78935241699219 -37.113712310791016 0
vertex 94.78935241699219 -37.113712310791016 -4.099999904632568
vertex 94.4461441040039 -37.49296569824219 0
endloop
endfacet
facet normal 0.9962936872248852 0.08601679368497075 0
outer loop
vertex -95.2853012084961 -35.95974349975586 -4.099999904632568
vertex -95.32499694824219 -35.49996566772461 -4.099999904632568
vertex -95.32499694824219 -35.49996566772461 0
endloop
endfacet
facet normal -0.8547094015637822 0.5191067702106008 0
outer loop
vertex 95.05487060546875 -36.676536560058594 0
vertex 95.05487060546875 -36.676536560058594 -4.099999904632568
vertex 94.78935241699219 -37.113712310791016 0
endloop
endfacet
facet normal 0.9999795235550428 0.006399411740892636 0
outer loop
vertex 36.95378875732422 -42.69865036010742 -4.099999904632568
vertex 36.92499923706055 -38.19996643066406 -4.099999904632568
vertex 36.95378875732422 -42.69865036010742 0
endloop
endfacet
facet normal -0.9372725195025521 0.34859751029710195 0
outer loop
vertex 95.2331771850586 -36.19712448120117 0
vertex 95.2331771850586 -36.19712448120117 -4.099999904632568
vertex 95.05487060546875 -36.676536560058594 0
endloop
endfacet
facet normal -0.9862009536384775 0.16555264734385197 0
outer loop
vertex 95.31785583496094 -35.692691802978516 -4.099999904632568
vertex 95.2331771850586 -36.19712448120117 0
vertex 95.31785583496094 -35.692691802978516 0
endloop
endfacet
facet normal 0.9648290200702897 0.26287822661872295 0
outer loop
vertex -95.15084075927734 -36.4532470703125 0
vertex -95.15084075927734 -36.4532470703125 -4.099999904632568
vertex -95.2853012084961 -35.95974349975586 0
endloop
endfacet
facet normal 0.00005507399486027935 0.9999999984834275 0
outer loop
vertex 36.92499923706055 -38.19996643066406 0
vertex 36.92499923706055 -38.19996643066406 -4.099999904632568
vertex 14.275362014770508 -38.1987190246582 0
endloop
endfacet
facet normal 0 0 1
outer loop
vertex 90.625 -15.499967575073242 -4.099999904632568
vertex 95.31785583496094 -35.692691802978516 -4.099999904632568
vertex 95.32499694824219 40.50003433227539 -4.099999904632568
endloop
endfacet
facet normal -0.9999999956078737 0.00009372434367565145 0
outer loop
vertex 95.32499694824219 40.50003433227539 -4.099999904632568
vertex 95.31785583496094 -35.692691802978516 -4.099999904632568
vertex 95.31785583496094 -35.692691802978516 0
endloop
endfacet
facet normal -0.6146892859569487 0.7887693463426025 0
outer loop
vertex 91.13793182373047 -42.9763069152832 0
vertex 91.13793182373047 -42.9763069152832 -4.099999904632568
vertex 90.96159362792969 -43.11372756958008 0
endloop
endfacet
facet normal 0.00005507399486027935 0.9999999984834275 0
outer loop
vertex 36.92499923706055 -38.19996643066406 -4.099999904632568
vertex 14.275362014770508 -38.1987190246582 -4.099999904632568
vertex 14.275362014770508 -38.1987190246582 0
endloop
endfacet
facet normal -0.9644943758191509 0.26410338697795344 0
outer loop
vertex 91.32099914550781 -42.574668884277344 0
vertex 91.32099914550781 -42.574668884277344 -4.099999904632568
vertex 91.26195526123047 -42.7902946472168 0
endloop
endfacet
facet normal -0.6710010015697953 -0.741456442343265 0
outer loop
vertex 94.2387466430664 42.66438674926758 -4.099999904632568
vertex 94.61799621582031 42.32117462158203 -4.099999904632568
vertex 94.61799621582031 42.32117462158203 0
endloop
endfacet
facet normal -0.0000385290279220828 -0.999999999257757 0
outer loop
vertex -92.625 43.20003128051758 0
vertex -92.625 43.20003128051758 -4.099999904632568
vertex 92.8177261352539 43.19288635253906 0
endloop
endfacet
facet normal 0.0000551539022845127 0.9999999984790235 0
outer loop
vertex -89.4978256225586 -38.1930046081543 -4.099999904632568
vertex -92.8177261352539 -38.19282150268555 0
vertex -89.4978256225586 -38.1930046081543 0
endloop
endfacet
facet normal -0.16555264734385197 -0.9862009536384775 0
outer loop
vertex 92.8177261352539 43.19288635253906 -4.099999904632568
vertex 93.32215881347656 43.10820770263672 -4.099999904632568
vertex 93.32215881347656 43.10820770263672 0
endloop
endfacet
facet normal 0 0 1
outer loop
vertex 90.625 -15.499967575073242 -4.099999904632568
vertex 91.32499694824219 -38.19996643066406 -4.099999904632568
vertex 93.08477783203125 -38.16027069091797 -4.099999904632568
endloop
endfacet
facet normal -0.34859339536197814 -0.9372740499501774 0
outer loop
vertex 93.32215881347656 43.10820770263672 -4.099999904632568
vertex 93.80156707763672 42.92990493774414 -4.099999904632568
vertex 93.80156707763672 42.92990493774414 0
endloop
endfacet
facet normal 0.7987964749261642 0.6016013560868474 0
outer loop
vertex -94.61799621582031 -37.321109771728516 0
vertex -94.61799621582031 -37.321109771728516 -4.099999904632568
vertex -94.92571258544922 -36.91252899169922 0
endloop
endfacet
facet normal 0.8979284672578856 0.44014141782829763 0
outer loop
vertex -94.92571258544922 -36.91252899169922 0
vertex -94.92571258544922 -36.91252899169922 -4.099999904632568
vertex -95.15084075927734 -36.4532470703125 0
endloop
endfacet
facet normal 0 0 1
outer loop
vertex 90.625 -15.499967575073242 -4.099999904632568
vertex 94.03755950927734 -37.80067825317383 -4.099999904632568
vertex 94.4461441040039 -37.49296569824219 -4.099999904632568
endloop
endfacet
facet normal -0.5191034612209339 -0.8547114112660753 0
outer loop
vertex 93.80156707763672 42.92990493774414 -4.099999904632568
vertex 94.2387466430664 42.66438674926758 -4.099999904632568
vertex 94.2387466430664 42.66438674926758 0
endloop
endfacet
facet normal 0 0 1
outer loop
vertex 37.40430450439453 -43.16426467895508 -4.099999904632568
vertex 36.95378875732422 -42.69865036010742 -4.099999904632568
vertex 37.206119537353516 -43.06080627441406 -4.099999904632568
endloop
endfacet
facet normal 0 0 1
outer loop
vertex 37.206119537353516 -43.06080627441406 -4.099999904632568
vertex 36.95378875732422 -42.69865036010742 -4.099999904632568
vertex 37.050662994384766 -42.90013885498047 -4.099999904632568
endloop
endfacet
facet normal 0 0 1
outer loop
vertex 36.95378875732422 -42.69865036010742 -4.099999904632568
vertex 37.40430450439453 -43.16426467895508 -4.099999904632568
vertex 37.625 -43.19996643066406 -4.099999904632568
endloop
endfacet
facet normal 0 0 1
outer loop
vertex 36.95378875732422 -42.69865036010742 -4.099999904632568
vertex 37.625 -43.19996643066406 -4.099999904632568
vertex 36.92499923706055 -38.19996643066406 -4.099999904632568
endloop
endfacet
facet normal 0 0 1
outer loop
vertex 37.625 -15.499967575073242 -4.099999904632568
vertex 90.625 -15.499967575073242 -4.099999904632568
vertex -92.625 43.20003128051758 -4.099999904632568
endloop
endfacet
facet normal 0 0 1
outer loop
vertex 36.92499923706055 -38.19996643066406 -4.099999904632568
vertex 37.625 -43.19996643066406 -4.099999904632568
vertex 37.625 -15.499967575073242 -4.099999904632568
endloop
endfacet
facet normal 0 0 1
outer loop
vertex -92.625 43.20003128051758 -4.099999904632568
vertex 90.625 -15.499967575073242 -4.099999904632568
vertex 95.32499694824219 40.50003433227539 -4.099999904632568
endloop
endfacet
facet normal 0 0 1
outer loop
vertex -92.625 43.20003128051758 -4.099999904632568
vertex 95.32499694824219 40.50003433227539 -4.099999904632568
vertex 92.8177261352539 43.19288635253906 -4.099999904632568
endloop
endfacet
facet normal -0.0000385290279220828 -0.999999999257757 0
outer loop
vertex 92.8177261352539 43.19288635253906 0
vertex -92.625 43.20003128051758 -4.099999904632568
vertex 92.8177261352539 43.19288635253906 -4.099999904632568
endloop
endfacet
facet normal -0.999953503557508 -0.0004246842924330556 -0.009633813695349987
outer loop
vertex 95.32499694824219 40.50003433227539 -4.099999904632568
vertex 95.31785583496094 -35.692691802978516 0
vertex 95.2853012084961 40.959808349609375 0
endloop
endfacet
facet normal 0.08601679368497075 -0.9962936872248852 0
outer loop
vertex -93.08477783203125 43.160335540771484 0
vertex -93.08477783203125 43.160335540771484 -4.099999904632568
vertex -92.625 43.20003128051758 0
endloop
endfacet
facet normal 0.2628870608150256 -0.9648266130533698 0
outer loop
vertex -93.57827758789062 43.02587127685547 0
vertex -93.57827758789062 43.02587127685547 -4.099999904632568
vertex -93.08477783203125 43.160335540771484 0
endloop
endfacet
facet normal 0.44014141782829763 -0.8979284672578856 0
outer loop
vertex -94.03755950927734 42.800743103027344 0
vertex -94.03755950927734 42.800743103027344 -4.099999904632568
vertex -93.57827758789062 43.02587127685547 0
endloop
endfacet
facet normal 0.6015930133811593 -0.7988027580391646 0
outer loop
vertex -94.4461441040039 42.4930305480957 0
vertex -94.4461441040039 42.4930305480957 -4.099999904632568
vertex -94.03755950927734 42.800743103027344 0
endloop
endfacet
facet normal 0.7414635106665586 -0.6709931909863334 0
outer loop
vertex -94.78935241699219 42.11377716064453 0
vertex -94.78935241699219 42.11377716064453 -4.099999904632568
vertex -94.4461441040039 42.4930305480957 0
endloop
endfacet
facet normal 0.8547094015637822 -0.5191067702106008 0
outer loop
vertex -95.05487060546875 41.67660140991211 0
vertex -95.05487060546875 41.67660140991211 -4.099999904632568
vertex -94.78935241699219 42.11377716064453 0
endloop
endfacet
facet normal 0.9372725195025521 -0.34859751029710195 0
outer loop
vertex -95.2331771850586 41.19718933105469 0
vertex -95.2331771850586 41.19718933105469 -4.099999904632568
vertex -95.05487060546875 41.67660140991211 0
endloop
endfacet
facet normal 0.9862009536384775 -0.16555264734385197 0
outer loop
vertex -95.31785583496094 40.69275665283203 0
vertex -95.31785583496094 40.69275665283203 -4.099999904632568
vertex -95.2331771850586 41.19718933105469 0
endloop
endfacet
facet normal 0 0 1
outer loop
vertex 90.625 -15.499967575073242 -4.099999904632568
vertex 93.57827758789062 -38.02580642700195 -4.099999904632568
vertex 94.03755950927734 -37.80067825317383 -4.099999904632568
endloop
endfacet
facet normal 0 0 1
outer loop
vertex 90.625 -15.499967575073242 -4.099999904632568
vertex 94.78935241699219 -37.113712310791016 -4.099999904632568
vertex 95.05487060546875 -36.676536560058594 -4.099999904632568
endloop
endfacet
facet normal -0.0902990813814606 0.9959146930845354 0
outer loop
vertex 90.75092315673828 -43.18854904174805 0
vertex 90.75092315673828 -43.18854904174805 -4.099999904632568
vertex 90.625 -43.19996643066406 0
endloop
endfacet
facet normal 0 0 1
outer loop
vertex 90.625 -15.499967575073242 -4.099999904632568
vertex 90.625 -43.19996643066406 -4.099999904632568
vertex 91.32499694824219 -38.19996643066406 -4.099999904632568
endloop
endfacet
facet normal -0.9962936260643476 -0.08601750207692552 0
outer loop
vertex 95.2853012084961 40.959808349609375 -4.099999904632568
vertex 95.32499694824219 40.50003433227539 -4.099999904632568
vertex 95.2853012084961 40.959808349609375 0
endloop
endfacet
facet normal 0.08601679368497075 -0.9962936872248852 0
outer loop
vertex -93.08477783203125 43.160335540771484 -4.099999904632568
vertex -92.625 43.20003128051758 -4.099999904632568
vertex -92.625 43.20003128051758 0
endloop
endfacet
facet normal 0.2628870608150256 -0.9648266130533698 0
outer loop
vertex -93.57827758789062 43.02587127685547 -4.099999904632568
vertex -93.08477783203125 43.160335540771484 -4.099999904632568
vertex -93.08477783203125 43.160335540771484 0
endloop
endfacet
facet normal 0.44014141782829763 -0.8979284672578856 0
outer loop
vertex -94.03755950927734 42.800743103027344 -4.099999904632568
vertex -93.57827758789062 43.02587127685547 -4.099999904632568
vertex -93.57827758789062 43.02587127685547 0
endloop
endfacet
facet normal 0.6015930133811593 -0.7988027580391646 0
outer loop
vertex -94.4461441040039 42.4930305480957 -4.099999904632568
vertex -94.03755950927734 42.800743103027344 -4.099999904632568
vertex -94.03755950927734 42.800743103027344 0
endloop
endfacet
facet normal 0.7414635106665586 -0.6709931909863334 0
outer loop
vertex -94.78935241699219 42.11377716064453 -4.099999904632568
vertex -94.4461441040039 42.4930305480957 -4.099999904632568
vertex -94.4461441040039 42.4930305480957 0
endloop
endfacet
facet normal 0.8547094015637822 -0.5191067702106008 0
outer loop
vertex -95.05487060546875 41.67660140991211 -4.099999904632568
vertex -94.78935241699219 42.11377716064453 -4.099999904632568
vertex -94.78935241699219 42.11377716064453 0
endloop
endfacet
facet normal 0.9372725195025521 -0.34859751029710195 0
outer loop
vertex -95.2331771850586 41.19718933105469 -4.099999904632568
vertex -95.05487060546875 41.67660140991211 -4.099999904632568
vertex -95.05487060546875 41.67660140991211 0
endloop
endfacet
facet normal 0.9862009536384775 -0.16555264734385197 0
outer loop
vertex -95.31785583496094 40.69275665283203 -4.099999904632568
vertex -95.2331771850586 41.19718933105469 -4.099999904632568
vertex -95.2331771850586 41.19718933105469 0
endloop
endfacet
facet normal 0 0 1
outer loop
vertex 92.8177261352539 43.19288635253906 -4.099999904632568
vertex 95.32499694824219 40.50003433227539 -4.099999904632568
vertex 95.2853012084961 40.959808349609375 -4.099999904632568
endloop
endfacet
facet normal 0 0 1
outer loop
vertex 95.15084075927734 41.453311920166016 -4.099999904632568
vertex 92.8177261352539 43.19288635253906 -4.099999904632568
vertex 95.2853012084961 40.959808349609375 -4.099999904632568
endloop
endfacet
facet normal 0 0 1
outer loop
vertex 95.15084075927734 41.453311920166016 -4.099999904632568
vertex 93.80156707763672 42.92990493774414 -4.099999904632568
vertex 93.32215881347656 43.10820770263672 -4.099999904632568
endloop
endfacet
facet normal 0 0 1
outer loop
vertex 69.125 -34.49996566772461 -8.199999809265137
vertex 69.125 -43.49996566772461 -8.199999809265137
vertex 78.125 -34.49996566772461 -8.199999809265137
endloop
endfacet
facet normal 0 0 1
outer loop
vertex 78.125 -34.49996566772461 -8.199999809265137
vertex 69.125 -43.49996566772461 -8.199999809265137
vertex 78.125 -43.49996566772461 -8.199999809265137
endloop
endfacet
facet normal 0 1 0
outer loop
vertex 60.375 -43.49996566772461 -5.699999809265137
vertex 59.99231719970703 -43.49996566772461 -5.776120662689209
vertex 37.625 -43.49996566772461 0
endloop
endfacet
facet normal 0 0 1
outer loop
vertex 37.625 -15.499967575073242 -8.199999809265137
vertex 59.125 -34.49996566772461 -8.199999809265137
vertex 69.125 -34.49996566772461 -8.199999809265137
endloop
endfacet
facet normal 0 0 1
outer loop
vertex 88.125 -43.49996566772461 -8.199999809265137
vertex 90.625 -43.49996566772461 -8.199999809265137
vertex 88.125 -34.49996566772461 -8.199999809265137
endloop
endfacet
facet normal 0 0 1
outer loop
vertex 78.125 -34.49996566772461 -8.199999809265137
vertex 88.125 -34.49996566772461 -8.199999809265137
vertex 90.625 -15.499967575073242 -8.199999809265137
endloop
endfacet
facet normal 0 1 0
outer loop
vertex 90.625 -43.49996566772461 0
vertex 87.5972671508789 -43.49996566772461 -5
vertex 87.5972671508789 -43.49996566772461 0
endloop
endfacet
facet normal -1 0 0
outer loop
vertex 90.625 -43.19996643066406 0
vertex 90.625 -43.19996643066406 -4.099999904632568
vertex 90.625 -43.49996566772461 0
endloop
endfacet
facet normal 0 0 1
outer loop
vertex 88.125 -34.49996566772461 -8.199999809265137
vertex 90.625 -43.49996566772461 -8.199999809265137
vertex 90.625 -15.499967575073242 -8.199999809265137
endloop
endfacet
facet normal 0 0 1
outer loop
vertex 59.125 -34.49996566772461 -8.199999809265137
vertex 50.125 -43.49996566772461 -8.199999809265137
vertex 59.125 -43.49996566772461 -8.199999809265137
endloop
endfacet
facet normal 0 0 1
outer loop
vertex 59.125 -34.49996566772461 -8.199999809265137
vertex 50.125 -34.49996566772461 -8.199999809265137
vertex 50.125 -43.49996566772461 -8.199999809265137
endloop
endfacet
facet normal -1 0 0
outer loop
vertex 90.625 -15.499967575073242 -4.099999904632568
vertex 90.625 -43.49996566772461 -8.199999809265137
vertex 90.625 -43.19996643066406 -4.099999904632568
endloop
endfacet
facet normal -1 0 0
outer loop
vertex 90.625 -15.499967575073242 -8.199999809265137
vertex 90.625 -43.49996566772461 -8.199999809265137
vertex 90.625 -15.499967575073242 -4.099999904632568
endloop
endfacet
facet normal 0 0 1
outer loop
vertex 37.625 -15.499967575073242 -8.199999809265137
vertex 78.125 -34.49996566772461 -8.199999809265137
vertex 90.625 -15.499967575073242 -8.199999809265137
endloop
endfacet
facet normal 1 0 0
outer loop
vertex 37.625 -43.49996566772461 0
vertex 37.625 -43.19996643066406 -4.099999904632568
vertex 37.625 -43.19996643066406 0
endloop
endfacet
facet normal 0 0 1
outer loop
vertex 50.125 -34.49996566772461 -8.199999809265137
vertex 59.125 -34.49996566772461 -8.199999809265137
vertex 37.625 -15.499967575073242 -8.199999809265137
endloop
endfacet
facet normal 0 0 1
outer loop
vertex 37.625 -15.499967575073242 -8.199999809265137
vertex 40.125 -34.49996566772461 -8.199999809265137
vertex 50.125 -34.49996566772461 -8.199999809265137
endloop
endfacet
facet normal 0 0 1
outer loop
vertex 40.125 -34.49996566772461 -8.199999809265137
vertex 37.625 -15.499967575073242 -8.199999809265137
vertex 37.625 -43.49996566772461 -8.199999809265137
endloop
endfacet
facet normal 0 0 1
outer loop
vertex 40.125 -43.49996566772461 -8.199999809265137
vertex 40.125 -34.49996566772461 -8.199999809265137
vertex 37.625 -43.49996566772461 -8.199999809265137
endloop
endfacet
facet normal -1 0 0
outer loop
vertex 90.625 -43.49996566772461 -8.199999809265137
vertex 90.625 -43.49996566772461 0
vertex 90.625 -43.19996643066406 -4.099999904632568
endloop
endfacet
facet normal 0 1 0
outer loop
vertex 87.5972671508789 -43.49996566772461 -5
vertex 90.625 -43.49996566772461 0
vertex 90.625 -43.49996566772461 -8.199999809265137
endloop
endfacet
facet normal 0 -1 0
outer loop
vertex 37.625 -15.499967575073242 -8.199999809265137
vertex 90.625 -15.499967575073242 -8.199999809265137
vertex 90.625 -15.499967575073242 -4.099999904632568
endloop
endfacet
facet normal 0 -1 0
outer loop
vertex 37.625 -15.499967575073242 -4.099999904632568
vertex 37.625 -15.499967575073242 -8.199999809265137
vertex 90.625 -15.499967575073242 -4.099999904632568
endloop
endfacet
facet normal 0 1 0
outer loop
vertex 40.125 -43.49996566772461 -8.199999809265137
vertex 37.625 -43.49996566772461 -8.199999809265137
vertex 37.625 -43.49996566772461 0
endloop
endfacet
facet normal 0 1 0
outer loop
vertex 50.125 -43.49996566772461 -8.199999809265137
vertex 40.125 -43.49996566772461 -8.199999809265137
vertex 37.625 -43.49996566772461 0
endloop
endfacet
facet normal 0 1 0
outer loop
vertex 59.99231719970703 -43.49996566772461 -5.776120662689209
vertex 59.66789245605469 -43.49996566772461 -5.992893218994141
vertex 37.625 -43.49996566772461 0
endloop
endfacet
facet normal 0 1 0
outer loop
vertex 59.125 -43.49996566772461 -8.199999809265137
vertex 50.125 -43.49996566772461 -8.199999809265137
vertex 37.625 -43.49996566772461 0
endloop
endfacet
facet normal 1 0 0
outer loop
vertex 37.625 -43.49996566772461 0
vertex 37.625 -43.49996566772461 -8.199999809265137
vertex 37.625 -43.19996643066406 -4.099999904632568
endloop
endfacet
facet normal 1 0 0
outer loop
vertex 37.625 -43.49996566772461 -8.199999809265137
vertex 37.625 -15.499967575073242 -8.199999809265137
vertex 37.625 -15.499967575073242 -4.099999904632568
endloop
endfacet
facet normal 1 0 0
outer loop
vertex 37.625 -43.19996643066406 -4.099999904632568
vertex 37.625 -43.49996566772461 -8.199999809265137
vertex 37.625 -15.499967575073242 -4.099999904632568
endloop
endfacet
facet normal 0 1 0
outer loop
vertex 75.5972671508789 -43.49996566772461 -5
vertex 37.625 -43.49996566772461 0
vertex 75.5972671508789 -43.49996566772461 0
endloop
endfacet
facet normal 0 1 0
outer loop
vertex 67.875 -43.49996566772461 -5.699999809265137
vertex 60.375 -43.49996566772461 -5.699999809265137
vertex 37.625 -43.49996566772461 0
endloop
endfacet
facet normal 0 1 0
outer loop
vertex 90.625 -43.49996566772461 -8.199999809265137
vertex 75.5972671508789 -43.49996566772461 -5
vertex 87.5972671508789 -43.49996566772461 -5
endloop
endfacet
facet normal 0 1 0
outer loop
vertex 67.875 -43.49996566772461 -5.699999809265137
vertex 88.125 -43.49996566772461 -8.199999809265137
vertex 68.25768280029297 -43.49996566772461 -5.776120662689209
endloop
endfacet
facet normal 0 1 0
outer loop
vertex 88.125 -43.49996566772461 -8.199999809265137
vertex 78.125 -43.49996566772461 -8.199999809265137
vertex 68.25768280029297 -43.49996566772461 -5.776120662689209
endloop
endfacet
facet normal 0 0 1
outer loop
vertex 37.625 -15.499967575073242 -8.199999809265137
vertex 69.125 -34.49996566772461 -8.199999809265137
vertex 78.125 -34.49996566772461 -8.199999809265137
endloop
endfacet
facet normal 0 1 0
outer loop
vertex 90.625 -43.49996566772461 -8.199999809265137
vertex 37.625 -43.49996566772461 0
vertex 75.5972671508789 -43.49996566772461 -5
endloop
endfacet
facet normal 0 1 0
outer loop
vertex 37.625 -43.49996566772461 0
vertex 88.125 -43.49996566772461 -8.199999809265137
vertex 67.875 -43.49996566772461 -5.699999809265137
endloop
endfacet
facet normal 0 1 0
outer loop
vertex 90.625 -43.49996566772461 -8.199999809265137
vertex 88.125 -43.49996566772461 -8.199999809265137
vertex 37.625 -43.49996566772461 0
endloop
endfacet
facet normal 0 1 0
outer loop
vertex 59.66789245605469 -43.49996566772461 -5.992893218994141
vertex 59.45112228393555 -43.49996566772461 -6.31731653213501
vertex 37.625 -43.49996566772461 0
endloop
endfacet
facet normal 0 1 0
outer loop
vertex 59.45112228393555 -43.49996566772461 -6.31731653213501
vertex 59.375 -43.49996566772461 -6.699999809265137
vertex 37.625 -43.49996566772461 0
endloop
endfacet
facet normal 0 1 0
outer loop
vertex 59.375 -43.49996566772461 -6.699999809265137
vertex 59.375 -43.49996566772461 -8.199999809265137
vertex 37.625 -43.49996566772461 0
endloop
endfacet
facet normal 0 1 0
outer loop
vertex 59.375 -43.49996566772461 -8.199999809265137
vertex 59.125 -43.49996566772461 -8.199999809265137
vertex 37.625 -43.49996566772461 0
endloop
endfacet
facet normal 0 1 0
outer loop
vertex 78.125 -43.49996566772461 -8.199999809265137
vertex 68.58210754394531 -43.49996566772461 -5.992893218994141
vertex 68.25768280029297 -43.49996566772461 -5.776120662689209
endloop
endfacet
facet normal 0 1 0
outer loop
vertex 68.79888153076172 -43.49996566772461 -6.31731653213501
vertex 68.58210754394531 -43.49996566772461 -5.992893218994141
vertex 78.125 -43.49996566772461 -8.199999809265137
endloop
endfacet
facet normal 0 1 0
outer loop
vertex 68.875 -43.49996566772461 -6.699999809265137
vertex 68.79888153076172 -43.49996566772461 -6.31731653213501
vertex 78.125 -43.49996566772461 -8.199999809265137
endloop
endfacet
facet normal 0 1 0
outer loop
vertex 78.125 -43.49996566772461 -8.199999809265137
vertex 69.125 -43.49996566772461 -8.199999809265137
vertex 68.875 -43.49996566772461 -6.699999809265137
endloop
endfacet
facet normal 0 1 0
outer loop
vertex 69.125 -43.49996566772461 -8.199999809265137
vertex 68.875 -43.49996566772461 -8.199999809265137
vertex 68.875 -43.49996566772461 -6.699999809265137
endloop
endfacet
facet normal 0 -1 0
outer loop
vertex 69.125 -34.49996566772461 -8.199999809265137
vertex 59.125 -34.49996566772461 -9.5
vertex 69.125 -34.49996566772461 -9.5
endloop
endfacet
facet normal 0 -1 0
outer loop
vertex 59.125 -34.49996566772461 -8.199999809265137
vertex 59.125 -34.49996566772461 -9.5
vertex 69.125 -34.49996566772461 -8.199999809265137
endloop
endfacet
facet normal -1 0 0
outer loop
vertex 69.125 -34.49996566772461 -9.5
vertex 69.125 -43.49996566772461 -8.199999809265137
vertex 69.125 -34.49996566772461 -8.199999809265137
endloop
endfacet
facet normal -1 0 0
outer loop
vertex 69.125 -34.49996566772461 -9.5
vertex 69.125 -43.49996566772461 -9.5
vertex 69.125 -43.49996566772461 -8.199999809265137
endloop
endfacet
facet normal 0 0 1
outer loop
vertex 59.125 -34.49996566772461 -9.5
vertex 69.125 -43.49996566772461 -9.5
vertex 69.125 -34.49996566772461 -9.5
endloop
endfacet
facet normal 0 0 1
outer loop
vertex 59.125 -34.49996566772461 -9.5
vertex 59.125 -43.49996566772461 -9.5
vertex 69.125 -43.49996566772461 -9.5
endloop
endfacet
facet normal 0 1 0
outer loop
vertex 68.875 -43.49996566772461 -8.199999809265137
vertex 69.125 -43.49996566772461 -8.199999809265137
vertex 69.125 -43.49996566772461 -9.5
endloop
endfacet
facet normal 0 1 0
outer loop
vertex 68.79888153076172 -43.49996566772461 -8.582683563232422
vertex 68.875 -43.49996566772461 -8.199999809265137
vertex 69.125 -43.49996566772461 -9.5
endloop
endfacet
facet normal 0 1 0
outer loop
vertex 68.58210754394531 -43.49996566772461 -8.907106399536133
vertex 68.79888153076172 -43.49996566772461 -8.582683563232422
vertex 69.125 -43.49996566772461 -9.5
endloop
endfacet
facet normal 0 1 0
outer loop
vertex 68.25768280029297 -43.49996566772461 -9.123879432678223
vertex 68.58210754394531 -43.49996566772461 -8.907106399536133
vertex 69.125 -43.49996566772461 -9.5
endloop
endfacet
facet normal 0 1 0
outer loop
vertex 69.125 -43.49996566772461 -9.5
vertex 67.875 -43.49996566772461 -9.199999809265137
vertex 68.25768280029297 -43.49996566772461 -9.123879432678223
endloop
endfacet
facet normal 0 1 0
outer loop
vertex 59.125 -43.49996566772461 -9.5
vertex 67.875 -43.49996566772461 -9.199999809265137
vertex 69.125 -43.49996566772461 -9.5
endloop
endfacet
facet normal 0 1 0
outer loop
vertex 60.375 -43.49996566772461 -9.199999809265137
vertex 67.875 -43.49996566772461 -9.199999809265137
vertex 59.125 -43.49996566772461 -9.5
endloop
endfacet
facet normal 1 0 0
outer loop
vertex 59.125 -34.49996566772461 -8.199999809265137
vertex 59.125 -43.49996566772461 -9.5
vertex 59.125 -34.49996566772461 -9.5
endloop
endfacet
facet normal 1 0 0
outer loop
vertex 59.125 -43.49996566772461 -8.199999809265137
vertex 59.125 -43.49996566772461 -9.5
vertex 59.125 -34.49996566772461 -8.199999809265137
endloop
endfacet
facet normal 0 1 0
outer loop
vertex 59.375 -43.49996566772461 -8.199999809265137
vertex 59.45112228393555 -43.49996566772461 -8.582683563232422
vertex 59.125 -43.49996566772461 -8.199999809265137
endloop
endfacet
facet normal 0 1 0
outer loop
vertex 59.45112228393555 -43.49996566772461 -8.582683563232422
vertex 59.125 -43.49996566772461 -9.5
vertex 59.125 -43.49996566772461 -8.199999809265137
endloop
endfacet
facet normal 0 1 0
outer loop
vertex 59.66789245605469 -43.49996566772461 -8.907106399536133
vertex 59.125 -43.49996566772461 -9.5
vertex 59.45112228393555 -43.49996566772461 -8.582683563232422
endloop
endfacet
facet normal 0 1 0
outer loop
vertex 59.99231719970703 -43.49996566772461 -9.123879432678223
vertex 59.125 -43.49996566772461 -9.5
vertex 59.66789245605469 -43.49996566772461 -8.907106399536133
endloop
endfacet
facet normal 0 1 0
outer loop
vertex 59.125 -43.49996566772461 -9.5
vertex 59.99231719970703 -43.49996566772461 -9.123879432678223
vertex 60.375 -43.49996566772461 -9.199999809265137
endloop
endfacet
facet normal -1 0 0
outer loop
vertex 50.125 -34.49996566772461 -8.199999809265137
vertex 50.125 -34.49996566772461 -9.5
vertex 50.125 -43.49996566772461 -8.199999809265137
endloop
endfacet
facet normal -1 0 0
outer loop
vertex 50.125 -34.49996566772461 -9.5
vertex 50.125 -43.49996566772461 -9.5
vertex 50.125 -43.49996566772461 -8.199999809265137
endloop
endfacet
facet normal 0 -1 0
outer loop
vertex 50.125 -34.49996566772461 -8.199999809265137
vertex 40.125 -34.49996566772461 -9.5
vertex 50.125 -34.49996566772461 -9.5
endloop
endfacet
facet normal 0 -1 0
outer loop
vertex 40.125 -34.49996566772461 -8.199999809265137
vertex 40.125 -34.49996566772461 -9.5
vertex 50.125 -34.49996566772461 -8.199999809265137
endloop
endfacet
facet normal 1 0 0
outer loop
vertex 40.125 -34.49996566772461 -8.199999809265137
vertex 40.125 -43.49996566772461 -9.5
vertex 40.125 -34.49996566772461 -9.5
endloop
endfacet
facet normal 1 0 0
outer loop
vertex 40.125 -43.49996566772461 -8.199999809265137
vertex 40.125 -43.49996566772461 -9.5
vertex 40.125 -34.49996566772461 -8.199999809265137
endloop
endfacet
facet normal 0 0 1
outer loop
vertex 40.125 -34.49996566772461 -9.5
vertex 50.125 -43.49996566772461 -9.5
vertex 50.125 -34.49996566772461 -9.5
endloop
endfacet
facet normal 0 0 1
outer loop
vertex 40.125 -43.49996566772461 -9.5
vertex 50.125 -43.49996566772461 -9.5
vertex 40.125 -34.49996566772461 -9.5
endloop
endfacet
facet normal 0 1 0
outer loop
vertex 50.125 -43.49996566772461 -9.5
vertex 40.125 -43.49996566772461 -8.199999809265137
vertex 50.125 -43.49996566772461 -8.199999809265137
endloop
endfacet
facet normal 0 1 0
outer loop
vertex 40.125 -43.49996566772461 -9.5
vertex 40.125 -43.49996566772461 -8.199999809265137
vertex 50.125 -43.49996566772461 -9.5
endloop
endfacet
facet normal 1 0 0
outer loop
vertex 78.125 -34.49996566772461 -8.199999809265137
vertex 78.125 -43.49996566772461 -9.5
vertex 78.125 -34.49996566772461 -9.5
endloop
endfacet
facet normal 1 0 0
outer loop
vertex 78.125 -43.49996566772461 -8.199999809265137
vertex 78.125 -43.49996566772461 -9.5
vertex 78.125 -34.49996566772461 -8.199999809265137
endloop
endfacet
facet normal 0 0 1
outer loop
vertex 78.125 -43.49996566772461 -9.5
vertex 88.125 -43.49996566772461 -9.5
vertex 78.125 -34.49996566772461 -9.5
endloop
endfacet
facet normal 0 1 0
outer loop
vertex 88.125 -43.49996566772461 -9.5
vertex 78.125 -43.49996566772461 -8.199999809265137
vertex 88.125 -43.49996566772461 -8.199999809265137
endloop
endfacet
facet normal 0 1 0
outer loop
vertex 78.125 -43.49996566772461 -9.5
vertex 78.125 -43.49996566772461 -8.199999809265137
vertex 88.125 -43.49996566772461 -9.5
endloop
endfacet
facet normal -1 0 0
outer loop
vertex 88.125 -34.49996566772461 -9.5
vertex 88.125 -43.49996566772461 -9.5
vertex 88.125 -43.49996566772461 -8.199999809265137
endloop
endfacet
facet normal -1 0 0
outer loop
vertex 88.125 -34.49996566772461 -9.5
vertex 88.125 -43.49996566772461 -8.199999809265137
vertex 88.125 -34.49996566772461 -8.199999809265137
endloop
endfacet
facet normal 0 -1 0
outer loop
vertex 78.125 -34.49996566772461 -8.199999809265137
vertex 78.125 -34.49996566772461 -9.5
vertex 88.125 -34.49996566772461 -8.199999809265137
endloop
endfacet
facet normal 0 -1 0
outer loop
vertex 88.125 -34.49996566772461 -8.199999809265137
vertex 78.125 -34.49996566772461 -9.5
vertex 88.125 -34.49996566772461 -9.5
endloop
endfacet
facet normal 0 0 1
outer loop
vertex 78.125 -34.49996566772461 -9.5
vertex 88.125 -43.49996566772461 -9.5
vertex 88.125 -34.49996566772461 -9.5
endloop
endfacet
facet normal 0.12722936853146324 -0.6955670185319519 0.7071062229351799
outer loop
vertex 91.34892272949219 -45.096378326416016 0
vertex 90.96197509765625 -46.183746337890625 -1
vertex 91.61669921875 -46.063987731933594 -1
endloop
endfacet
facet normal 0.12723026104953758 -0.695567107746006 0.7071059745859333
outer loop
vertex 90.83964538574219 -45.18953323364258 0
vertex 90.96197509765625 -46.183746337890625 -1
vertex 91.34892272949219 -45.096378326416016 0
endloop
endfacet
facet normal 0.24846747700079289 -0.6620151032241791 0.7071067217725623
outer loop
vertex 91.61669921875 -46.063987731933594 -1
vertex 92.21879577636719 -45.838008880615234 -1
vertex 91.78565979003906 -44.93246078491211 0
endloop
endfacet
facet normal 0.24846954396663523 -0.6620149208669335 0.7071061661946954
outer loop
vertex 91.34892272949219 -45.096378326416016 0
vertex 91.61669921875 -46.063987731933594 -1
vertex 91.78565979003906 -44.93246078491211 0
endloop
endfacet
facet normal 0.3594523055832781 -0.608929119725192 0.7071063337020596
outer loop
vertex 92.21879577636719 -45.838008880615234 -1
vertex 92.19491577148438 -44.69087600708008 0
vertex 91.78565979003906 -44.93246078491211 0
endloop
endfacet
facet normal 0.35944555269187684 -0.6089309093104087 0.707108225335012
outer loop
vertex 92.19491577148438 -44.69087600708008 0
vertex 92.21879577636719 -45.838008880615234 -1
vertex 92.7813491821289 -45.50593948364258 -1
endloop
endfacet
facet normal 0.46312642520951636 -0.5343365898059862 0.707105595414973
outer loop
vertex 93.29415130615234 -45.06147766113281 -1
vertex 92.5711898803711 -44.3647575378418 0
vertex 92.7813491821289 -45.50593948364258 -1
endloop
endfacet
facet normal 0.4631160402114191 -0.5343413261711774 0.707108817965469
outer loop
vertex 92.19491577148438 -44.69087600708008 0
vertex 92.7813491821289 -45.50593948364258 -1
vertex 92.5711898803711 -44.3647575378418 0
endloop
endfacet
facet normal 0.551086460270101 -0.4430619545332703 0.7071066523178302
outer loop
vertex 93.69711303710938 -44.56026840209961 -1
vertex 92.86304473876953 -44.001739501953125 0
vertex 93.29415130615234 -45.06147766113281 -1
endloop
endfacet
facet normal 0.5510904782770097 -0.44305907035315684 0.7071053280312721
outer loop
vertex 92.5711898803711 -44.3647575378418 0
vertex 93.29415130615234 -45.06147766113281 -1
vertex 92.86304473876953 -44.001739501953125 0
endloop
endfacet
facet normal 0.6195364355382491 -0.34084042399305 0.707108485603729
outer loop
vertex 94.01199340820312 -43.987918853759766 -1
vertex 93.09211730957031 -43.585350036621094 0
vertex 93.69711303710938 -44.56026840209961 -1
endloop
endfacet
facet normal 0.619541889251744 -0.3408348796156552 0.7071063797617454
outer loop
vertex 92.86304473876953 -44.001739501953125 0
vertex 93.69711303710938 -44.56026840209961 -1
vertex 93.09211730957031 -43.585350036621094 0
endloop
endfacet
facet normal 0.6707487442112853 -0.22382670870146537 0.7071051736558382
outer loop
vertex 94.01199340820312 -43.987918853759766 -1
vertex 94.22679901123047 -43.34420394897461 -1
vertex 93.24705505371094 -43.121070861816406 0
endloop
endfacet
facet normal 0.670741227635066 -0.22383759244770965 0.7071088584919704
outer loop
vertex 93.09211730957031 -43.585350036621094 0
vertex 94.01199340820312 -43.987918853759766 -1
vertex 93.24705505371094 -43.121070861816406 0
endloop
endfacet
facet normal 0.7015244079376016 -0.08869316470827496 0.7071046793805202
outer loop
vertex 94.22679901123047 -43.34420394897461 -1
vertex 94.33710479736328 -42.47173309326172 -1
vertex 93.24705505371094 -43.121070861816406 0
endloop
endfacet
facet normal 0.7022480830922851 -0.09158283621569044 0.7060171484488894
outer loop
vertex 93.24705505371094 -43.121070861816406 0
vertex 94.33710479736328 -42.47173309326172 -1
vertex 93.3480453491211 -42.34668731689453 0
endloop
endfacet
facet normal 0.7057478768430603 -0.061837889790187464 0.705759172606215
outer loop
vertex 93.3480453491211 -42.34668731689453 0
vertex 94.33710479736328 -42.47173309326172 -1
vertex 93.35189819335938 -42.30271530151367 0
endloop
endfacet
facet normal 0.6970648457172339 -0.11958643091734801 0.7069651238962634
outer loop
vertex 94.33710479736328 -42.47173309326172 -1
vertex 94.38947296142578 -42.166481018066406 -1
vertex 93.35189819335938 -42.30271530151367 0
endloop
endfacet
facet normal 0.6970651040300805 -0.11957054721899654 0.7069675558194186
outer loop
vertex 93.35189819335938 -42.30271530151367 0
vertex 94.38947296142578 -42.166481018066406 -1
vertex 93.40425872802734 -41.997467041015625 0
endloop
endfacet
facet normal 0.6855325115520692 -0.1791046008388976 0.7056675687343521
outer loop
vertex 93.40425872802734 -41.997467041015625 0
vertex 94.38947296142578 -42.166481018066406 -1
vertex 93.43682098388672 -41.872833251953125 0
endloop
endfacet
facet normal 0.6767855646918098 -0.20862036931461517 0.7060020119885082
outer loop
vertex 93.43682098388672 -41.872833251953125 0
vertex 94.38947296142578 -42.166481018066406 -1
vertex 94.5262451171875 -41.7227783203125 -1
endloop
endfacet
facet normal 0.6767856893324329 -0.2086186141540218 0.7060024111455138
outer loop
vertex 93.43682098388672 -41.872833251953125 0
vertex 94.5262451171875 -41.7227783203125 -1
vertex 93.57359313964844 -41.42912673950195 0
endloop
endfacet
facet normal 0.6843368061481995 -0.18328137174126855 0.7057556762247973
outer loop
vertex 93.57359313964844 -41.42912673950195 0
vertex 94.5262451171875 -41.7227783203125 -1
vertex 93.5865478515625 -41.38075637817383 0
endloop
endfacet
facet normal 0.6420711267865212 -0.29941461656025387 0.7057588508387005
outer loop
vertex 93.5865478515625 -41.38075637817383 0
vertex 94.5262451171875 -41.7227783203125 -1
vertex 93.63079071044922 -41.28588104248047 0
endloop
endfacet
facet normal 0.6354962824300299 -0.3100678163695281 0.7071084954018333
outer loop
vertex 94.5262451171875 -41.7227783203125 -1
vertex 94.5817642211914 -41.60898971557617 -1
vertex 93.83110809326172 -40.86699295043945 0
endloop
endfacet
facet normal 0.6355003552705938 -0.31006212580150966 0.7071073303214993
outer loop
vertex 93.83110809326172 -40.86699295043945 0
vertex 94.5817642211914 -41.60898971557617 -1
vertex 94.72984313964844 -41.30548858642578 -1
endloop
endfacet
facet normal 0.6390916881108457 -0.30562142197886083 0.7058026357383829
outer loop
vertex 93.63079071044922 -41.28588104248047 0
vertex 94.5262451171875 -41.7227783203125 -1
vertex 93.83110809326172 -40.86699295043945 0
endloop
endfacet
facet normal 0.6245070450028626 -0.33210465818114143 0.706892811362642
outer loop
vertex 93.83110809326172 -40.86699295043945 0
vertex 94.72984313964844 -41.30548858642578 -1
vertex 93.86381530761719 -40.80548858642578 0
endloop
endfacet
facet normal 0.580338818993142 -0.40633874211059967 0.7057589403115067
outer loop
vertex 93.86381530761719 -40.80548858642578 0
vertex 94.72984313964844 -41.30548858642578 -1
vertex 93.91265106201172 -40.735740661621094 0
endloop
endfacet
facet normal 0.5811447785575902 -0.4051826399943007 0.7057604229499544
outer loop
vertex 94.72984313964844 -41.30548858642578 -1
vertex 94.99539184570312 -40.924617767333984 -1
vertex 94.1781997680664 -40.35486602783203 0
endloop
endfacet
facet normal 0.5811473164012423 -0.405180351241169 0.7057596471942251
outer loop
vertex 93.91265106201172 -40.735740661621094 0
vertex 94.72984313964844 -41.30548858642578 -1
vertex 94.1781997680664 -40.35486602783203 0
endloop
endfacet
facet normal 0.5803033555617206 -0.40638814328692935 0.705759656341739
outer loop
vertex 94.1781997680664 -40.35486602783203 0
vertex 94.99539184570312 -40.924617767333984 -1
vertex 94.2293472290039 -40.281829833984375 0
endloop
endfacet
facet normal 0.5009521406968299 -0.5009521406968299 0.7057576818303342
outer loop
vertex 94.2293472290039 -40.281829833984375 0
vertex 94.99539184570312 -40.924617767333984 -1
vertex 94.27574157714844 -40.235435485839844 0
endloop
endfacet
facet normal 0.5116320253395501 -0.4899298112663451 0.7058338690368107
outer loop
vertex 94.99539184570312 -40.924617767333984 -1
vertex 95.07565307617188 -40.84080123901367 -1
vertex 94.59687805175781 -39.90010070800781 0
endloop
endfacet
facet normal 0.5116054288126992 -0.4899493925373335 0.7058395553960348
outer loop
vertex 94.59687805175781 -39.90010070800781 0
vertex 95.07565307617188 -40.84080123901367 -1
vertex 95.3165283203125 -40.58927917480469 -1
endloop
endfacet
facet normal 0.5116075945086848 -0.4899457799936195 0.7058404932472215
outer loop
vertex 94.27574157714844 -40.235435485839844 0
vertex 94.99539184570312 -40.924617767333984 -1
vertex 94.59687805175781 -39.90010070800781 0
endloop
endfacet
facet normal 0.5009774105680014 -0.5009276857629822 0.705757102505333
outer loop
vertex 94.59687805175781 -39.90010070800781 0
vertex 95.3165283203125 -40.58927917480469 -1
vertex 94.67373657226562 -39.82323455810547 0
endloop
endfacet
facet normal 0.4063375397378123 -0.5803412032203877 0.7057576720408603
outer loop
vertex 94.67373657226562 -39.82323455810547 0
vertex 95.3165283203125 -40.58927917480469 -1
vertex 94.71859741210938 -39.79182434082031 0
endloop
endfacet
facet normal 0.42418702656984714 -0.5657415617917115 0.7071080905712415
outer loop
vertex 95.3165283203125 -40.58927917480469 -1
vertex 96.3399429321289 -39.82193374633789 -1
vertex 95.68046569824219 -39.066524505615234 0
endloop
endfacet
facet normal 0.42642623158346654 -0.5655121490814742 0.7059438208942523
outer loop
vertex 94.71859741210938 -39.79182434082031 0
vertex 95.3165283203125 -40.58927917480469 -1
vertex 95.68046569824219 -39.066524505615234 0
endloop
endfacet
facet normal 0.5032985802305597 -0.49667713426318405 0.707108452387619
outer loop
vertex 95.68046569824219 -39.066524505615234 0
vertex 96.3399429321289 -39.82193374633789 -1
vertex 96.23214721679688 -38.50748825073242 -5.084288458995223e-12
endloop
endfacet
facet normal 0.5033014520775299 -0.49667596725842184 0.7071072279962644
outer loop
vertex 96.3399429321289 -39.82193374633789 -1
vertex 96.99995422363281 -39.15311813354492 -1
vertex 96.23214721679688 -38.50748825073242 -5.084288458995223e-12
endloop
endfacet
facet normal 0.575678550361727 -0.41060584930084587 0.7071046903912824
outer loop
vertex 97.49983215332031 -38.45227813720703 -1
vertex 96.64002227783203 -37.93564987182617 -5.601822391371192e-12
vertex 96.99995422363281 -39.15311813354492 -1
endloop
endfacet
facet normal 0.5756724822960674 -0.41060981129232166 0.7071073298994771
outer loop
vertex 96.23214721679688 -38.50748825073242 -5.084288458995223e-12
vertex 96.99995422363281 -39.15311813354492 -1
vertex 96.64002227783203 -37.93564987182617 -5.601822391371192e-12
endloop
endfacet
facet normal 0.6328062454362361 -0.31552613494380966 0.7071064374649089
outer loop
vertex 97.49983215332031 -38.45227813720703 -1
vertex 97.91912078857422 -37.61137008666992 -1
vertex 96.98860168457031 -37.236541748046875 -5.190218372273792e-13
endloop
endfacet
facet normal 0.6328101371966057 -0.3155228421794081 0.7071044239178831
outer loop
vertex 96.64002227783203 -37.93564987182617 -5.601822391371192e-12
vertex 97.49983215332031 -38.45227813720703 -1
vertex 96.98860168457031 -37.236541748046875 -5.190218372273792e-13
endloop
endfacet
facet normal 0.6748216561126251 -0.21122356418962945 0.7071070204519564
outer loop
vertex 96.98860168457031 -37.236541748046875 -5.190218372273792e-13
vertex 97.91912078857422 -37.61137008666992 -1
vertex 97.94888305664062 -37.51628494262695 -1
endloop
endfacet
facet normal 0.6748271432657521 -0.21121104116958309 0.7071055245151494
outer loop
vertex 97.94888305664062 -37.51628494262695 -1
vertex 98.17625427246094 -36.789825439453125 -1
vertex 97.19841003417969 -36.56621170043945 -5.228290199323256e-14
endloop
endfacet
facet normal 0.6748242436294835 -0.21121499974225408 0.7071071093503268
outer loop
vertex 96.98860168457031 -37.236541748046875 -5.190218372273792e-13
vertex 97.94888305664062 -37.51628494262695 -1
vertex 97.19841003417969 -36.56621170043945 -5.228290199323256e-14
endloop
endfacet
facet normal 0.6995514529373629 -0.10308034986398025 0.7071083411791604
outer loop
vertex 97.31324005126953 -35.786865234375 -4.445139545214633e-15
vertex 98.17625427246094 -36.789825439453125 -1
vertex 98.24497985839844 -36.323421478271484 -1
endloop
endfacet
facet normal 0.6995560645372949 -0.1030673660877588 0.7071056714641907
outer loop
vertex 97.31324005126953 -35.786865234375 -4.445139545214633e-15
vertex 98.24497985839844 -36.323421478271484 -1
vertex 98.31322479248047 -35.8602180480957 -1
endloop
endfacet
facet normal 0.6995556825976801 -0.10307352953516738 0.7071051509177803
outer loop
vertex 97.19841003417969 -36.56621170043945 -5.228290199323256e-14
vertex 98.17625427246094 -36.789825439453125 -1
vertex 97.31324005126953 -35.786865234375 -4.445139545214633e-15
endloop
endfacet
facet normal 0.7071081734090101 -0.00010901780708757878 0.7071053805574463
outer loop
vertex 97.31324005126953 -35.786865234375 -4.445139545214633e-15
vertex 98.31322479248047 -35.8602180480957 -1
vertex 97.32499694824219 40.47038269042969 -1.1593945445277998e-18
endloop
endfacet
facet normal 0.7071078531289355 -0.00010902614960800453 0.7071057008373546
outer loop
vertex 97.32499694824219 40.47038269042969 -1.1593945445277998e-18
vertex 98.31322479248047 -35.8602180480957 -1
vertex 98.32499694824219 40.4901237487793 -1
endloop
endfacet
facet normal 0.7065513400441311 0.028009904483035735 0.7071072401925281
outer loop
vertex 98.32499694824219 40.4901237487793 -1
vertex 98.30718231201172 40.93949890136719 -1
vertex 97.31034088134766 40.8399772644043 -1.617010530781077e-19
endloop
endfacet
facet normal 0.7065525792732525 0.02801794884316612 0.7071056832362018
outer loop
vertex 97.32499694824219 40.47038269042969 -1.1593945445277998e-18
vertex 98.32499694824219 40.4901237487793 -1
vertex 97.31034088134766 40.8399772644043 -1.617010530781077e-19
endloop
endfacet
facet normal 0.6981438899364243 0.11222302862241944 0.7071075595630764
outer loop
vertex 98.30718231201172 40.93949890136719 -1
vertex 98.15774536132812 41.8691520690918 -1
vertex 97.18309020996094 41.63160705566406 -1.464493224604445e-20
endloop
endfacet
facet normal 0.6981439518043671 0.1122232735207043 0.7071074596122423
outer loop
vertex 97.31034088134766 40.8399772644043 -1.617010530781077e-19
vertex 98.30718231201172 40.93949890136719 -1
vertex 97.18309020996094 41.63160705566406 -1.464493224604445e-20
endloop
endfacet
facet normal 0.6714900540446894 0.22158961843934105 0.7071061789568576
outer loop
vertex 98.15774536132812 41.8691520690918 -1
vertex 97.88797760009766 42.68663787841797 -1
vertex 96.96300506591797 42.29854965209961 -1.4753835541617494e-21
endloop
endfacet
facet normal 0.6714898417420188 0.2215856946804932 0.7071076101628676
outer loop
vertex 97.18309020996094 41.63160705566406 -1.464493224604445e-20
vertex 98.15774536132812 41.8691520690918 -1
vertex 96.96300506591797 42.29854965209961 -1.4753835541617494e-21
endloop
endfacet
facet normal 0.6285731618711824 0.32387279214302034 0.7071083330613127
outer loop
vertex 97.88797760009766 42.68663787841797 -1
vertex 97.76193237304688 42.93126678466797 -1
vertex 96.60519409179688 42.992977142333984 -1.3669770516323785e-22
endloop
endfacet
facet normal 0.6285712774877452 0.32388251866831547 0.7071055530954995
outer loop
vertex 96.60519409179688 42.992977142333984 -1.3669770516323785e-22
vertex 97.76193237304688 42.93126678466797 -1
vertex 97.45758819580078 43.52191925048828 -1
endloop
endfacet
facet normal 0.6285727535966179 0.32387863734264755 0.7071060187192831
outer loop
vertex 96.96300506591797 42.29854965209961 -1.4753835541617494e-21
vertex 97.88797760009766 42.68663787841797 -1
vertex 96.60519409179688 42.992977142333984 -1.3669770516323785e-22
endloop
endfacet
facet normal 0.5692776464604647 0.4194341876726905 0.7071053128436983
outer loop
vertex 96.18855285644531 43.55846405029297 -1.3770041994897704e-23
vertex 96.60519409179688 42.992977142333984 -1.3669770516323785e-22
vertex 97.45758819580078 43.52191925048828 -1
endloop
endfacet
facet normal 0.5692795883496872 0.4194269516630104 0.7071080416082718
outer loop
vertex 97.45758819580078 43.52191925048828 -1
vertex 96.94696807861328 44.21497344970703 -1
vertex 96.18855285644531 43.55846405029297 -1.3770041994897704e-23
endloop
endfacet
facet normal 0.4966767646448675 0.5032994898196347 0.7071080645906975
outer loop
vertex 96.18855285644531 43.55846405029297 -1.3770041994897704e-23
vertex 96.94696807861328 44.21497344970703 -1
vertex 95.63252258300781 44.107177734375 -1.2758263197357528e-24
endloop
endfacet
facet normal 0.49667596725968444 0.5033014520788093 0.7071072279944668
outer loop
vertex 96.94696807861328 44.21497344970703 -1
vertex 96.27815246582031 44.87498474121094 -1
vertex 95.63252258300781 44.107177734375 -1.2758263197357528e-24
endloop
endfacet
facet normal 0.41060981129377755 0.5756724822972114 0.7071073298977004
outer loop
vertex 95.63252258300781 44.107177734375 -1.2758263197357528e-24
vertex 96.27815246582031 44.87498474121094 -1
vertex 95.06068420410156 44.515052795410156 -1.2851848231734226e-25
endloop
endfacet
facet normal 0.4106102717934373 0.5756734036751776 0.7071063123737162
outer loop
vertex 95.68724822998047 45.29645538330078 -1
vertex 95.57731628417969 45.3748664855957 -1
vertex 95.06068420410156 44.515052795410156 -1.2851848231734226e-25
endloop
endfacet
facet normal 0.4106081726703622 0.5756749919716928 0.7071062382377187
outer loop
vertex 96.27815246582031 44.87498474121094 -1
vertex 95.68724822998047 45.29645538330078 -1
vertex 95.06068420410156 44.515052795410156 -1.2851848231734226e-25
endloop
endfacet
facet normal 0.3155223524580537 0.632807287362308 0.7071071928360602
outer loop
vertex 95.57731628417969 45.3748664855957 -1
vertex 94.73640441894531 45.794151306152344 -1
vertex 94.361572265625 44.86363220214844 -1.1907534889568427e-26
endloop
endfacet
facet normal 0.3155206832588159 0.6328092602100798 0.7071061721044879
outer loop
vertex 95.06068420410156 44.515052795410156 -1.2851848231734226e-25
vertex 95.57731628417969 45.3748664855957 -1
vertex 94.361572265625 44.86363220214844 -1.1907534889568427e-26
endloop
endfacet
facet normal 0.2112130216029862 0.6748256926101751 0.7071063173940212
outer loop
vertex 94.64131927490234 45.82391357421875 -1
vertex 93.91485595703125 46.05128860473633 -1
vertex 93.69124603271484 45.07344055175781 -1.1994880434778255e-27
endloop
endfacet
facet normal 0.21122262564472236 0.674818657628858 0.7071101623733995
outer loop
vertex 94.73640441894531 45.794151306152344 -1
vertex 94.64131927490234 45.82391357421875 -1
vertex 93.69124603271484 45.07344055175781 -1.1994880434778255e-27
endloop
endfacet
facet normal 0.211216093603733 0.674823898186094 0.7071071122819393
outer loop
vertex 94.361572265625 44.86363220214844 -1.1907534889568427e-26
vertex 94.73640441894531 45.794151306152344 -1
vertex 93.69124603271484 45.07344055175781 -1.1994880434778255e-27
endloop
endfacet
facet normal 0.10307843615081734 0.6995529950843475 0.7071070944837285
outer loop
vertex 93.44845581054688 46.12001037597656 -1
vertex 92.9852523803711 46.188262939453125 -1
vertex 92.91194152832031 45.18826675415039 -1.0204510921386603e-28
endloop
endfacet
facet normal 0.1030758346796532 0.6995539190270951 0.7071065596350561
outer loop
vertex 93.91485595703125 46.05128860473633 -1
vertex 93.44845581054688 46.12001037597656 -1
vertex 92.91194152832031 45.18826675415039 -1.0204510921386603e-28
endloop
endfacet
facet normal 0.10307543213429946 0.6995541686560591 0.7071063713517631
outer loop
vertex 93.69124603271484 45.07344055175781 -1.1994880434778255e-27
vertex 93.91485595703125 46.05128860473633 -1
vertex 92.91194152832031 45.18826675415039 -1.0204510921386603e-28
endloop
endfacet
facet normal 0.00004484338474749777 0.707106485420731 0.7071070755302992
outer loop
vertex 92.9852523803711 46.188262939453125 -1
vertex -92.59530639648438 45.20003128051758 -1.091774835004358e-32
vertex 92.91194152832031 45.18826675415039 -1.0204510921386603e-28
endloop
endfacet
facet normal 0.00004483547228528396 0.7071072239662115 0.7071063369851657
outer loop
vertex -92.59530639648438 45.20003128051758 -1.091774835004358e-32
vertex 92.9852523803711 46.188262939453125 -1
vertex -92.6150894165039 46.20003128051758 -1
endloop
endfacet
facet normal -0.028015699899382254 0.7065522328295929 0.70710611851593
outer loop
vertex -92.6150894165039 46.20003128051758 -1
vertex -93.06446838378906 46.182212829589844 -1
vertex -92.9649429321289 45.18537521362305 -1.5225403234613517e-33
endloop
endfacet
facet normal -0.02801474865874966 0.7065520862924323 0.7071063026259904
outer loop
vertex -92.6150894165039 46.20003128051758 -1
vertex -92.9649429321289 45.18537521362305 -1.5225403234613517e-33
vertex -92.59530639648438 45.20003128051758 -1.091774835004358e-32
endloop
endfacet
facet normal -0.11222466171289007 0.698143896985692 0.7071072934180914
outer loop
vertex -93.06446838378906 46.182212829589844 -1
vertex -93.65261840820312 46.087669372558594 -1
vertex -93.7565689086914 45.05812072753906 -1.3789335076581285e-34
endloop
endfacet
facet normal -0.11222727587510177 0.6981445573788518 0.7071062264977878
outer loop
vertex -92.9649429321289 45.18537521362305 -1.5225403234613517e-33
vertex -93.06446838378906 46.182212829589844 -1
vertex -93.7565689086914 45.05812072753906 -1.3789335076581285e-34
endloop
endfacet
facet normal -0.11222148654070241 0.69814398318949 0.7071077122298329
outer loop
vertex -93.65261840820312 46.087669372558594 -1
vertex -93.9941177368164 46.03277587890625 -1
vertex -93.7565689086914 45.05812072753906 -1.3789335076581285e-34
endloop
endfacet
facet normal -0.22158440424765338 0.6714897719180977 0.7071080808501581
outer loop
vertex -93.7565689086914 45.05812072753906 -1.3789335076581285e-34
vertex -93.9941177368164 46.03277587890625 -1
vertex -94.42351531982422 44.838035583496094 -1.3891875147760192e-35
endloop
endfacet
facet normal -0.22158856562572862 0.6714899970812755 0.7071065629759922
outer loop
vertex -93.9941177368164 46.03277587890625 -1
vertex -94.81160736083984 45.76300811767578 -1
vertex -94.42351531982422 44.838035583496094 -1.3891875147760192e-35
endloop
endfacet
facet normal -0.3238783543930836 0.6285722044576317 0.707106636469282
outer loop
vertex -94.42351531982422 44.838035583496094 -1.3891875147760192e-35
vertex -94.81160736083984 45.76300811767578 -1
vertex -95.1179428100586 44.480224609375 -1.2871144773176125e-36
endloop
endfacet
facet normal -0.3238828372338878 0.6285718913169296 0.7071048615245019
outer loop
vertex -94.81160736083984 45.76300811767578 -1
vertex -95.05621337890625 45.63697052001953 -1
vertex -95.1179428100586 44.480224609375 -1.2871144773176125e-36
endloop
endfacet
facet normal -0.32387511502485 0.6285733873215825 0.7071070687093378
outer loop
vertex -95.05621337890625 45.63697052001953 -1
vertex -95.64688873291016 45.33262252807617 -1
vertex -95.1179428100586 44.480224609375 -1.2871144773176125e-36
endloop
endfacet
facet normal -0.419428619052446 0.5692791408851445 0.7071074128255409
outer loop
vertex -95.1179428100586 44.480224609375 -1.2871144773176125e-36
vertex -95.64688873291016 45.33262252807617 -1
vertex -95.68343353271484 44.0635871887207 -1.2965557761677457e-37
endloop
endfacet
facet normal -0.4194295678107631 0.5692788862731082 0.7071070550416862
outer loop
vertex -95.64688873291016 45.33262252807617 -1
vertex -96.3399429321289 44.821998596191406 -1
vertex -95.68343353271484 44.0635871887207 -1.2965557761677457e-37
endloop
endfacet
facet normal -0.5033019356165969 0.49667577076832986 0.7071070218405926
outer loop
vertex -95.68343353271484 44.0635871887207 -1.2965557761677457e-37
vertex -96.3399429321289 44.821998596191406 -1
vertex -96.23214721679688 43.50755310058594 -1.2012890325640394e-38
endloop
endfacet
facet normal -0.5033014520788093 0.49667596725968444 0.7071072279944668
outer loop
vertex -96.3399429321289 44.821998596191406 -1
vertex -96.99995422363281 44.15318298339844 -1
vertex -96.23214721679688 43.50755310058594 -1.2012890325640394e-38
endloop
endfacet
facet normal -0.5756870923694124 0.4105913909759978 0.7071061315924555
outer loop
vertex -97.42144012451172 43.562259674072266 -1
vertex -97.49983215332031 43.45234680175781 -1
vertex -96.64002227783203 42.93571472167969 -1.210101097956946e-39
endloop
endfacet
facet normal -0.5756724822972114 0.41060981129377755 0.7071073298977004
outer loop
vertex -96.99995422363281 44.15318298339844 -1
vertex -96.64002227783203 42.93571472167969 -1.210101097956946e-39
vertex -96.23214721679688 43.50755310058594 -1.2012890325640394e-38
endloop
endfacet
facet normal -0.5756738122890275 0.410608942912939 0.7071067513781326
outer loop
vertex -96.99995422363281 44.15318298339844 -1
vertex -97.42144012451172 43.562259674072266 -1
vertex -96.64002227783203 42.93571472167969 -1.210101097956946e-39
endloop
endfacet
facet normal -0.6328095986237448 0.31552257363868313 0.7071050257310274
outer loop
vertex -97.49983215332031 43.45234680175781 -1
vertex -96.98860168457031 42.23660659790039 -1.1211929142909294e-40
vertex -96.64002227783203 42.93571472167969 -1.210101097956946e-39
endloop
endfacet
facet normal -0.6328067712961902 0.31552496579681294 0.7071064885578489
outer loop
vertex -97.49983215332031 43.45234680175781 -1
vertex -97.91912078857422 42.61143493652344 -1
vertex -96.98860168457031 42.23660659790039 -1.1211929142909294e-40
endloop
endfacet
facet normal -0.6748263139856825 0.21121410892384038 0.7071053996003742
outer loop
vertex -97.94888305664062 42.51633834838867 -1
vertex -98.17625427246094 41.78989028930664 -1
vertex -97.19841003417969 41.56627655029297 -1.1294465622458026e-41
endloop
endfacet
facet normal -0.674824668963888 0.2112151328682861 0.7071066636690755
outer loop
vertex -96.98860168457031 42.23660659790039 -1.1211929142909294e-40
vertex -97.91912078857422 42.61143493652344 -1
vertex -97.19841003417969 41.56627655029297 -1.1294465622458026e-41
endloop
endfacet
facet normal -0.6748349577980739 0.21120230818486793 0.7071006751170982
outer loop
vertex -97.91912078857422 42.61143493652344 -1
vertex -97.94888305664062 42.51633834838867 -1
vertex -97.19841003417969 41.56627655029297 -1.1294465622458026e-41
endloop
endfacet
facet normal -0.699550973862135 0.10308112236717451 0.7071087025203849
outer loop
vertex -98.17625427246094 41.78989028930664 -1
vertex -98.24497985839844 41.323490142822266 -1
vertex -97.31324005126953 40.786930084228516 -9.598894480624997e-43
endloop
endfacet
facet normal -0.6995561565353046 0.10306653084088875 0.7071057021930854
outer loop
vertex -98.24497985839844 41.323490142822266 -1
vertex -98.31322479248047 40.86028289794922 -1
vertex -97.31324005126953 40.786930084228516 -9.598894480624997e-43
endloop
endfacet
facet normal -0.6995556825977063 0.10307352953512784 0.70710515091776
outer loop
vertex -97.19841003417969 41.56627655029297 -1.1294465622458026e-41
vertex -98.17625427246094 41.78989028930664 -1
vertex -97.31324005126953 40.786930084228516 -9.598894480624997e-43
endloop
endfacet
facet normal -0.7071078530467501 0.00010901775769595593 0.7071057009208341
outer loop
vertex -97.32499694824219 -35.47031784057617 0
vertex -97.31324005126953 40.786930084228516 -9.598894480624997e-43
vertex -98.32499694824219 -35.49005889892578 -1
endloop
endfacet
facet normal -0.7071081731005799 0.0001090261989431607 0.707105380864584
outer loop
vertex -98.32499694824219 -35.49005889892578 -1
vertex -97.31324005126953 40.786930084228516 -9.598894480624997e-43
vertex -98.31322479248047 40.86028289794922 -1
endloop
endfacet
facet normal -0.7065513768990181 -0.028010143719171602 0.7071071938899597
outer loop
vertex -98.32499694824219 -35.49005889892578 -1
vertex -98.30718231201172 -35.939430236816406 -1
vertex -97.31034088134766 -35.83991241455078 0
endloop
endfacet
facet normal -0.7065525792732525 -0.02801794884316612 0.7071056832362018
outer loop
vertex -98.32499694824219 -35.49005889892578 -1
vertex -97.31034088134766 -35.83991241455078 0
vertex -97.32499694824219 -35.47031784057617 0
endloop
endfacet
facet normal -0.6981440942032461 -0.11222383719367716 0.7071072295590367
outer loop
vertex -98.30718231201172 -35.939430236816406 -1
vertex -97.18309020996094 -36.63153839111328 0
vertex -97.31034088134766 -35.83991241455078 0
endloop
endfacet
facet normal -0.6981437686802522 -0.11222254864212405 0.7071077554582473
outer loop
vertex -98.30718231201172 -35.939430236816406 -1
vertex -98.15774536132812 -36.86908721923828 -1
vertex -97.18309020996094 -36.63153839111328 0
endloop
endfacet
facet normal -0.6714896526851638 -0.22158948599195244 0.7071066016058543
outer loop
vertex -98.15774536132812 -36.86908721923828 -1
vertex -97.88797760009766 -37.68657302856445 -1
vertex -96.96300506591797 -37.29848098754883 0
endloop
endfacet
facet normal -0.6714894403889148 -0.22158556223752707 0.7071080328026695
outer loop
vertex -97.18309020996094 -36.63153839111328 0
vertex -98.15774536132812 -36.86908721923828 -1
vertex -96.96300506591797 -37.29848098754883 0
endloop
endfacet
facet normal -0.6285731127079369 -0.3238792807842043 0.7071054047731228
outer loop
vertex -97.76193237304688 -37.93119430541992 -1
vertex -97.45758819580078 -38.521854400634766 -1
vertex -96.60519409179688 -37.99291229248047 -7.006492321624085e-45
endloop
endfacet
facet normal -0.6285728735520806 -0.3238769199984512 0.7071066986861294
outer loop
vertex -96.96300506591797 -37.29848098754883 0
vertex -97.88797760009766 -37.68657302856445 -1
vertex -96.60519409179688 -37.99291229248047 -7.006492321624085e-45
endloop
endfacet
facet normal -0.6285724808251411 -0.32388254236073216 0.7071044725521656
outer loop
vertex -97.88797760009766 -37.68657302856445 -1
vertex -97.76193237304688 -37.93119430541992 -1
vertex -96.60519409179688 -37.99291229248047 -7.006492321624085e-45
endloop
endfacet
facet normal -0.5692795883496872 -0.4194269516630104 0.7071080416082718
outer loop
vertex -97.45758819580078 -38.521854400634766 -1
vertex -96.94696807861328 -39.214908599853516 -1
vertex -96.18855285644531 -38.55839920043945 -1.5414283107572988e-44
endloop
endfacet
facet normal -0.5692776464604647 -0.4194341876726905 0.7071053128436983
outer loop
vertex -96.60519409179688 -37.99291229248047 -7.006492321624085e-45
vertex -97.45758819580078 -38.521854400634766 -1
vertex -96.18855285644531 -38.55839920043945 -1.5414283107572988e-44
endloop
endfacet
facet normal -0.49667596725968444 -0.5033014520788093 0.7071072279944668
outer loop
vertex -96.94696807861328 -39.214908599853516 -1
vertex -96.27815246582031 -39.87491989135742 -1
vertex -95.63252258300781 -39.107112884521484 -2.802596928649634e-45
endloop
endfacet
facet normal -0.4966767646448675 -0.5032994898196347 0.7071080645906975
outer loop
vertex -96.94696807861328 -39.214908599853516 -1
vertex -95.63252258300781 -39.107112884521484 -2.802596928649634e-45
vertex -96.18855285644531 -38.55839920043945 -1.5414283107572988e-44
endloop
endfacet
facet normal -0.41060841495817646 -0.5756746208905319 0.7071063996514785
outer loop
vertex -95.57731628417969 -40.37480163574219 -1
vertex -95.06068420410156 -39.51498794555664 0
vertex -96.27815246582031 -39.87491989135742 -1
endloop
endfacet
facet normal -0.41060981129377755 -0.5756724822972114 0.7071073298977004
outer loop
vertex -95.63252258300781 -39.107112884521484 -2.802596928649634e-45
vertex -96.27815246582031 -39.87491989135742 -1
vertex -95.06068420410156 -39.51498794555664 0
endloop
endfacet
facet normal -0.3155206832588159 -0.6328092602100798 0.7071061721044879
outer loop
vertex -95.06068420410156 -39.51498794555664 0
vertex -95.57731628417969 -40.37480163574219 -1
vertex -94.361572265625 -39.86356735229492 0
endloop
endfacet
facet normal -0.3155223524580537 -0.632807287362308 0.7071071928360602
outer loop
vertex -95.57731628417969 -40.37480163574219 -1
vertex -94.73640441894531 -40.79408645629883 -1
vertex -94.361572265625 -39.86356735229492 0
endloop
endfacet
facet normal -0.21121602446464957 -0.6748236772904936 0.7071073437445579
outer loop
vertex -94.361572265625 -39.86356735229492 0
vertex -94.64134216308594 -40.8238410949707 -1
vertex -93.69124603271484 -40.0733757019043 0
endloop
endfacet
facet normal -0.21121342039497507 -0.6748255848088418 0.7071063011545438
outer loop
vertex -94.64134216308594 -40.8238410949707 -1
vertex -93.91485595703125 -41.05122375488281 -1
vertex -93.69124603271484 -40.0733757019043 0
endloop
endfacet
facet normal -0.21122047343876335 -0.6748223330889722 0.7071072976321635
outer loop
vertex -94.361572265625 -39.86356735229492 0
vertex -94.73640441894531 -40.79408645629883 -1
vertex -94.64134216308594 -40.8238410949707 -1
endloop
endfacet
facet normal -0.10307528055203649 -0.6995545998041147 0.707105966904554
outer loop
vertex -93.69124603271484 -40.0733757019043 0
vertex -92.9852523803711 -41.188194274902344 -1
vertex -92.9118881225586 -40.188209533691406 0
endloop
endfacet
facet normal -0.10307439362133546 -0.6995543636602027 0.7071063298143799
outer loop
vertex -93.69124603271484 -40.0733757019043 0
vertex -93.91485595703125 -41.05122375488281 -1
vertex -92.9852523803711 -41.188194274902344 -1
endloop
endfacet
facet normal -0.00012161867351914944 -0.7071059701438117 0.7071075817694766
outer loop
vertex 3.886859178543091 -40.642601013183594 -0.4377377927303314
vertex -3.6984000205993652 -41.20355987548828 -1
vertex 3.886859178543091 -41.204864501953125 -1
endloop
endfacet
facet normal -0.00012161578205576293 -0.7071273405570596 0.7070862107595522
outer loop
vertex 10.499597549438477 -40.504669189453125 -0.2986687123775482
vertex 10.992576599121094 -40.5262336730957 -0.32014966011047363
vertex 31.385848999023438 -40.20960998535156 0
endloop
endfacet
facet normal -0.00012219794946054902 -0.7071068612334288 0.7071066905808979
outer loop
vertex 31.385848999023438 -40.20960998535156 0
vertex 9.405168533325195 -40.4750862121582 -0.26927486062049866
vertex 10.499597549438477 -40.504669189453125 -0.2986687123775482
endloop
endfacet
facet normal -0.00012207617034790867 -0.7071125964206394 0.7071009553668207
outer loop
vertex 31.385848999023438 -40.20960998535156 0
vertex 10.992576599121094 -40.5262336730957 -0.32014966011047363
vertex 11.773295402526855 -40.56544494628906 -0.359226793050766
endloop
endfacet
facet normal -0.00012167725877053878 -0.7071093439832824 0.7071042079115191
outer loop
vertex -92.9118881225586 -40.188209533691406 0
vertex -86.98838806152344 -40.54607009887695 -0.35684385895729065
vertex -86.2547378540039 -40.50950241088867 -0.32014966011047363
endloop
endfacet
facet normal -0.00012160923647380875 -0.7071057637037185 0.7071077882106621
outer loop
vertex 12.886858940124512 -40.644317626953125 -0.4379059672355652
vertex 12.886858940124512 -41.20641326904297 -1
vertex 31.38567543029785 -41.2095947265625 -1
endloop
endfacet
facet normal -0.00012286369226253727 -0.7070909962246383 0.707122555122209
outer loop
vertex 31.385848999023438 -40.20960998535156 0
vertex 11.773295402526855 -40.56544494628906 -0.359226793050766
vertex 12.455633163452148 -40.6114387512207 -0.4050999879837036
endloop
endfacet
facet normal -0.00012160980830351022 -0.7071204119788687 0.7070931396738971
outer loop
vertex 31.385848999023438 -40.20960998535156 0
vertex 12.455633163452148 -40.6114387512207 -0.4050999879837036
vertex 12.886858940124512 -40.644317626953125 -0.4379059672355652
endloop
endfacet
facet normal -0.00012090961250435579 -0.7071029817592642 0.7071105702561822
outer loop
vertex -92.9118881225586 -40.188209533691406 0
vertex -87.70652770996094 -40.59420394897461 -0.4050999879837036
vertex -86.98838806152344 -40.54607009887695 -0.35684385895729065
endloop
endfacet
facet normal -0.00012084387458347458 -0.7070960775095931 0.7071174743755846
outer loop
vertex -92.9118881225586 -40.188209533691406 0
vertex -85.71918487548828 -40.48627853393555 -0.29683077335357666
vertex -84.6282958984375 -40.45720291137695 -0.2675696015357971
endloop
endfacet
facet normal -0.0001207297064130931 -0.707101827184196 0.7071117248477141
outer loop
vertex -92.9118881225586 -40.188209533691406 0
vertex -88.11314392089844 -40.62505340576172 -0.4360184371471405
vertex -87.70652770996094 -40.59420394897461 -0.4050999879837036
endloop
endfacet
facet normal -0.0001235405494202538 -0.7071286814724731 0.7070848694299253
outer loop
vertex -92.9118881225586 -40.188209533691406 0
vertex -86.2547378540039 -40.50950241088867 -0.32014966011047363
vertex -85.71918487548828 -40.48627853393555 -0.29683077335357666
endloop
endfacet
facet normal -0.00012384777294970322 -0.7071043628084954 0.7071091887105703
outer loop
vertex -84.01313781738281 -40.18973922729492 0
vertex -84.6282958984375 -40.45720291137695 -0.2675696015357971
vertex -84.01313781738281 -40.451744079589844 -0.2620030641555786
endloop
endfacet
facet normal -0.00012179638434439897 -0.7071076913958928 0.7071058604865409
outer loop
vertex -92.9118881225586 -40.188209533691406 0
vertex -88.11314392089844 -41.18903350830078 -1
vertex -88.11314392089844 -40.62505340576172 -0.4360184371471405
endloop
endfacet
facet normal -0.00012180114737478381 -0.7071077028190438 0.7071058490625399
outer loop
vertex -92.9118881225586 -40.188209533691406 0
vertex -92.9852523803711 -41.188194274902344 -1
vertex -88.11314392089844 -41.18903350830078 -1
endloop
endfacet
facet normal -0.00012017073978892021 -0.7071096136556065 0.7071039384947678
outer loop
vertex 7.986859321594238 -40.205570220947266 0
vertex 7.368618011474609 -40.474700927734375 -0.2692379355430603
vertex 7.986859321594238 -40.46921157836914 -0.2636434733867645
endloop
endfacet
facet normal -0.0001221373848675456 -0.7071081431829692 0.7071054086391878
outer loop
vertex -82.59791564941406 -40.45758819580078 -0.2676064074039459
vertex -83.21314239501953 -40.189876556396484 0
vertex -83.21314239501953 -40.4518928527832 -0.26201730966567993
endloop
endfacet
facet normal -0.0001216812186004786 -0.7071074674190866 0.7071060844836837
outer loop
vertex -79.11314392089844 -40.62677001953125 -0.43618664145469666
vertex -79.11314392089844 -41.190582275390625 -1
vertex -3.6984000205993652 -41.20355987548828 -1
endloop
endfacet
facet normal -0.00012167883247153268 -0.7071076162212803 0.7071059356815782
outer loop
vertex -83.21314239501953 -40.189876556396484 0
vertex -82.59791564941406 -40.45758819580078 -0.2676064074039459
vertex 7.986859321594238 -40.205570220947266 0
endloop
endfacet
facet normal -0.00012153194682221031 -0.7071230877699944 0.7070904637828278
outer loop
vertex -80.23712921142578 -40.54739761352539 -0.3570067584514618
vertex -79.52176666259766 -40.595611572265625 -0.4050999879837036
vertex 7.986859321594238 -40.205570220947266 0
endloop
endfacet
facet normal -0.00012182406912817594 -0.7070909384753079 0.7071226130488294
outer loop
vertex 7.986859321594238 -40.205570220947266 0
vertex -79.52176666259766 -40.595611572265625 -0.4050999879837036
vertex -79.11314392089844 -40.62677001953125 -0.43618664145469666
endloop
endfacet
facet normal -0.00012170615592568898 -0.7071000286002265 0.7071135232345443
outer loop
vertex -81.50680541992188 -40.487083435058594 -0.29691120982170105
vertex -80.9734878540039 -40.510414123535156 -0.32014966011047363
vertex 7.986859321594238 -40.205570220947266 0
endloop
endfacet
facet normal -0.00012185019922019822 -0.7070777416704639 0.7071358090117669
outer loop
vertex 7.986859321594238 -40.205570220947266 0
vertex -82.59791564941406 -40.45758819580078 -0.2676064074039459
vertex -81.50680541992188 -40.487083435058594 -0.29691120982170105
endloop
endfacet
facet normal -0.00012163989514035182 -0.7071094600629171 0.7071040918374505
outer loop
vertex 7.986859321594238 -40.205570220947266 0
vertex -80.9734878540039 -40.510414123535156 -0.32014966011047363
vertex -80.23712921142578 -40.54739761352539 -0.3570067584514618
endloop
endfacet
facet normal -0.00012165487555133902 -0.7071057256633017 0.7071078262431174
outer loop
vertex -79.11314392089844 -40.62677001953125 -0.43618664145469666
vertex -3.6984000205993652 -41.20355987548828 -1
vertex 3.886859178543091 -40.642601013183594 -0.4377377927303314
endloop
endfacet
facet normal -0.00012165030453981658 -0.7070838989487913 0.7071296522198591
outer loop
vertex -79.11314392089844 -40.62677001953125 -0.43618664145469666
vertex 3.886859178543091 -40.642601013183594 -0.4377377927303314
vertex 4.316084384918213 -40.61003494262695 -0.4050999879837036
endloop
endfacet
facet normal -0.00012163171356560073 -0.7071163329429558 0.7070972188398374
outer loop
vertex -79.11314392089844 -40.62677001953125 -0.43618664145469666
vertex 4.316084384918213 -40.61003494262695 -0.4050999879837036
vertex 5.001190185546875 -40.564117431640625 -0.35906338691711426
endloop
endfacet
facet normal -0.00012165273436136803 -0.7071036831061327 0.7071098687886868
outer loop
vertex -79.11314392089844 -40.62677001953125 -0.43618664145469666
vertex 5.001190185546875 -40.564117431640625 -0.35906338691711426
vertex 5.7792181968688965 -40.52533721923828 -0.32014966011047363
endloop
endfacet
facet normal -0.0001216570699006504 -0.7071019906574509 0.7071115612177669
outer loop
vertex -79.11314392089844 -40.62677001953125 -0.43618664145469666
vertex 5.7792181968688965 -40.52533721923828 -0.32014966011047363
vertex 6.274414539337158 -40.50386047363281 -0.29858800768852234
endloop
endfacet
facet normal -0.00012155284335297135 -0.7071361526919288 0.7070773980130913
outer loop
vertex 6.274414539337158 -40.50386047363281 -0.29858800768852234
vertex 7.368618011474609 -40.474700927734375 -0.2692379355430603
vertex -79.11314392089844 -40.62677001953125 -0.43618664145469666
endloop
endfacet
facet normal -0.0001216570406628793 -0.7071079067240054 0.7071056451817931
outer loop
vertex 7.986859321594238 -40.205570220947266 0
vertex -79.11314392089844 -40.62677001953125 -0.43618664145469666
vertex 7.368618011474609 -40.474700927734375 -0.2692379355430603
endloop
endfacet
facet normal -0.00011999698708462085 -0.7071082547504417 0.707105297437735
outer loop
vertex 8.786859512329102 -40.469364166259766 -0.26365771889686584
vertex 9.405168533325195 -40.4750862121582 -0.26927486062049866
vertex 8.786859512329102 -40.20570755004883 0
endloop
endfacet
facet normal -0.00012199905780309202 -0.7071121601538781 0.7071013916538038
outer loop
vertex 31.385848999023438 -40.20960998535156 0
vertex 12.886858940124512 -40.644317626953125 -0.4379059672355652
vertex 31.38567543029785 -41.2095947265625 -1
endloop
endfacet
facet normal -0.0001221051791175378 -0.7071106745100064 0.7071028772988617
outer loop
vertex 8.786859512329102 -40.20570755004883 0
vertex 9.405168533325195 -40.4750862121582 -0.26927486062049866
vertex 31.385848999023438 -40.20960998535156 0
endloop
endfacet
facet normal -0.00012155156876303369 -0.707107003087885 0.7071065488377873
outer loop
vertex -84.01313781738281 -40.18973922729492 0
vertex -92.9118881225586 -40.188209533691406 0
vertex -84.6282958984375 -40.45720291137695 -0.2675696015357971
endloop
endfacet
facet normal -0.0617515095358863 -0.7057573318343295 0.7057572809628869
outer loop
vertex 31.38567543029785 -41.2095947265625 -1
vertex 31.542409896850586 -40.22330856323242 0
vertex 31.385848999023438 -40.20960998535156 0
endloop
endfacet
facet normal -0.11104761941462153 -0.6988117048986185 0.706633304705511
outer loop
vertex 31.542409896850586 -40.22330856323242 0
vertex 31.38567543029785 -41.2095947265625 -1
vertex 31.844228744506836 -41.28246307373047 -1
endloop
endfacet
facet normal -0.11104808656177749 -0.6988117378959431 0.7066331986609599
outer loop
vertex 31.542409896850586 -40.22330856323242 0
vertex 31.844228744506836 -41.28246307373047 -1
vertex 32.00096130371094 -40.29617691040039 0
endloop
endfacet
facet normal -0.1703582198073444 -0.6880847620414194 0.7053491597715813
outer loop
vertex 32.00096130371094 -40.29617691040039 0
vertex 31.844228744506836 -41.28246307373047 -1
vertex 32.150909423828125 -40.33330154418945 0
endloop
endfacet
facet normal -0.21401760608852588 -0.6748828503032924 0.7062079032768185
outer loop
vertex 32.150909423828125 -40.33330154418945 0
vertex 31.844228744506836 -41.28246307373047 -1
vertex 32.593502044677734 -40.473655700683594 0
endloop
endfacet
facet normal -0.2174041288778508 -0.6728565417286153 0.7071064410680129
outer loop
vertex 31.844228744506836 -41.28246307373047 -1
vertex 32.28604507446289 -41.42521667480469 -1
vertex 32.593502044677734 -40.473655700683594 0
endloop
endfacet
facet normal -0.2834735175371242 -0.6496865897238633 0.7053723130291594
outer loop
vertex 32.593502044677734 -40.473655700683594 0
vertex 32.28604507446289 -41.42521667480469 -1
vertex 32.73515319824219 -40.53546142578125 0
endloop
endfacet
facet normal -0.3146239336912502 -0.6345782079462673 0.7059194559922171
outer loop
vertex 32.73515319824219 -40.53546142578125 0
vertex 32.28604507446289 -41.42521667480469 -1
vertex 33.151145935058594 -40.7417106628418 0
endloop
endfacet
facet normal -0.31862791290582665 -0.6312488013806169 0.7071076324526637
outer loop
vertex 32.28604507446289 -41.42521667480469 -1
vertex 32.70054244995117 -41.634437561035156 -1
vertex 33.151145935058594 -40.7417106628418 0
endloop
endfacet
facet normal -0.3362901327187907 -0.6221775865946022 0.706968172816354
outer loop
vertex 33.151145935058594 -40.7417106628418 0
vertex 32.70054244995117 -41.634437561035156 -1
vertex 33.20054244995117 -40.768409729003906 0
endloop
endfacet
facet normal -0.4063594710146965 -0.580325610885299 0.7057578661745545
outer loop
vertex 32.70054244995117 -41.634437561035156 -1
vertex 33.28132247924805 -40.824974060058594 0
vertex 33.20054244995117 -40.768409729003906 0
endloop
endfacet
facet normal -0.41298830232293565 -0.5755993542614626 0.7057804513573658
outer loop
vertex 33.28132247924805 -40.824974060058594 0
vertex 33.07779312133789 -41.90510940551758 -1
vertex 33.6585693359375 -41.095645904541016 0
endloop
endfacet
facet normal -0.4129850862537463 -0.5756006922694382 0.7057812420225756
outer loop
vertex 32.70054244995117 -41.634437561035156 -1
vertex 33.07779312133789 -41.90510940551758 -1
vertex 33.28132247924805 -40.824974060058594 0
endloop
endfacet
facet normal -0.40633880581491505 -0.580341207812973 0.7057569393233681
outer loop
vertex 33.07779312133789 -41.90510940551758 -1
vertex 33.7205810546875 -41.13906478881836 0
vertex 33.6585693359375 -41.095645904541016 0
endloop
endfacet
facet normal -0.5009521406968298 -0.5009521406968298 0.7057576818303342
outer loop
vertex 33.07779312133789 -41.90510940551758 -1
vertex 33.77649688720703 -41.19498062133789 0
vertex 33.7205810546875 -41.13906478881836 0
endloop
endfacet
facet normal -0.49686539841622357 -0.5049908856964477 0.7057683622975774
outer loop
vertex 33.07779312133789 -41.90510940551758 -1
vertex 33.408756256103516 -42.23074722290039 -1
vertex 34.107460021972656 -41.52062225341797 0
endloop
endfacet
facet normal -0.4968676803390925 -0.5049872892428943 0.705769329127841
outer loop
vertex 33.07779312133789 -41.90510940551758 -1
vertex 34.107460021972656 -41.52062225341797 0
vertex 33.77649688720703 -41.19498062133789 0
endloop
endfacet
facet normal -0.5009385696427675 -0.5009669482157134 0.705756803891888
outer loop
vertex 33.408756256103516 -42.23074722290039 -1
vertex 34.174800872802734 -41.58795928955078 0
vertex 34.107460021972656 -41.52062225341797 0
endloop
endfacet
facet normal -0.5803344599188286 -0.40634760150124 0.7057574238964198
outer loop
vertex 33.408756256103516 -42.23074722290039 -1
vertex 34.20895004272461 -41.6367301940918 0
vertex 34.174800872802734 -41.58795928955078 0
endloop
endfacet
facet normal -0.5656163072480971 -0.42638723012570684 0.7058839302326932
outer loop
vertex 34.20895004272461 -41.6367301940918 0
vertex 33.408756256103516 -42.23074722290039 -1
vertex 34.48845291137695 -42.00749969482422 0
endloop
endfacet
facet normal -0.5677632973140666 -0.4214798651400341 0.7071064711234069
outer loop
vertex 33.408756256103516 -42.23074722290039 -1
vertex 33.68551254272461 -42.60355758666992 -1
vertex 34.48845291137695 -42.00749969482422 0
endloop
endfacet
facet normal -0.591535023334238 -0.3884760208442196 0.7065215477237788
outer loop
vertex 33.68551254272461 -42.60355758666992 -1
vertex 34.551536560058594 -42.10355758666992 0
vertex 34.48845291137695 -42.00749969482422 0
endloop
endfacet
facet normal -0.6420921017451483 -0.2993770481760047 0.7057557055397571
outer loop
vertex 33.68551254272461 -42.60355758666992 -1
vertex 34.56842803955078 -42.13978576660156 0
vertex 34.551536560058594 -42.10355758666992 0
endloop
endfacet
facet normal -0.6268443827892148 -0.3292598215012719 0.7061544375776156
outer loop
vertex 33.68551254272461 -42.60355758666992 -1
vertex 33.901424407958984 -43.014610290527344 -1
vertex 34.78434371948242 -42.550838470458984 0
endloop
endfacet
facet normal -0.6268430463676696 -0.3292649368238733 0.7061532387512433
outer loop
vertex 33.68551254272461 -42.60355758666992 -1
vertex 34.78434371948242 -42.550838470458984 0
vertex 34.56842803955078 -42.13978576660156 0
endloop
endfacet
facet normal -0.6483947264999804 -0.2864854992303317 0.7053441269180337
outer loop
vertex 33.901424407958984 -43.014610290527344 -1
vertex 34.845706939697266 -42.689720153808594 0
vertex 34.78434371948242 -42.550838470458984 0
endloop
endfacet
facet normal -0.6686383377583137 -0.23005023134848948 0.7071065438364332
outer loop
vertex 33.901424407958984 -43.014610290527344 -1
vertex 34.229896545410156 -43.96931076049805 -1
vertex 35.14794921875 -43.56391525268555 0
endloop
endfacet
facet normal -0.6687567673628473 -0.23121448491229357 0.7066146390170086
outer loop
vertex 34.845706939697266 -42.689720153808594 0
vertex 33.901424407958984 -43.014610290527344 -1
vertex 35.14794921875 -43.56391525268555 0
endloop
endfacet
facet normal -0.6204472419110985 -0.33918339219151983 0.7071066726218642
outer loop
vertex 35.14794921875 -43.56391525268555 0
vertex 34.229896545410156 -43.96931076049805 -1
vertex 35.38968276977539 -44.006103515625 0
endloop
endfacet
facet normal -0.6204465831849076 -0.33918642225582857 0.7071057971558883
outer loop
vertex 34.229896545410156 -43.96931076049805 -1
vertex 34.55541229248047 -44.56475067138672 -1
vertex 35.38968276977539 -44.006103515625 0
endloop
endfacet
facet normal -0.549914778631812 -0.44451619368605044 0.7071061375728476
outer loop
vertex 34.55541229248047 -44.56475067138672 -1
vertex 34.95969772338867 -45.06489562988281 -1
vertex 35.682498931884766 -44.36834716796875 0
endloop
endfacet
facet normal -0.5499141007286843 -0.4445177587608867 0.7071056809034704
outer loop
vertex 35.38968276977539 -44.006103515625 0
vertex 34.55541229248047 -44.56475067138672 -1
vertex 35.682498931884766 -44.36834716796875 0
endloop
endfacet
facet normal -0.4645479984531615 -0.5331004282956394 0.7071061380614422
outer loop
vertex 35.682498931884766 -44.36834716796875 0
vertex 34.95969772338867 -45.06489562988281 -1
vertex 36.040794372558594 -44.68056869506836 0
endloop
endfacet
facet normal -0.4645493035420935 -0.533098435459485 0.7071067830881026
outer loop
vertex 35.45219039916992 -45.49406051635742 -1
vertex 36.040794372558594 -44.68056869506836 0
vertex 34.95969772338867 -45.06489562988281 -1
endloop
endfacet
facet normal -0.3610732309306814 -0.6079683163678653 0.7071072395316725
outer loop
vertex 35.45219039916992 -45.49406051635742 -1
vertex 36.03565979003906 -45.84058380126953 -1
vertex 36.468910217285156 -44.9348258972168 0
endloop
endfacet
facet normal -0.36107202235896846 -0.6079696171953176 0.7071067382206053
outer loop
vertex 36.040794372558594 -44.68056869506836 0
vertex 35.45219039916992 -45.49406051635742 -1
vertex 36.468910217285156 -44.9348258972168 0
endloop
endfacet
facet normal -0.24671308967723746 -0.6626704948466666 0.7071071111519
outer loop
vertex 36.63835525512695 -46.06496810913086 -1
vertex 36.90542984008789 -45.09734344482422 0
vertex 36.03565979003906 -45.84058380126953 -1
endloop
endfacet
facet normal -0.24671395342746621 -0.6626698684284765 0.7071073968367008
outer loop
vertex 36.468910217285156 -44.9348258972168 0
vertex 36.03565979003906 -45.84058380126953 -1
vertex 36.90542984008789 -45.09734344482422 0
endloop
endfacet
facet normal -0.12812953074500913 -0.6954010400504991 0.7071069345210439
outer loop
vertex 37.28078842163086 -46.1833381652832 -1
vertex 37.37227249145508 -45.1833610534668 0
vertex 36.63835525512695 -46.06496810913086 -1
endloop
endfacet
facet normal -0.1281303256812897 -0.6954006500011635 0.7071071740682356
outer loop
vertex 36.90542984008789 -45.09734344482422 0
vertex 36.63835525512695 -46.06496810913086 -1
vertex 37.37227249145508 -45.1833610534668 0
endloop
endfacet
facet normal -0.00018110009732059043 -0.7071088347419637 0.7071047044339454
outer loop
vertex 79.48931121826172 -45.49153518676758 -0.29735612869262695
vertex 81.197265625 -45.194618225097656 0
vertex 78.96572875976562 -45.51419448852539 -0.32014966011047363
endloop
endfacet
facet normal -0.00018160906733546997 -0.7071070592546677 0.7071064797966162
outer loop
vertex 37.28078842163086 -46.1833381652832 -1
vertex 78.96572875976562 -45.51419448852539 -0.32014966011047363
vertex 81.197265625 -45.194618225097656 0
endloop
endfacet
facet normal -0.00018021364064358623 -0.7071113825399417 0.707102156838385
outer loop
vertex 81.197265625 -45.194618225097656 0
vertex 79.48931121826172 -45.49153518676758 -0.29735612869262695
vertex 80.58116912841797 -45.4625358581543 -0.26807814836502075
endloop
endfacet
facet normal -0.00018439165524859906 -0.7071098997259775 0.707103638591427
outer loop
vertex 81.99726867675781 -45.45735168457031 -0.26252979040145874
vertex 82.61346435546875 -45.46311569213867 -0.26813316345214844
vertex 81.99726867675781 -45.19482421875 0
endloop
endfacet
facet normal -0.00018061681813487927 -0.7071196626411818 0.7070938764292802
outer loop
vertex 90.72203063964844 -45.19706344604492 0
vertex 82.61346435546875 -45.46311569213867 -0.26813316345214844
vertex 83.7056655883789 -45.49273681640625 -0.2974763810634613
endloop
endfacet
facet normal -0.0001814802864408098 -0.7071065557945136 0.707106983289888
outer loop
vertex 81.99726867675781 -45.19482421875 0
vertex 82.61346435546875 -45.46311569213867 -0.26813316345214844
vertex 90.72203063964844 -45.19706344604492 0
endloop
endfacet
facet normal -0.00018130857975170555 -0.7071057780742044 0.7071077610529196
outer loop
vertex 86.0972671508789 -46.19587707519531 -1
vertex 90.7538833618164 -46.19707107543945 -1
vertex 86.0972671508789 -45.63263702392578 -0.4367615282535553
endloop
endfacet
facet normal -0.0001816260611755882 -0.7071053483981496 0.7071081906460321
outer loop
vertex 37.28078842163086 -46.1833381652832 -1
vertex 77.0972671508789 -46.193565368652344 -1
vertex 77.0972671508789 -45.63007354736328 -0.43651044368743896
endloop
endfacet
facet normal -0.0001812149600108322 -0.707120005627637 0.7070935332771111
outer loop
vertex 37.28078842163086 -46.1833381652832 -1
vertex 77.0972671508789 -45.63007354736328 -0.43651044368743896
vertex 77.5103988647461 -45.59877014160156 -0.4050999879837036
endloop
endfacet
facet normal -0.00018231363418731847 -0.7071028473053635 0.7071106915429767
outer loop
vertex 84.97669982910156 -45.553321838378906 -0.3577357530593872
vertex 85.68113708496094 -45.600868225097656 -0.4050999879837036
vertex 90.72203063964844 -45.19706344604492 0
endloop
endfacet
facet normal -0.00018197876949128694 -0.7071049341506677 0.7071086048009227
outer loop
vertex 85.68113708496094 -45.600868225097656 -0.4050999879837036
vertex 86.0972671508789 -45.63263702392578 -0.4367615282535553
vertex 90.72203063964844 -45.19706344604492 0
endloop
endfacet
facet normal -0.00018244745974286075 -0.707098007819721 0.7071155309072954
outer loop
vertex 90.72203063964844 -45.19706344604492 0
vertex 83.7056655883789 -45.49273681640625 -0.2974763810634613
vertex 84.22590637207031 -45.51554489135742 -0.32014966011047363
endloop
endfacet
facet normal -0.00018067701052490944 -0.7071160169639803 0.7070975222052568
outer loop
vertex 90.72203063964844 -45.19706344604492 0
vertex 84.22590637207031 -45.51554489135742 -0.32014966011047363
vertex 84.97669982910156 -45.553321838378906 -0.3577357530593872
endloop
endfacet
facet normal -0.00018159584909632848 -0.7071069642894328 0.707106574765311
outer loop
vertex 86.0972671508789 -45.63263702392578 -0.4367615282535553
vertex 90.7538833618164 -46.19707107543945 -1
vertex 90.72203063964844 -45.19706344604492 0
endloop
endfacet
facet normal -0.00018123041560389765 -0.7071194784719033 0.7070940604482263
outer loop
vertex 37.28078842163086 -46.1833381652832 -1
vertex 77.5103988647461 -45.59877014160156 -0.4050999879837036
vertex 78.2189712524414 -45.55134582519531 -0.3574923574924469
endloop
endfacet
facet normal -0.0001840870794507287 -0.7071069297595438 0.7071066086510425
outer loop
vertex 81.197265625 -45.194618225097656 0
vertex 80.58116912841797 -45.4625358581543 -0.26807814836502075
vertex 81.197265625 -45.45712661743164 -0.2625085115432739
endloop
endfacet
facet normal -0.00018181937468606408 -0.7071005605430494 0.7071129783997889
outer loop
vertex 37.28078842163086 -46.1833381652832 -1
vertex 78.2189712524414 -45.55134582519531 -0.3574923574924469
vertex 78.96572875976562 -45.51419448852539 -0.32014966011047363
endloop
endfacet
facet normal -0.0001816319699078809 -0.7071065534991269 0.7071069855463273
outer loop
vertex 37.37227249145508 -45.1833610534668 0
vertex 37.28078842163086 -46.1833381652832 -1
vertex 81.197265625 -45.194618225097656 0
endloop
endfacet
facet normal 0.045185642874855006 -0.7056618433505126 0.707106512851595
outer loop
vertex 90.7538833618164 -46.19707107543945 -1
vertex 90.96197509765625 -46.183746337890625 -1
vertex 90.72203063964844 -45.19706344604492 0
endloop
endfacet
facet normal 0.04517962819442337 -0.7056627641795651 0.7071059782286311
outer loop
vertex 90.72203063964844 -45.19706344604492 0
vertex 90.96197509765625 -46.183746337890625 -1
vertex 90.83964538574219 -45.18953323364258 0
endloop
endfacet
facet normal 0.15814752462450407 -0.6115032393859963 -0.7752761757435701
outer loop
vertex 91.61669921875 -45.85545349121094 -15.309481620788574
vertex 91.67585754394531 -46.041786193847656 -15.150443077087402
vertex 91.63758850097656 -46.056148529052734 -15.146921157836914
endloop
endfacet
facet normal 0.30691584178861864 -0.5596238577260293 -0.7698206310063536
outer loop
vertex 92.21879577636719 -45.838008880615234 -15.08211612701416
vertex 91.39108276367188 -44.774959564208984 -16.184900283813477
vertex 92.7813491821289 -45.50593948364258 -15.099233627319336
endloop
endfacet
facet normal 0.3069160044620364 -0.5596237471634615 -0.7698206465247508
outer loop
vertex 91.61669921875 -45.85545349121094 -15.309481620788574
vertex 91.39108276367188 -44.774959564208984 -16.184900283813477
vertex 92.21879577636719 -45.838008880615234 -15.08211612701416
endloop
endfacet
facet normal 0.30691685055656104 -0.5596221186435997 -0.7698214930549097
outer loop
vertex 91.39108276367188 -44.774959564208984 -16.184900283813477
vertex 92.19537353515625 -44.38957595825195 -16.14439582824707
vertex 92.7813491821289 -45.29740524291992 -15.250828742980957
endloop
endfacet
facet normal 0.3069173103011998 -0.5596176282307195 -0.7698245740497646
outer loop
vertex 91.67585754394531 -46.041786193847656 -15.150443077087402
vertex 91.61669921875 -45.85545349121094 -15.309481620788574
vertex 92.21879577636719 -45.838008880615234 -15.08211612701416
endloop
endfacet
facet normal 0.30691910818918755 -0.5596188064773185 -0.7698230007379977
outer loop
vertex 91.39108276367188 -44.774959564208984 -16.184900283813477
vertex 92.7813491821289 -45.29740524291992 -15.250828742980957
vertex 92.85752868652344 -45.43991470336914 -15.116860389709473
endloop
endfacet
facet normal 0.3069091232040161 -0.559631914908313 -0.7698174523289252
outer loop
vertex 92.7813491821289 -45.50593948364258 -15.099233627319336
vertex 91.39108276367188 -44.774959564208984 -16.184900283813477
vertex 92.85752868652344 -45.43991470336914 -15.116860389709473
endloop
endfacet
facet normal 0.5093145563999703 -0.4139078321065308 -0.7545057913362716
outer loop
vertex 93.69711303710938 -44.35173416137695 -15.151434898376465
vertex 93.69711303710938 -44.56026840209961 -15.037036895751953
vertex 92.19537353515625 -44.38957595825195 -16.14439582824707
endloop
endfacet
facet normal 0.5093139648780455 -0.413909541854293 -0.7545052526935611
outer loop
vertex 93.29415130615234 -45.06147766113281 -15.034092903137207
vertex 92.19537353515625 -44.38957595825195 -16.14439582824707
vertex 93.69711303710938 -44.56026840209961 -15.037036895751953
endloop
endfacet
facet normal 0.5093152400160574 -0.4139049027361129 -0.7545069368656558
outer loop
vertex 92.19537353515625 -44.38957595825195 -16.14439582824707
vertex 92.82858276367188 -43.735687255859375 -16.075668334960938
vertex 93.69711303710938 -44.35173416137695 -15.151434898376465
endloop
endfacet
facet normal 0.5093184625588588 -0.41390305240751074 -0.7545057765878441
outer loop
vertex 92.7813491821289 -45.29740524291992 -15.250828742980957
vertex 92.19537353515625 -44.38957595825195 -16.14439582824707
vertex 93.29415130615234 -45.06147766113281 -15.034092903137207
endloop
endfacet
facet normal 0.5116328294132865 -0.42726381686175496 -0.745437776522816
outer loop
vertex 92.7813491821289 -45.29740524291992 -15.250828742980957
vertex 93.29415130615234 -45.06147766113281 -15.034092903137207
vertex 92.85752868652344 -45.43991470336914 -15.116860389709473
endloop
endfacet
facet normal 0.5093393414089499 -0.4139007768932557 -0.7544929305038295
outer loop
vertex 93.69711303710938 -44.56026840209961 -15.037036895751953
vertex 93.69711303710938 -44.35173416137695 -15.151434898376465
vertex 93.77416229248047 -44.42021179199219 -15.06185531616211
endloop
endfacet
facet normal 0.6792603511892026 -0.13972149570494988 -0.7204743430131936
outer loop
vertex 94.38947296142578 -42.166481018066406 -14.922693252563477
vertex 93.65055847167969 -41.19200897216797 -15.808318138122559
vertex 94.5262451171875 -41.7227783203125 -14.879792213439941
endloop
endfacet
facet normal 0.6743293525374148 -0.13770771225784403 -0.725476746899018
outer loop
vertex 93.69711303710938 -44.35173416137695 -15.151434898376465
vertex 92.82858276367188 -43.735687255859375 -16.075668334960938
vertex 94.22679901123047 -43.34420394897461 -14.85033893585205
endloop
endfacet
facet normal 0.6762789583449133 -0.1425756205187816 -0.7227163779336978
outer loop
vertex 92.82858276367188 -43.735687255859375 -16.075668334960938
vertex 93.65055847167969 -41.19200897216797 -15.808318138122559
vertex 94.33710479736328 -42.47173309326172 -14.913424491882324
endloop
endfacet
facet normal 0.6743296060906004 -0.13771176096059068 -0.7254757426977338
outer loop
vertex 94.22679901123047 -43.34420394897461 -14.85033893585205
vertex 92.82858276367188 -43.735687255859375 -16.075668334960938
vertex 94.33710479736328 -42.47173309326172 -14.913424491882324
endloop
endfacet
facet normal 0.6801209014623201 -0.1385385426550157 -0.7198907080891552
outer loop
vertex 94.33710479736328 -42.47173309326172 -14.913424491882324
vertex 93.65055847167969 -41.19200897216797 -15.808318138122559
vertex 94.38947296142578 -42.166481018066406 -14.922693252563477
endloop
endfacet
facet normal 0.661446109041475 -0.18167553090283764 -0.7276558570540508
outer loop
vertex 94.5262451171875 -41.7227783203125 -14.879792213439941
vertex 93.65055847167969 -41.19200897216797 -15.808318138122559
vertex 94.59072875976562 -41.59061050415039 -14.854174613952637
endloop
endfacet
facet normal 0.6861008786354311 -0.15722124141067492 -0.7103147651463931
outer loop
vertex 93.77416229248047 -44.42021179199219 -15.06185531616211
vertex 93.69711303710938 -44.35173416137695 -15.151434898376465
vertex 94.01199340820312 -43.987918853759766 -14.927815437316895
endloop
endfacet
facet normal 0.6743205811735253 -0.13770024064768727 -0.7254863179491176
outer loop
vertex 94.01199340820312 -43.987918853759766 -14.927815437316895
vertex 93.69711303710938 -44.35173416137695 -15.151434898376465
vertex 94.22679901123047 -43.34420394897461 -14.85033893585205
endloop
endfacet
facet normal 0.4879231838640827 -0.43509300321947103 -0.7567199252017869
outer loop
vertex 94.4235610961914 -39.93306350708008 -15.675996780395508
vertex 96.99995422363281 -38.944583892822266 -14.583120346069336
vertex 97.08496856689453 -39.03392028808594 -14.476938247680664
endloop
endfacet
facet normal 0.4879207556035665 -0.4350532438796029 -0.756744349989532
outer loop
vertex 96.99995422363281 -39.15311813354492 -14.463225364685059
vertex 94.4235610961914 -39.93306350708008 -15.675996780395508
vertex 97.08496856689453 -39.03392028808594 -14.476938247680664
endloop
endfacet
facet normal 0.4879212901064986 -0.43507494986079015 -0.7567315261467841
outer loop
vertex 96.3399429321289 -39.82193374633789 -14.504255294799805
vertex 94.4235610961914 -39.93306350708008 -15.675996780395508
vertex 96.99995422363281 -39.15311813354492 -14.463225364685059
endloop
endfacet
facet normal 0.48792081412228866 -0.4350772105862094 -0.7567305332644945
outer loop
vertex 95.3165283203125 -40.58927917480469 -14.722947120666504
vertex 94.4235610961914 -39.93306350708008 -15.675996780395508
vertex 96.3399429321289 -39.82193374633789 -14.504255294799805
endloop
endfacet
facet normal 0.48791860536152787 -0.4350799756817218 -0.7567303676362235
outer loop
vertex 95.13314056396484 -40.7807731628418 -14.731091499328613
vertex 94.4235610961914 -39.93306350708008 -15.675996780395508
vertex 95.3165283203125 -40.58927917480469 -14.722947120666504
endloop
endfacet
facet normal 0.48792151728328187 -0.4350778190119308 -0.7567297300726342
outer loop
vertex 94.4235610961914 -39.93306350708008 -15.675996780395508
vertex 96.22309875488281 -38.226863861083984 -15.496667861938477
vertex 96.99995422363281 -38.944583892822266 -14.583120346069336
endloop
endfacet
facet normal 0.4940373052751175 -0.42924467567937175 -0.7560926857187625
outer loop
vertex 95.10086059570312 -40.814483642578125 -14.73304557800293
vertex 94.37259674072266 -39.98255157470703 -15.681199073791504
vertex 95.13314056396484 -40.7807731628418 -14.731091499328613
endloop
endfacet
facet normal 0.625116088425712 -0.25856807789919367 -0.7364593845439502
outer loop
vertex 94.66502380371094 -41.43833923339844 -14.81204605102539
vertex 93.72584533691406 -40.9451904296875 -15.78237533569336
vertex 94.72984313964844 -41.30548858642578 -14.803669929504395
endloop
endfacet
facet normal 0.6782897002437724 -0.1309002003197578 -0.7230409532657611
outer loop
vertex 93.72584533691406 -40.9451904296875 -15.78237533569336
vertex 94.59072875976562 -41.59061050415039 -14.854174613952637
vertex 93.65055847167969 -41.19200897216797 -15.808318138122559
endloop
endfacet
facet normal 0.547920436745712 -0.37346413144721 -0.7485370648930948
outer loop
vertex 94.00155639648438 -40.432193756103516 -15.728458404541016
vertex 94.37259674072266 -39.98255157470703 -15.681199073791504
vertex 94.99539184570312 -40.924617767333984 -14.75529956817627
endloop
endfacet
facet normal 0.49401399589746764 -0.4292687467607071 -0.7560942500190758
outer loop
vertex 94.4235610961914 -39.93306350708008 -15.675996780395508
vertex 95.13314056396484 -40.7807731628418 -14.731091499328613
vertex 94.37259674072266 -39.98255157470703 -15.681199073791504
endloop
endfacet
facet normal 0.678288405497586 -0.1309029628318409 -0.7230416677407936
outer loop
vertex 94.59072875976562 -41.59061050415039 -14.854174613952637
vertex 93.72584533691406 -40.9451904296875 -15.78237533569336
vertex 94.66502380371094 -41.43833923339844 -14.81204605102539
endloop
endfacet
facet normal 0.5479232385873463 -0.3734615360982462 -0.7485363088528789
outer loop
vertex 94.99539184570312 -40.924617767333984 -14.75529956817627
vertex 94.37259674072266 -39.98255157470703 -15.681199073791504
vertex 95.10086059570312 -40.814483642578125 -14.73304557800293
endloop
endfacet
facet normal 0.5479132428464529 -0.3734766820158852 -0.7485360688062328
outer loop
vertex 94.86370086669922 -41.113494873046875 -14.757455825805664
vertex 94.00155639648438 -40.432193756103516 -15.728458404541016
vertex 94.99539184570312 -40.924617767333984 -14.75529956817627
endloop
endfacet
facet normal 0.6251171367901547 -0.258567192044217 -0.7364588056976764
outer loop
vertex 93.72584533691406 -40.9451904296875 -15.78237533569336
vertex 94.00155639648438 -40.432193756103516 -15.728458404541016
vertex 94.86370086669922 -41.113494873046875 -14.757455825805664
endloop
endfacet
facet normal 0.6251186819115405 -0.2585613180268021 -0.736459556489982
outer loop
vertex 94.72984313964844 -41.30548858642578 -14.803669929504395
vertex 93.72584533691406 -40.9451904296875 -15.78237533569336
vertex 94.86370086669922 -41.113494873046875 -14.757455825805664
endloop
endfacet
facet normal 0.6082333186242715 -0.284740567413038 -0.7409284981593074
outer loop
vertex 96.99995422363281 -38.944583892822266 -14.583120346069336
vertex 96.22309875488281 -38.226863861083984 -15.496667861938477
vertex 97.49983215332031 -38.45227813720703 -14.361961364746094
endloop
endfacet
facet normal 0.6082316919670789 -0.2847473665318097 -0.7409272205419798
outer loop
vertex 97.91912078857422 -37.61137008666992 -14.340934753417969
vertex 96.22309875488281 -38.226863861083984 -15.496667861938477
vertex 97.97400665283203 -37.436012268066406 -14.36327075958252
endloop
endfacet
facet normal 0.6082300057094049 -0.28473464043730656 -0.7409334954567617
outer loop
vertex 96.22309875488281 -38.226863861083984 -15.496667861938477
vertex 97.91912078857422 -37.402835845947266 -14.421075820922852
vertex 97.97400665283203 -37.436012268066406 -14.36327075958252
endloop
endfacet
facet normal 0.6121219858463406 -0.29127963237144777 -0.7351617850576067
outer loop
vertex 97.08496856689453 -39.03392028808594 -14.476938247680664
vertex 96.99995422363281 -38.944583892822266 -14.583120346069336
vertex 97.49983215332031 -38.45227813720703 -14.361961364746094
endloop
endfacet
facet normal 0.608231391231515 -0.2847433412123781 -0.7409290143838254
outer loop
vertex 96.22309875488281 -38.226863861083984 -15.496667861938477
vertex 96.99342346191406 -36.93477249145508 -15.36086368560791
vertex 97.91912078857422 -37.402835845947266 -14.421075820922852
endloop
endfacet
facet normal 0.6082316190542444 -0.28474624101439383 -0.7409277129456189
outer loop
vertex 97.49983215332031 -38.45227813720703 -14.361961364746094
vertex 96.22309875488281 -38.226863861083984 -15.496667861938477
vertex 97.91912078857422 -37.61137008666992 -14.340934753417969
endloop
endfacet
facet normal 0.6900344485432375 -0.079686346631578 -0.7193764980760368
outer loop
vertex 97.91912078857422 -37.402835845947266 -14.421075820922852
vertex 96.99342346191406 -36.93477249145508 -15.36086368560791
vertex 98.17625427246094 -36.789825439453125 -14.242334365844727
endloop
endfacet
facet normal 0.6976593904704406 -0.08522735640910845 -0.7113421628217521
outer loop
vertex 97.97400665283203 -37.436012268066406 -14.36327075958252
vertex 97.91912078857422 -37.402835845947266 -14.421075820922852
vertex 98.17625427246094 -36.789825439453125 -14.242334365844727
endloop
endfacet
facet normal 0.6900282308482334 -0.07970823959315723 -0.7193800366797908
outer loop
vertex 98.31322479248047 -35.8602180480957 -14.213922500610352
vertex 97.32965087890625 -35.44078063964844 -15.203839302062988
vertex 98.31326293945312 -35.65169143676758 -14.236990928649902
endloop
endfacet
facet normal 0.6900345653983296 -0.07968509608484185 -0.719376524510974
outer loop
vertex 96.99342346191406 -36.93477249145508 -15.36086368560791
vertex 97.32965087890625 -35.44078063964844 -15.203839302062988
vertex 98.31322479248047 -35.8602180480957 -14.213922500610352
endloop
endfacet
facet normal 0.6900344337374317 -0.07968475981953803 -0.7193766880495673
outer loop
vertex 98.17625427246094 -36.789825439453125 -14.242334365844727
vertex 96.99342346191406 -36.93477249145508 -15.36086368560791
vertex 98.31322479248047 -35.8602180480957 -14.213922500610352
endloop
endfacet
facet normal 0.7071057239510884 0.07396225793853552 -0.7032290377652509
outer loop
vertex 98.32499694824219 40.4901237487793 -6.216331958770752
vertex 97.32362365722656 41.136756896972656 -7.155215740203857
vertex 98.30718231201172 40.93949890136719 -6.186981678009033
endloop
endfacet
facet normal 0.7071062406095024 0.0739728553721075 -0.7032274035894746
outer loop
vertex 97.32362365722656 41.136756896972656 -7.155215740203857
vertex 98.2735595703125 41.14865493774414 -6.198788642883301
vertex 98.30718231201172 40.93949890136719 -6.186981678009033
endloop
endfacet
facet normal 0.7071048088305214 0.07396810217810502 -0.7032293432365583
outer loop
vertex 98.31326293945312 -35.65169143676758 -14.236990928649902
vertex 97.32965087890625 -35.44078063964844 -15.203839302062988
vertex 98.32499694824219 40.4901237487793 -6.216331958770752
endloop
endfacet
facet normal 0.7071072790455448 0.07396777981294884 -0.7032268933070955
outer loop
vertex 98.32499694824219 40.4901237487793 -6.216331958770752
vertex 97.32965087890625 -35.44078063964844 -15.203839302062988
vertex 97.32362365722656 41.136756896972656 -7.155215740203857
endloop
endfacet
facet normal 0.6877977612519662 0.2371273938039653 -0.6860793239302015
outer loop
vertex 97.88797760009766 42.68663787841797 -6.053745269775391
vertex 96.9675521850586 42.62078094482422 -6.999238014221191
vertex 97.79441833496094 42.868221282958984 -6.084778785705566
endloop
endfacet
facet normal 0.6877963760665597 0.23713426900534978 -0.6860783362947747
outer loop
vertex 98.2735595703125 41.14865493774414 -6.198788642883301
vertex 97.32362365722656 41.136756896972656 -7.155215740203857
vertex 98.15774536132812 41.8691520690918 -6.06586217880249
endloop
endfacet
facet normal 0.687793682971138 0.23713894692772836 -0.6860794192475137
outer loop
vertex 98.15774536132812 41.8691520690918 -6.06586217880249
vertex 97.32362365722656 41.136756896972656 -7.155215740203857
vertex 97.88797760009766 42.68663787841797 -6.053745269775391
endloop
endfacet
facet normal 0.6877956994488588 0.23713720412251119 -0.6860780001141371
outer loop
vertex 97.32362365722656 41.136756896972656 -7.155215740203857
vertex 96.9675521850586 42.62078094482422 -6.999238014221191
vertex 97.88797760009766 42.68663787841797 -6.053745269775391
endloop
endfacet
facet normal 0.603027920726246 0.44115339618254745 -0.6646359965132679
outer loop
vertex 97.79441833496094 42.868221282958984 -6.084778785705566
vertex 96.9675521850586 42.62078094482422 -6.999238014221191
vertex 97.45758819580078 43.52191925048828 -5.956493377685547
endloop
endfacet
facet normal 0.6030312922447089 0.44114825772139266 -0.6646363481506683
outer loop
vertex 96.9675521850586 42.62078094482422 -6.999238014221191
vertex 96.18999481201172 43.883644104003906 -6.866506099700928
vertex 96.94696807861328 44.21497344970703 -5.959778785705566
endloop
endfacet
facet normal 0.6030234342420937 0.44116155953926584 -0.6646346486151276
outer loop
vertex 96.94696807861328 44.21497344970703 -5.959778785705566
vertex 96.18999481201172 43.883644104003906 -6.866506099700928
vertex 96.82378387451172 44.33653259277344 -5.990857124328613
endloop
endfacet
facet normal 0.6030355122935114 0.44114655329167557 -0.6646336505412413
outer loop
vertex 97.45758819580078 43.52191925048828 -5.956493377685547
vertex 96.9675521850586 42.62078094482422 -6.999238014221191
vertex 96.94696807861328 44.21497344970703 -5.959778785705566
endloop
endfacet
facet normal 0.4584380049940162 0.6093319097076111 -0.6469538000423074
outer loop
vertex 95.57731628417969 45.3748664855957 -5.896152019500732
vertex 96.18999481201172 43.883644104003906 -6.866506099700928
vertex 95.46893310546875 45.42890930175781 -5.922053337097168
endloop
endfacet
facet normal 0.45843114481081687 0.609332407148624 -0.646958192672376
outer loop
vertex 96.82378387451172 44.33653259277344 -5.990857124328613
vertex 96.18999481201172 43.883644104003906 -6.866506099700928
vertex 96.27815246582031 44.87498474121094 -5.870351791381836
endloop
endfacet
facet normal 0.45843054250352655 0.609331750878796 -0.6469592375651678
outer loop
vertex 96.18999481201172 43.883644104003906 -6.866506099700928
vertex 95.05935668945312 44.841129302978516 -6.765870571136475
vertex 95.46893310546875 45.42890930175781 -5.922053337097168
endloop
endfacet
facet normal 0.4584318908296877 0.6093321001565035 -0.6469579531848899
outer loop
vertex 96.18999481201172 43.883644104003906 -6.866506099700928
vertex 95.57731628417969 45.3748664855957 -5.896152019500732
vertex 96.27815246582031 44.87498474121094 -5.870351791381836
endloop
endfacet
facet normal 0.26772436245346604 0.7247900402341365 -0.6348252226607605
outer loop
vertex 93.91485595703125 46.05128860473633 -5.866944313049316
vertex 93.72110748291016 45.38563537597656 -6.7086405754089355
vertex 93.86992645263672 46.05790710449219 -5.878335952758789
endloop
endfacet
facet normal 0.2677521367064021 0.7247818307129187 -0.6348228817218126
outer loop
vertex 94.73640441894531 45.794151306152344 -5.814011573791504
vertex 95.05935668945312 44.841129302978516 -6.765870571136475
vertex 93.91485595703125 46.05128860473633 -5.866944313049316
endloop
endfacet
facet normal 0.2677482601489172 0.7247819799286557 -0.6348243463808911
outer loop
vertex 95.05935668945312 44.841129302978516 -6.765870571136475
vertex 94.73640441894531 45.794151306152344 -5.814011573791504
vertex 95.46893310546875 45.42890930175781 -5.922053337097168
endloop
endfacet
facet normal 0.26775042975415864 0.7247812465643405 -0.6348242685933675
outer loop
vertex 95.05935668945312 44.841129302978516 -6.765870571136475
vertex 93.72110748291016 45.38563537597656 -6.7086405754089355
vertex 93.91485595703125 46.05128860473633 -5.866944313049316
endloop
endfacet
facet normal 0.0004978251456198929 0.7771476434937996 -0.6293181169981986
outer loop
vertex -84.59392547607422 46.004371643066406 -6.085631370544434
vertex -92.6150894165039 46.20003128051758 -5.850355625152588
vertex -84.6131362915039 46.19952392578125 -5.84465217590332
endloop
endfacet
facet normal 0.0004978549259988796 0.777147582668006 -0.6293181920886664
outer loop
vertex 80.99657440185547 45.39454650878906 -6.707704067230225
vertex -82.78166961669922 45.643890380859375 -6.529353618621826
vertex -82.68926239013672 45.816776275634766 -6.3157830238342285
endloop
endfacet
facet normal 0.000497885168176822 0.7771499745451991 -0.6293152383144364
outer loop
vertex -84.3349838256836 45.51031494140625 -6.695536136627197
vertex -92.94783782958984 45.5163459777832 -6.694902420043945
vertex -84.44461059570312 45.643890380859375 -6.53066873550415
endloop
endfacet
facet normal 0.0004975571229315516 0.777148548334966 -0.6293169998162804
outer loop
vertex 92.9852523803711 46.188262939453125 -5.718062877655029
vertex 82.52114868164062 45.80630111694336 -6.198023796081543
vertex 82.57804870605469 45.993892669677734 -5.966320514678955
endloop
endfacet
facet normal 0.0005000567711639233 0.7771458366388668 -0.6293203465152716
outer loop
vertex 93.72110748291016 45.38563537597656 -6.7086405754089355
vertex 92.9852523803711 46.188262939453125 -5.718062877655029
vertex 93.86992645263672 46.05790710449219 -5.878335952758789
endloop
endfacet
facet normal 0.0004982990127603841 0.7771554609107117 -0.6293084627388646
outer loop
vertex -93.03668975830078 46.18331527709961 -5.87133264541626
vertex -92.6150894165039 46.20003128051758 -5.850355625152588
vertex -84.59392547607422 46.004371643066406 -6.085631370544434
endloop
endfacet
facet normal 0.0004984558836937916 0.7771422072324252 -0.6293248297021548
outer loop
vertex -84.53701782226562 45.816776275634766 -6.317244529724121
vertex -92.94783782958984 45.5163459777832 -6.694902420043945
vertex -84.59392547607422 46.004371643066406 -6.085631370544434
endloop
endfacet
facet normal 0.0004977527573938747 0.7771411354647696 -0.6293261537634688
outer loop
vertex 93.72110748291016 45.38563537597656 -6.7086405754089355
vertex 82.19693756103516 45.39370346069336 -6.707792282104492
vertex 82.30437469482422 45.481876373291016 -6.598824501037598
endloop
endfacet
facet normal 0.0004982888426986542 0.7771406922053834 -0.6293267007101851
outer loop
vertex 92.9852523803711 46.188262939453125 -5.718062877655029
vertex 82.4287338256836 45.6334114074707 -6.411594390869141
vertex 82.52114868164062 45.80630111694336 -6.198023796081543
endloop
endfacet
facet normal 0.0004972301287754583 0.7771486118588827 -0.629316921628531
outer loop
vertex 82.30437469482422 45.481876373291016 -6.598824501037598
vertex 82.4287338256836 45.6334114074707 -6.411594390869141
vertex 92.9852523803711 46.188262939453125 -5.718062877655029
endloop
endfacet
facet normal 0.0004978638497845588 0.7771482462871224 -0.6293173725747903
outer loop
vertex 80.6164779663086 45.993892669677734 -5.967872619628906
vertex -82.61314392089844 46.199398040771484 -5.843226432800293
vertex 80.59727478027344 46.18904495239258 -5.726892948150635
endloop
endfacet
facet normal 0.0004978641791706891 0.7771483958719334 -0.6293171878511978
outer loop
vertex 80.67338562011719 45.80630111694336 -6.199485778808594
vertex -82.61314392089844 46.199398040771484 -5.843226432800293
vertex 80.6164779663086 45.993892669677734 -5.967872619628906
endloop
endfacet
facet normal 0.0004978240052371277 0.7771405212654873 -0.629326912167648
outer loop
vertex 80.76579284667969 45.6334114074707 -6.412909984588623
vertex -82.61314392089844 46.199398040771484 -5.843226432800293
vertex 80.67338562011719 45.80630111694336 -6.199485778808594
endloop
endfacet
facet normal 0.0004979871977482458 0.7771473483215112 -0.6293184813793367
outer loop
vertex -84.44461059570312 45.643890380859375 -6.53066873550415
vertex -92.94783782958984 45.5163459777832 -6.694902420043945
vertex -84.53701782226562 45.816776275634766 -6.317244529724121
endloop
endfacet
facet normal 0.0004976509497881446 0.7771465990304268 -0.6293194069460858
outer loop
vertex 92.9852523803711 46.188262939453125 -5.718062877655029
vertex 82.57804870605469 45.993892669677734 -5.966320514678955
vertex 82.59725952148438 46.18891906738281 -5.725467205047607
endloop
endfacet
facet normal 0.0004978935470923198 0.7771493464359757 -0.629316013967666
outer loop
vertex 80.99657440185547 45.39454650878906 -6.707704067230225
vertex -82.61314392089844 46.199398040771484 -5.843226432800293
vertex 80.8901596069336 45.481876373291016 -6.5999436378479
endloop
endfacet
facet normal 0.0004978318350572366 0.7771450293466213 -0.6293213452007671
outer loop
vertex 93.72110748291016 45.38563537597656 -6.7086405754089355
vertex 82.30437469482422 45.481876373291016 -6.598824501037598
vertex 92.9852523803711 46.188262939453125 -5.718062877655029
endloop
endfacet
facet normal 0.0004978620096477268 0.7771465907152924 -0.6293194170475094
outer loop
vertex 80.99657440185547 45.39454650878906 -6.707704067230225
vertex -82.63235473632812 46.004371643066406 -6.084079742431641
vertex -82.61314392089844 46.199398040771484 -5.843226432800293
endloop
endfacet
facet normal 0.0004978254025451624 0.7771422499530318 -0.6293247774462786
outer loop
vertex 80.99657440185547 45.39454650878906 -6.707704067230225
vertex -82.68926239013672 45.816776275634766 -6.3157830238342285
vertex -82.63235473632812 46.004371643066406 -6.084079742431641
endloop
endfacet
facet normal 0.0004978893539622731 0.7771489314309523 -0.629316526464958
outer loop
vertex 80.8901596069336 45.481876373291016 -6.5999436378479
vertex -82.61314392089844 46.199398040771484 -5.843226432800293
vertex 80.76579284667969 45.6334114074707 -6.412909984588623
endloop
endfacet
facet normal 0.0004978563045186798 0.7771480634522756 -0.6293175983646716
outer loop
vertex 80.99657440185547 45.39454650878906 -6.707704067230225
vertex -82.89212799072266 45.50930404663086 -6.695642471313477
vertex -82.78166961669922 45.643890380859375 -6.529353618621826
endloop
endfacet
facet normal 0.0004978256660589969 0.7771464518701426 -0.6293195885361066
outer loop
vertex -92.94783782958984 45.5163459777832 -6.694902420043945
vertex -93.03668975830078 46.18331527709961 -5.87133264541626
vertex -84.59392547607422 46.004371643066406 -6.085631370544434
endloop
endfacet
facet normal -0.16583946399582988 0.757531620539162 -0.631381909833412
outer loop
vertex -92.94783782958984 45.5163459777832 -6.694902420043945
vertex -94.42780303955078 45.1612434387207 -6.732224941253662
vertex -94.7258529663086 45.79130554199219 -5.897990703582764
endloop
endfacet
facet normal -0.1658399778513918 0.7575307910303555 -0.6313827701063545
outer loop
vertex -92.94783782958984 45.5163459777832 -6.694902420043945
vertex -94.7258529663086 45.79130554199219 -5.897990703582764
vertex -93.9941177368164 46.03277587890625 -5.800474166870117
endloop
endfacet
facet normal -0.16583727300591022 0.7575329711714801 -0.6313808648273027
outer loop
vertex -93.03668975830078 46.18331527709961 -5.87133264541626
vertex -92.94783782958984 45.5163459777832 -6.694902420043945
vertex -93.9941177368164 46.03277587890625 -5.800474166870117
endloop
endfacet
facet normal -0.3722120027302261 0.6718323829769342 -0.6403900953380589
outer loop
vertex -94.42780303955078 45.1612434387207 -6.732224941253662
vertex -95.68875122070312 44.384864807128906 -6.813825607299805
vertex -95.64688873291016 45.33262252807617 -5.843865871429443
endloop
endfacet
facet normal -0.37221402731977143 0.6718318453371702 -0.6403894826254167
outer loop
vertex -95.64688873291016 45.33262252807617 -5.843865871429443
vertex -95.68875122070312 44.384864807128906 -6.813825607299805
vertex -96.21878814697266 44.911258697509766 -5.953512668609619
endloop
endfacet
facet normal -0.3722114593805732 0.671833237589209 -0.6403895145738921
outer loop
vertex -94.42780303955078 45.1612434387207 -6.732224941253662
vertex -95.64688873291016 45.33262252807617 -5.843865871429443
vertex -94.81160736083984 45.76300811767578 -5.877835750579834
endloop
endfacet
facet normal -0.37220558194350406 0.6718366915879443 -0.6403893070673986
outer loop
vertex -94.7258529663086 45.79130554199219 -5.897990703582764
vertex -94.42780303955078 45.1612434387207 -6.732224941253662
vertex -94.81160736083984 45.76300811767578 -5.877835750579834
endloop
endfacet
facet normal -0.5408441917089177 0.5269247337779521 -0.6556202294223094
outer loop
vertex -95.68875122070312 44.384864807128906 -6.813825607299805
vertex -96.64676666259766 43.25360107421875 -6.9327263832092285
vertex -97.38839721679688 43.608585357666016 -6.0356268882751465
endloop
endfacet
facet normal -0.5408442959957337 0.5269263527460872 -0.6556188422174771
outer loop
vertex -95.68875122070312 44.384864807128906 -6.813825607299805
vertex -97.38839721679688 43.608585357666016 -6.0356268882751465
vertex -96.99995422363281 44.15318298339844 -5.918370246887207
endloop
endfacet
facet normal -0.5408452087350951 0.5269225186800386 -0.6556211707199333
outer loop
vertex -96.99995422363281 44.15318298339844 -5.918370246887207
vertex -96.3399429321289 44.821998596191406 -5.925310134887695
vertex -95.68875122070312 44.384864807128906 -6.813825607299805
endloop
endfacet
facet normal -0.5408334062647252 0.5269367089141708 -0.6556195020488618
outer loop
vertex -95.68875122070312 44.384864807128906 -6.813825607299805
vertex -96.3399429321289 44.821998596191406 -5.925310134887695
vertex -96.21878814697266 44.911258697509766 -5.953512668609619
endloop
endfacet
facet normal -0.6554761004464692 0.33770074991030247 -0.6755066877933257
outer loop
vertex -96.64676666259766 43.25360107421875 -6.9327263832092285
vertex -98.11245727539062 41.99373245239258 -6.140333652496338
vertex -97.91912078857422 42.61143493652344 -6.019134044647217
endloop
endfacet
facet normal -0.6554745640908796 0.3376967751885407 -0.6755101656208672
outer loop
vertex -96.64676666259766 43.25360107421875 -6.9327263832092285
vertex -97.19300842285156 41.91107940673828 -7.073831081390381
vertex -98.11245727539062 41.99373245239258 -6.140333652496338
endloop
endfacet
facet normal -0.6554761121219594 0.3377008858333494 -0.6755066085130857
outer loop
vertex -96.64676666259766 43.25360107421875 -6.9327263832092285
vertex -97.91912078857422 42.61143493652344 -6.019134044647217
vertex -97.49983215332031 43.45234680175781 -6.005599021911621
endloop
endfacet
facet normal -0.6554819095641534 0.33768554183411154 -0.6755086535865648
outer loop
vertex -97.38839721679688 43.608585357666016 -6.0356268882751465
vertex -96.64676666259766 43.25360107421875 -6.9327263832092285
vertex -97.49983215332031 43.45234680175781 -6.005599021911621
endloop
endfacet
facet normal -0.7071065343754165 0.07509073121724802 -0.7031086197230461
outer loop
vertex -97.19300842285156 41.91107940673828 -7.073831081390381
vertex -98.32499694824219 -35.49005889892578 -14.20170783996582
vertex -98.31322479248047 40.86028289794922 -6.0594682693481445
endloop
endfacet
facet normal -0.7071053572489652 0.07508805795843097 -0.7031100890343166
outer loop
vertex -97.19300842285156 41.91107940673828 -7.073831081390381
vertex -98.31322479248047 40.86028289794922 -6.0594682693481445
vertex -98.17625427246094 41.78989028930664 -6.097940444946289
endloop
endfacet
facet normal -0.7071074468836547 0.07509977638678474 -0.7031067359571621
outer loop
vertex -97.32342529296875 -35.51380157470703 -15.211514472961426
vertex -98.30718231201172 -35.73089599609375 -14.24534797668457
vertex -98.32499694824219 -35.49005889892578 -14.20170783996582
endloop
endfacet
facet normal -0.7071052698925417 0.07507794842076454 -0.7031112564531482
outer loop
vertex -98.11245727539062 41.99373245239258 -6.140333652496338
vertex -97.19300842285156 41.91107940673828 -7.073831081390381
vertex -98.17625427246094 41.78989028930664 -6.097940444946289
endloop
endfacet
facet normal -0.7071080445891245 0.07509061458436617 -0.7031071133751151
outer loop
vertex -97.19300842285156 41.91107940673828 -7.073831081390381
vertex -97.32342529296875 -35.51380157470703 -15.211514472961426
vertex -98.32499694824219 -35.49005889892578 -14.20170783996582
endloop
endfacet
facet normal -0.6878216254023201 -0.08932277413496556 -0.7203630013054143
outer loop
vertex -98.30718231201172 -35.939430236816406 -14.219494819641113
vertex -97.88797760009766 -37.4780387878418 -14.428979873657227
vertex -97.94821166992188 -37.5040283203125 -14.368244171142578
endloop
endfacet
facet normal -0.6877954041161308 -0.08931353942084726 -0.7203891821459071
outer loop
vertex -96.9675521850586 -36.99698257446289 -15.367402076721191
vertex -97.88797760009766 -37.4780387878418 -14.428979873657227
vertex -97.32342529296875 -35.51380157470703 -15.211514472961426
endloop
endfacet
facet normal -0.6877968379250545 -0.08931262701436586 -0.7203879263258713
outer loop
vertex -97.32342529296875 -35.51380157470703 -15.211514472961426
vertex -97.88797760009766 -37.4780387878418 -14.428979873657227
vertex -98.30718231201172 -35.939430236816406 -14.219494819641113
endloop
endfacet
facet normal -0.6877682446947948 -0.08930547757278637 -0.7204161111919538
outer loop
vertex -98.30718231201172 -35.939430236816406 -14.219494819641113
vertex -97.94821166992188 -37.5040283203125 -14.368244171142578
vertex -98.15774536132812 -36.86908721923828 -14.246915817260742
endloop
endfacet
facet normal -0.6877974467240033 -0.08931048429974064 -0.7203876107166804
outer loop
vertex -97.32342529296875 -35.51380157470703 -15.211514472961426
vertex -98.30718231201172 -35.939430236816406 -14.219494819641113
vertex -98.30718231201172 -35.73089599609375 -14.24534797668457
endloop
endfacet
facet normal -0.6030418422747197 -0.29333277464086116 -0.741819667970192
outer loop
vertex -96.94696807861328 -39.00637435913086 -14.589614868164062
vertex -97.04137420654297 -39.086769104003906 -14.481080055236816
vertex -97.45758819580078 -38.521854400634766 -14.366110801696777
endloop
endfacet
facet normal -0.6030306147738888 -0.29332298864094547 -0.7418326644063132
outer loop
vertex -96.18999481201172 -38.25984191894531 -15.500134468078613
vertex -96.94696807861328 -39.00637435913086 -14.589614868164062
vertex -96.9675521850586 -36.99698257446289 -15.367402076721191
endloop
endfacet
facet normal -0.6030355040708453 -0.29332169784994383 -0.7418292002883465
outer loop
vertex -96.94696807861328 -39.00637435913086 -14.589614868164062
vertex -97.45758819580078 -38.521854400634766 -14.366110801696777
vertex -96.9675521850586 -36.99698257446289 -15.367402076721191
endloop
endfacet
facet normal -0.6030332358641888 -0.29332097147417435 -0.7418313313258021
outer loop
vertex -96.9675521850586 -36.99698257446289 -15.367402076721191
vertex -97.88797760009766 -37.68657302856445 -14.346525192260742
vertex -97.88797760009766 -37.4780387878418 -14.428979873657227
endloop
endfacet
facet normal -0.6030307782495679 -0.2933249061168206 -0.7418317733389955
outer loop
vertex -97.88797760009766 -37.68657302856445 -14.346525192260742
vertex -96.9675521850586 -36.99698257446289 -15.367402076721191
vertex -97.45758819580078 -38.521854400634766 -14.366110801696777
endloop
endfacet
facet normal -0.6145582394232273 -0.290068800181219 -0.7336063396116825
outer loop
vertex -97.88797760009766 -37.4780387878418 -14.428979873657227
vertex -97.88797760009766 -37.68657302856445 -14.346525192260742
vertex -97.94821166992188 -37.5040283203125 -14.368244171142578
endloop
endfacet
facet normal -0.45843038546585435 -0.4615061393308249 -0.7595088314441021
outer loop
vertex -96.18999481201172 -38.25984191894531 -15.500134468078613
vertex -95.05935668945312 -39.21732711791992 -15.600769996643066
vertex -95.57731628417969 -40.16626739501953 -14.71152400970459
endloop
endfacet
facet normal -0.4584454793702652 -0.46150700405946893 -0.7594991952918851
outer loop
vertex -95.57731628417969 -40.16626739501953 -14.71152400970459
vertex -95.66932678222656 -40.30916976928711 -14.569150924682617
vertex -96.18999481201172 -38.25984191894531 -15.500134468078613
endloop
endfacet
facet normal -0.4584284144248063 -0.4615072734006064 -0.7595093320337123
outer loop
vertex -96.18999481201172 -38.25984191894531 -15.500134468078613
vertex -95.66932678222656 -40.30916976928711 -14.569150924682617
vertex -96.27815246582031 -39.87491989135742 -14.465539932250977
endloop
endfacet
facet normal -0.45842856979426866 -0.4615072240544056 -0.7595092682396825
outer loop
vertex -96.18999481201172 -38.25984191894531 -15.500134468078613
vertex -96.27815246582031 -39.87491989135742 -14.465539932250977
vertex -96.94696807861328 -39.214908599853516 -14.46290111541748
endloop
endfacet
facet normal -0.45842734700660603 -0.46150829080571704 -0.7595093580951261
outer loop
vertex -96.94696807861328 -39.214908599853516 -14.46290111541748
vertex -96.94696807861328 -39.00637435913086 -14.589614868164062
vertex -96.18999481201172 -38.25984191894531 -15.500134468078613
endloop
endfacet
facet normal -0.4753391021746023 -0.45687145046306865 -0.7518784580606195
outer loop
vertex -97.04137420654297 -39.086769104003906 -14.481080055236816
vertex -96.94696807861328 -39.00637435913086 -14.589614868164062
vertex -96.94696807861328 -39.214908599853516 -14.46290111541748
endloop
endfacet
facet normal -0.26775118530909503 -0.576955099779745 -0.7716424791337756
outer loop
vertex -95.05935668945312 -39.21732711791992 -15.600769996643066
vertex -93.72084045410156 -39.76194381713867 -15.658011436462402
vertex -93.91485595703125 -40.842689514160156 -14.78261947631836
endloop
endfacet
facet normal -0.2677540843366524 -0.5769534602778428 -0.7716426990482477
outer loop
vertex -95.05935668945312 -39.21732711791992 -15.600769996643066
vertex -95.57731628417969 -40.37480163574219 -14.555603981018066
vertex -95.57731628417969 -40.16626739501953 -14.71152400970459
endloop
endfacet
facet normal -0.267753341647521 -0.5769559293240388 -0.7716411106559969
outer loop
vertex -93.91485595703125 -40.842689514160156 -14.78261947631836
vertex -93.9671401977539 -41.03485870361328 -14.620792388916016
vertex -95.05935668945312 -39.21732711791992 -15.600769996643066
endloop
endfacet
facet normal -0.267751745760182 -0.5769554586332886 -0.7716420163493086
outer loop
vertex -95.05935668945312 -39.21732711791992 -15.600769996643066
vertex -93.9671401977539 -41.03485870361328 -14.620792388916016
vertex -94.73640441894531 -40.79408645629883 -14.533890724182129
endloop
endfacet
facet normal -0.26774958994177117 -0.5769555015252283 -0.7716427323222746
outer loop
vertex -95.57731628417969 -40.37480163574219 -14.555603981018066
vertex -95.05935668945312 -39.21732711791992 -15.600769996643066
vertex -94.73640441894531 -40.79408645629883 -14.533890724182129
endloop
endfacet
facet normal -0.2954236338410666 -0.5720905025395742 -0.7651387674612735
outer loop
vertex -95.66932678222656 -40.30916976928711 -14.569150924682617
vertex -95.57731628417969 -40.16626739501953 -14.71152400970459
vertex -95.57731628417969 -40.37480163574219 -14.555603981018066
endloop
endfacet
facet normal -0.1368488015841146 -0.6160282621452249 -0.7757458254759259
outer loop
vertex -93.9671401977539 -41.03485870361328 -14.620792388916016
vertex -93.91485595703125 -40.842689514160156 -14.78261947631836
vertex -93.9330062866211 -41.04553985595703 -14.618331909179688
endloop
endfacet
facet normal -0.0009008195173456881 -0.6293682282814846 -0.777106699079362
outer loop
vertex 31.149314880371094 -41.20955276489258 -14.630361557006836
vertex -93.72084045410156 -39.76194381713867 -15.658011436462402
vertex 31.15080451965332 -39.920143127441406 -15.674638748168945
endloop
endfacet
facet normal -0.000895565569637584 -0.6293191709736714 -0.7771464334392338
outer loop
vertex -93.91485595703125 -40.842689514160156 -14.78261947631836
vertex -93.72084045410156 -39.76194381713867 -15.658011436462402
vertex -92.9852523803711 -41.188194274902344 -14.503907203674316
endloop
endfacet
facet normal -0.0008984571077503493 -0.6293238751805923 -0.7771426206961677
outer loop
vertex -93.9330062866211 -41.04553985595703 -14.618331909179688
vertex -93.91485595703125 -40.842689514160156 -14.78261947631836
vertex -92.9852523803711 -41.188194274902344 -14.503907203674316
endloop
endfacet
facet normal -0.0008999487269718754 -0.62932053420671 -0.7771453244522994
outer loop
vertex -92.9852523803711 -41.188194274902344 -14.503907203674316
vertex -93.72084045410156 -39.76194381713867 -15.658011436462402
vertex 31.149314880371094 -41.20955276489258 -14.630361557006836
endloop
endfacet
facet normal -0.19556487410512988 -0.6035288275752859 -0.7729859858379357
outer loop
vertex 31.84549903869629 -40.00223159790039 -15.683266639709473
vertex 32.05245590209961 -40.061336517333984 -15.689478874206543
vertex 31.787675857543945 -41.273475646972656 -14.676080703735352
endloop
endfacet
facet normal -0.18397788141739596 -0.6052452228191374 -0.7744871589663571
outer loop
vertex 31.575103759765625 -41.23969650268555 -14.651982307434082
vertex 31.84549903869629 -40.00223159790039 -15.683266639709473
vertex 31.787675857543945 -41.273475646972656 -14.676080703735352
endloop
endfacet
facet normal -0.06947772712200485 -0.627799769646222 -0.7752678857440897
outer loop
vertex 31.72907829284668 -39.97678756713867 -15.68059253692627
vertex 31.149314880371094 -41.20955276489258 -14.630361557006836
vertex 31.15080451965332 -39.920143127441406 -15.674638748168945
endloop
endfacet
facet normal -0.06947963250225059 -0.6277991532917224 -0.7752682140998356
outer loop
vertex 31.149314880371094 -41.20955276489258 -14.630361557006836
vertex 31.72907829284668 -39.97678756713867 -15.68059253692627
vertex 31.38567543029785 -41.2095947265625 -14.651510238647461
endloop
endfacet
facet normal -0.10060502122495936 -0.6209087024903627 -0.7774001626421617
outer loop
vertex 31.575103759765625 -41.23969650268555 -14.651982307434082
vertex 31.38567543029785 -41.2095947265625 -14.651510238647461
vertex 31.72907829284668 -39.97678756713867 -15.68059253692627
endloop
endfacet
facet normal -0.1517837265923813 -0.6130074995168258 -0.775360242647157
outer loop
vertex 31.84549903869629 -40.00223159790039 -15.683266639709473
vertex 31.575103759765625 -41.23969650268555 -14.651982307434082
vertex 31.72907829284668 -39.97678756713867 -15.68059253692627
endloop
endfacet
facet normal -0.47351625871531833 -0.4509726353754416 -0.75657520107044
outer loop
vertex 33.96037292480469 -41.26024627685547 -15.815489768981934
vertex 33.30842971801758 -42.13203430175781 -14.887811660766602
vertex 33.07779312133789 -41.90510940551758 -14.878726959228516
endloop
endfacet
facet normal -0.45946439380403387 -0.4673728325166001 -0.7552847848670737
outer loop
vertex 33.274940490722656 -40.6831169128418 -15.754831314086914
vertex 33.07779312133789 -41.90510940551758 -14.878726959228516
vertex 32.70054244995117 -41.634437561035156 -14.816725730895996
endloop
endfacet
facet normal -0.41199780586324697 -0.5014586100272489 -0.7607871386882206
outer loop
vertex 32.601070404052734 -41.584228515625 -14.795951843261719
vertex 33.274940490722656 -40.6831169128418 -15.754831314086914
vertex 32.70054244995117 -41.634437561035156 -14.816725730895996
endloop
endfacet
facet normal -0.4601169340991609 -0.4671025878716956 -0.7550546863365284
outer loop
vertex 33.07779312133789 -41.90510940551758 -14.878726959228516
vertex 33.274940490722656 -40.6831169128418 -15.754831314086914
vertex 33.96037292480469 -41.26024627685547 -15.815489768981934
endloop
endfacet
facet normal -0.3341330222270463 -0.5479569368388524 -0.7668756866843559
outer loop
vertex 32.06486892700195 -41.35375213623047 -14.687474250793457
vertex 32.49791717529297 -40.19572448730469 -15.703603744506836
vertex 32.28604507446289 -41.42521667480469 -14.732778549194336
endloop
endfacet
facet normal -0.3341312697638898 -0.5479569363070749 -0.7668764506222204
outer loop
vertex 33.013736724853516 -40.46992492675781 -15.732423782348633
vertex 32.40740203857422 -41.486473083496094 -14.741886138916016
vertex 32.49791717529297 -40.19572448730469 -15.703603744506836
endloop
endfacet
facet normal -0.4496658942801031 -0.4711823471414942 -0.7588068128736771
outer loop
vertex 32.40740203857422 -41.486473083496094 -14.741886138916016
vertex 33.274940490722656 -40.6831169128418 -15.754831314086914
vertex 32.601070404052734 -41.584228515625 -14.795951843261719
endloop
endfacet
facet normal -0.33413925661684307 -0.5479548787663819 -0.7668744408465203
outer loop
vertex 32.49791717529297 -40.19572448730469 -15.703603744506836
vertex 32.40740203857422 -41.486473083496094 -14.741886138916016
vertex 32.28604507446289 -41.42521667480469 -14.732778549194336
endloop
endfacet
facet normal -0.20576279034074066 -0.6008393920251944 -0.772433621162354
outer loop
vertex 31.787675857543945 -41.273475646972656 -14.676080703735352
vertex 32.05245590209961 -40.061336517333984 -15.689478874206543
vertex 31.844228744506836 -41.28246307373047 -14.684154510498047
endloop
endfacet
facet normal -0.2057544506028453 -0.6008413738830807 -0.7724343010815957
outer loop
vertex 32.05245590209961 -40.061336517333984 -15.689478874206543
vertex 32.06486892700195 -41.35375213623047 -14.687474250793457
vertex 31.844228744506836 -41.28246307373047 -14.684154510498047
endloop
endfacet
facet normal -0.44966769745362306 -0.47118049932498374 -0.7588068917205589
outer loop
vertex 32.40740203857422 -41.486473083496094 -14.741886138916016
vertex 33.013736724853516 -40.46992492675781 -15.732423782348633
vertex 33.274940490722656 -40.6831169128418 -15.754831314086914
endloop
endfacet
facet normal -0.2057560598352009 -0.600841176212753 -0.7724340261849997
outer loop
vertex 32.49791717529297 -40.19572448730469 -15.703603744506836
vertex 32.06486892700195 -41.35375213623047 -14.687474250793457
vertex 32.05245590209961 -40.061336517333984 -15.689478874206543
endloop
endfacet
facet normal -0.6456265748814747 -0.21228589821210186 -0.733553694849325
outer loop
vertex 34.765953063964844 -42.31899642944336 -15.926769256591797
vertex 35.38524627685547 -43.70065689086914 -16.07198715209961
vertex 34.55541229248047 -44.35621643066406 -15.15190601348877
endloop
endfacet
facet normal -0.6417808794058945 -0.22320919431240227 -0.7336858717485332
outer loop
vertex 33.81295394897461 -42.84618377685547 -14.932761192321777
vertex 34.765953063964844 -42.31899642944336 -15.926769256591797
vertex 33.901424407958984 -43.014610290527344 -14.958909034729004
endloop
endfacet
facet normal -0.6489693845854378 -0.2106409563170644 -0.7310739534360601
outer loop
vertex 34.229896545410156 -43.96931076049805 -14.975418090820312
vertex 33.901424407958984 -43.014610290527344 -14.958909034729004
vertex 34.765953063964844 -42.31899642944336 -15.926769256591797
endloop
endfacet
facet normal -0.6458049190931552 -0.21221549857617045 -0.7334170632315222
outer loop
vertex 34.765953063964844 -42.31899642944336 -15.926769256591797
vertex 34.55541229248047 -44.35621643066406 -15.15190601348877
vertex 34.471832275390625 -44.411865234375 -15.06220817565918
endloop
endfacet
facet normal -0.6484214143619962 -0.2110338647778594 -0.7314467699796813
outer loop
vertex 34.765953063964844 -42.31899642944336 -15.926769256591797
vertex 34.471832275390625 -44.411865234375 -15.06220817565918
vertex 34.229896545410156 -43.96931076049805 -14.975418090820312
endloop
endfacet
facet normal -0.6251190555624205 -0.2585593330115228 -0.7364599362391574
outer loop
vertex 33.68551254272461 -42.60355758666992 -14.909769058227539
vertex 34.765953063964844 -42.31899642944336 -15.926769256591797
vertex 33.81295394897461 -42.84618377685547 -14.932761192321777
endloop
endfacet
facet normal -0.625117257804418 -0.2585647790539802 -0.7364595501640612
outer loop
vertex 34.52233123779297 -41.86570739746094 -15.879125595092773
vertex 34.765953063964844 -42.31899642944336 -15.926769256591797
vertex 33.68551254272461 -42.60355758666992 -14.909769058227539
endloop
endfacet
facet normal -0.4496655785867982 -0.4711828647115037 -0.7588066785660633
outer loop
vertex 34.151283264160156 -41.41606521606445 -15.831866264343262
vertex 33.408756256103516 -42.23074722290039 -14.885969161987305
vertex 33.96037292480469 -41.26024627685547 -15.815489768981934
endloop
endfacet
facet normal -0.449667608308359 -0.4711814189020365 -0.758806373536559
outer loop
vertex 33.408756256103516 -42.23074722290039 -14.885969161987305
vertex 33.30842971801758 -42.13203430175781 -14.887811660766602
vertex 33.96037292480469 -41.26024627685547 -15.815489768981934
endloop
endfacet
facet normal -0.5433929630854345 -0.3795411145190354 -0.7487807623456149
outer loop
vertex 33.408756256103516 -42.23074722290039 -14.885969161987305
vertex 34.52233123779297 -41.86570739746094 -15.879125595092773
vertex 33.64968490600586 -42.5552978515625 -14.8963041305542
endloop
endfacet
facet normal -0.6251012272930191 -0.25858945390327126 -0.7364644933510165
outer loop
vertex 33.68551254272461 -42.60355758666992 -14.909769058227539
vertex 33.64968490600586 -42.5552978515625 -14.8963041305542
vertex 34.52233123779297 -41.86570739746094 -15.879125595092773
endloop
endfacet
facet normal -0.5467635872427256 -0.37237287364711386 -0.7499253447092299
outer loop
vertex 34.151283264160156 -41.41606521606445 -15.831866264343262
vertex 34.52233123779297 -41.86570739746094 -15.879125595092773
vertex 33.408756256103516 -42.23074722290039 -14.885969161987305
endloop
endfacet
facet normal -0.510173898857946 -0.4130210108142117 -0.7544111859921545
outer loop
vertex 35.38524627685547 -43.70065689086914 -16.07198715209961
vertex 34.55541229248047 -44.56475067138672 -15.037738800048828
vertex 34.55541229248047 -44.35621643066406 -15.15190601348877
endloop
endfacet
facet normal -0.5101724693405535 -0.4130225392045374 -0.7544113159517148
outer loop
vertex 34.95969772338867 -45.06489562988281 -15.037320137023926
vertex 34.55541229248047 -44.56475067138672 -15.037738800048828
vertex 35.38524627685547 -43.70065689086914 -16.07198715209961
endloop
endfacet
facet normal -0.5101702666316663 -0.41302269686967463 -0.7544127192163951
outer loop
vertex 35.45219039916992 -45.285526275634766 -15.249580383300781
vertex 35.38524627685547 -43.70065689086914 -16.07198715209961
vertex 36.00822067260742 -44.34622573852539 -16.13983917236328
endloop
endfacet
facet normal -0.5279324062161689 -0.4078419256970195 -0.7449512320350594
outer loop
vertex 34.55541229248047 -44.35621643066406 -15.15190601348877
vertex 34.55541229248047 -44.56475067138672 -15.037738800048828
vertex 34.471832275390625 -44.411865234375 -15.06220817565918
endloop
endfacet
facet normal -0.5101723023230713 -0.4130226365454029 -0.7544113756058168
outer loop
vertex 35.38524627685547 -43.70065689086914 -16.07198715209961
vertex 35.358524322509766 -45.412437438964844 -15.116756439208984
vertex 34.95969772338867 -45.06489562988281 -15.037320137023926
endloop
endfacet
facet normal -0.5101793779522722 -0.4130205066355415 -0.7544077567275891
outer loop
vertex 35.38524627685547 -43.70065689086914 -16.07198715209961
vertex 35.45219039916992 -45.285526275634766 -15.249580383300781
vertex 35.358524322509766 -45.412437438964844 -15.116756439208984
endloop
endfacet
facet normal -0.3899601314585976 -0.5127159970715242 -0.7648878363654023
outer loop
vertex 35.358524322509766 -45.412437438964844 -15.116756439208984
vertex 35.45219039916992 -45.285526275634766 -15.249580383300781
vertex 35.38363265991211 -45.43431854248047 -15.114890098571777
endloop
endfacet
facet normal -0.25061014168426754 -0.5836718137679273 -0.7723482185503177
outer loop
vertex 36.00822067260742 -44.34622573852539 -16.13983917236328
vertex 37.23054122924805 -46.17407989501953 -15.155126571655273
vertex 36.63835525512695 -46.06496810913086 -15.045432090759277
endloop
endfacet
facet normal -0.2506079816154395 -0.5836727697045527 -0.7723481970303625
outer loop
vertex 35.45219039916992 -45.285526275634766 -15.249580383300781
vertex 36.00822067260742 -44.34622573852539 -16.13983917236328
vertex 35.45219039916992 -45.49406051635742 -15.091988563537598
endloop
endfacet
facet normal -0.2506114782803472 -0.5836711544440493 -0.7723482831107282
outer loop
vertex 35.45219039916992 -45.49406051635742 -15.091988563537598
vertex 36.00822067260742 -44.34622573852539 -16.13983917236328
vertex 36.03565979003906 -45.84058380126953 -15.019441604614258
endloop
endfacet
facet normal -0.2506082838653154 -0.5836716130659861 -0.7723489730419996
outer loop
vertex 36.03565979003906 -45.84058380126953 -15.019441604614258
vertex 36.00822067260742 -44.34622573852539 -16.13983917236328
vertex 36.63835525512695 -46.06496810913086 -15.045432090759277
endloop
endfacet
facet normal -0.2506173785609027 -0.5836713030444906 -0.7723462562643828
outer loop
vertex 35.45219039916992 -45.285526275634766 -15.249580383300781
vertex 35.45219039916992 -45.49406051635742 -15.091988563537598
vertex 35.38363265991211 -45.43431854248047 -15.114890098571777
endloop
endfacet
facet normal -0.25060931956386584 -0.5836712456707076 -0.7723489146266347
outer loop
vertex 36.00822067260742 -44.34622573852539 -16.13983917236328
vertex 37.45988082885742 -44.89341735839844 -16.197351455688477
vertex 37.28078842163086 -45.97480392456055 -15.322026252746582
endloop
endfacet
facet normal -0.2506121920068055 -0.5836725334508047 -0.772347009389344
outer loop
vertex 37.23054122924805 -46.17407989501953 -15.155126571655273
vertex 36.00822067260742 -44.34622573852539 -16.13983917236328
vertex 37.28078842163086 -45.97480392456055 -15.322026252746582
endloop
endfacet
facet normal -0.12662064491158526 -0.6179548173245241 -0.7759504211143832
outer loop
vertex 37.23054122924805 -46.17407989501953 -15.155126571655273
vertex 37.28078842163086 -45.97480392456055 -15.322026252746582
vertex 37.264122009277344 -46.180267333984375 -15.155678749084473
endloop
endfacet
facet normal 0.0015646181786421458 -0.6293195299445684 -0.7771450837522569
outer loop
vertex 90.7538833618164 -46.19707107543945 -15.03458023071289
vertex 91.39108276367188 -44.774959564208984 -16.184900283813477
vertex 90.96197509765625 -46.183746337890625 -15.044951438903809
endloop
endfacet
facet normal 0.0015943365534831703 -0.6293148459500166 -0.7771488163523516
outer loop
vertex 91.63758850097656 -46.056148529052734 -15.146921157836914
vertex 91.39108276367188 -44.774959564208984 -16.184900283813477
vertex 91.61669921875 -45.85545349121094 -15.309481620788574
endloop
endfacet
facet normal 0.0016001113075872872 -0.6293214834402704 -0.777143429570334
outer loop
vertex 37.45988082885742 -44.89341735839844 -16.197351455688477
vertex 37.264122009277344 -46.180267333984375 -15.155678749084473
vertex 37.28078842163086 -45.97480392456055 -15.322026252746582
endloop
endfacet
facet normal 0.0015606151434830627 -0.6293187972548658 -0.7771456851209192
outer loop
vertex 91.39108276367188 -44.774959564208984 -16.184900283813477
vertex 91.63758850097656 -46.056148529052734 -15.146921157836914
vertex 90.96197509765625 -46.183746337890625 -15.044951438903809
endloop
endfacet
facet normal 0.001561694936525566 -0.6293187414045549 -0.777145728178385
outer loop
vertex 90.7538833618164 -46.19707107543945 -15.03458023071289
vertex 37.45988082885742 -44.89341735839844 -16.197351455688477
vertex 91.39108276367188 -44.774959564208984 -16.184900283813477
endloop
endfacet
facet normal 0.0015617264032712725 -0.629317994464704 -0.7771463329731179
outer loop
vertex 37.264122009277344 -46.180267333984375 -15.155678749084473
vertex 37.45988082885742 -44.89341735839844 -16.197351455688477
vertex 90.7538833618164 -46.19707107543945 -15.03458023071289
endloop
endfacet
facet normal -0.5555715285918136 0 0.8314687466274098
outer loop
vertex 70.69902801513672 -44.69996643066406 -11.335819244384766
vertex 70.69902801513672 -46.19192123413086 -11.335819244384766
vertex 71.18566131591797 -44.69996643066406 -11.010660171508789
endloop
endfacet
facet normal -1 0 0
outer loop
vertex 71.625 -44.69996643066406 -4.949999809265137
vertex 71.625 -46.19215774536133 -9.949999809265137
vertex 71.625 -46.19215774536133 -4.949999809265137
endloop
endfacet
facet normal 0 0 -1
outer loop
vertex 70.125 -46.1917724609375 -3.450000047683716
vertex 58.125 -44.69996643066406 -3.450000047683716
vertex 70.125 -44.69996643066406 -3.450000047683716
endloop
endfacet
facet normal 0 -1 0
outer loop
vertex 58.125 -44.69996643066406 -3.450000047683716
vertex 59.45112228393555 -44.69996643066406 -6.31731653213501
vertex 59.66789245605469 -44.69996643066406 -5.992893218994141
endloop
endfacet
facet normal 0 -1 0
outer loop
vertex 58.125 -44.69996643066406 -3.450000047683716
vertex 59.66789245605469 -44.69996643066406 -5.992893218994141
vertex 59.99231719970703 -44.69996643066406 -5.776120662689209
endloop
endfacet
facet normal 0 -1 0
outer loop
vertex 71.18566131591797 -44.69996643066406 -3.8893399238586426
vertex 71.51081848144531 -44.69996643066406 -10.524024963378906
vertex 71.51081848144531 -44.69996643066406 -4.375974655151367
endloop
endfacet
facet normal 0.8314712579435087 0 0.5555677701359567
outer loop
vertex 56.73918151855469 -46.18833541870117 -10.524024963378906
vertex 57.06433868408203 -46.188419342041016 -11.010660171508789
vertex 57.06433868408203 -44.69996643066406 -11.010660171508789
endloop
endfacet
facet normal 0 -1 0
outer loop
vertex 71.51081848144531 -44.69996643066406 -4.375974655151367
vertex 71.625 -44.69996643066406 -9.949999809265137
vertex 71.625 -44.69996643066406 -4.949999809265137
endloop
endfacet
facet normal 0.9807850135586839 0 -0.1950916635294606
outer loop
vertex 56.625 -46.18830490112305 -4.949999809265137
vertex 56.625 -44.69996643066406 -4.949999809265137
vertex 56.73918151855469 -46.18833541870117 -4.375974655151367
endloop
endfacet
facet normal 0.9807850135586839 0 -0.1950916635294606
outer loop
vertex 56.73918151855469 -46.18833541870117 -4.375974655151367
vertex 56.625 -44.69996643066406 -4.949999809265137
vertex 56.73918151855469 -44.69996643066406 -4.375974655151367
endloop
endfacet
facet normal 0.8314710064722629 0 -0.5555681464915011
outer loop
vertex 56.73918151855469 -44.69996643066406 -4.375974655151367
vertex 57.06433868408203 -46.188419342041016 -3.8893399238586426
vertex 56.73918151855469 -46.18833541870117 -4.375974655151367
endloop
endfacet
facet normal 0.8314710064722629 0 -0.5555681464915011
outer loop
vertex 57.06433868408203 -46.188419342041016 -3.8893399238586426
vertex 56.73918151855469 -44.69996643066406 -4.375974655151367
vertex 57.06433868408203 -44.69996643066406 -3.8893399238586426
endloop
endfacet
facet normal 0 -1 0
outer loop
vertex 58.125 -44.69996643066406 -3.450000047683716
vertex 59.99231719970703 -44.69996643066406 -5.776120662689209
vertex 60.375 -44.69996643066406 -5.699999809265137
endloop
endfacet
facet normal 0 -1 0
outer loop
vertex 68.875 -44.69996643066406 -6.699999809265137
vertex 70.125 -44.69996643066406 -11.449999809265137
vertex 70.125 -44.69996643066406 -3.450000047683716
endloop
endfacet
facet normal 0.8314712579435086 0 0.5555677701359567
outer loop
vertex 56.73918151855469 -46.18833541870117 -10.524024963378906
vertex 57.06433868408203 -44.69996643066406 -11.010660171508789
vertex 56.73918151855469 -44.69996643066406 -10.524024963378906
endloop
endfacet
facet normal 0.9807850135586839 0 0.1950916635294606
outer loop
vertex 56.625 -46.18830490112305 -9.949999809265137
vertex 56.73918151855469 -46.18833541870117 -10.524024963378906
vertex 56.73918151855469 -44.69996643066406 -10.524024963378906
endloop
endfacet
facet normal 0.9807850135586839 0 0.1950916635294606
outer loop
vertex 56.625 -46.18830490112305 -9.949999809265137
vertex 56.73918151855469 -44.69996643066406 -10.524024963378906
vertex 56.625 -44.69996643066406 -9.949999809265137
endloop
endfacet
facet normal 0 0 1
outer loop
vertex 58.125 -44.69996643066406 -11.449999809265137
vertex 58.125 -46.188690185546875 -11.449999809265137
vertex 70.125 -44.69996643066406 -11.449999809265137
endloop
endfacet
facet normal 0 0 1
outer loop
vertex 70.125 -44.69996643066406 -11.449999809265137
vertex 58.125 -46.188690185546875 -11.449999809265137
vertex 70.125 -46.1917724609375 -11.449999809265137
endloop
endfacet
facet normal 0 -1 0
outer loop
vertex 68.875 -44.69996643066406 -6.699999809265137
vertex 70.125 -44.69996643066406 -3.450000047683716
vertex 68.79888153076172 -44.69996643066406 -6.31731653213501
endloop
endfacet
facet normal 0 -1 0
outer loop
vertex 68.25768280029297 -44.69996643066406 -5.776120662689209
vertex 68.58210754394531 -44.69996643066406 -5.992893218994141
vertex 70.125 -44.69996643066406 -3.450000047683716
endloop
endfacet
facet normal 0 -1 0
outer loop
vertex 68.58210754394531 -44.69996643066406 -5.992893218994141
vertex 68.79888153076172 -44.69996643066406 -6.31731653213501
vertex 70.125 -44.69996643066406 -3.450000047683716
endloop
endfacet
facet normal 0 -1 0
outer loop
vertex 58.125 -44.69996643066406 -3.450000047683716
vertex 59.375 -44.69996643066406 -8.199999809265137
vertex 59.375 -44.69996643066406 -6.699999809265137
endloop
endfacet
facet normal 0 -1 0
outer loop
vertex 60.375 -44.69996643066406 -5.699999809265137
vertex 67.875 -44.69996643066406 -5.699999809265137
vertex 70.125 -44.69996643066406 -3.450000047683716
endloop
endfacet
facet normal -0.19508916074546295 0 0.9807855113936129
outer loop
vertex 70.125 -44.69996643066406 -11.449999809265137
vertex 70.125 -46.1917724609375 -11.449999809265137
vertex 70.69902801513672 -44.69996643066406 -11.335819244384766
endloop
endfacet
facet normal 0 -1 0
outer loop
vertex 58.125 -44.69996643066406 -3.450000047683716
vertex 60.375 -44.69996643066406 -5.699999809265137
vertex 70.125 -44.69996643066406 -3.450000047683716
endloop
endfacet
facet normal -0.980785013558684 0 -0.1950916635294606
outer loop
vertex 71.625 -46.19215774536133 -4.949999809265137
vertex 71.51081848144531 -46.1921272277832 -4.375974655151367
vertex 71.51081848144531 -44.69996643066406 -4.375974655151367
endloop
endfacet
facet normal -0.9807850135586839 0 -0.19509166352946058
outer loop
vertex 71.625 -44.69996643066406 -4.949999809265137
vertex 71.625 -46.19215774536133 -4.949999809265137
vertex 71.51081848144531 -44.69996643066406 -4.375974655151367
endloop
endfacet
facet normal -0.19508916074546295 0 0.9807855113936129
outer loop
vertex 70.69902801513672 -44.69996643066406 -11.335819244384766
vertex 70.125 -46.1917724609375 -11.449999809265137
vertex 70.69902801513672 -46.19192123413086 -11.335819244384766
endloop
endfacet
facet normal -0.8314710064722629 0 -0.5555681464915011
outer loop
vertex 71.51081848144531 -46.1921272277832 -4.375974655151367
vertex 71.18566131591797 -46.192047119140625 -3.8893399238586426
vertex 71.18566131591797 -44.69996643066406 -3.8893399238586426
endloop
endfacet
facet normal -0.831471006472263 0 -0.5555681464915011
outer loop
vertex 71.18566131591797 -44.69996643066406 -3.8893399238586426
vertex 71.51081848144531 -44.69996643066406 -4.375974655151367
vertex 71.51081848144531 -46.1921272277832 -4.375974655151367
endloop
endfacet
facet normal 0 -1 0
outer loop
vertex 67.875 -44.69996643066406 -5.699999809265137
vertex 68.25768280029297 -44.69996643066406 -5.776120662689209
vertex 70.125 -44.69996643066406 -3.450000047683716
endloop
endfacet
facet normal 0 -1 0
outer loop
vertex 70.125 -44.69996643066406 -3.450000047683716
vertex 70.69902801513672 -44.69996643066406 -11.335819244384766
vertex 70.69902801513672 -44.69996643066406 -3.564180612564087
endloop
endfacet
facet normal 0 -1 0
outer loop
vertex 57.55097579956055 -44.69996643066406 -3.564180612564087
vertex 58.125 -44.69996643066406 -11.449999809265137
vertex 58.125 -44.69996643066406 -3.450000047683716
endloop
endfacet
facet normal 0 -1 0
outer loop
vertex 57.06433868408203 -44.69996643066406 -3.8893399238586426
vertex 57.55097579956055 -44.69996643066406 -11.335819244384766
vertex 57.55097579956055 -44.69996643066406 -3.564180612564087
endloop
endfacet
facet normal 0 -1 0
outer loop
vertex 56.73918151855469 -44.69996643066406 -4.375974655151367
vertex 57.06433868408203 -44.69996643066406 -11.010660171508789
vertex 57.06433868408203 -44.69996643066406 -3.8893399238586426
endloop
endfacet
facet normal 0 -1 0
outer loop
vertex 56.625 -44.69996643066406 -4.949999809265137
vertex 56.73918151855469 -44.69996643066406 -10.524024963378906
vertex 56.73918151855469 -44.69996643066406 -4.375974655151367
endloop
endfacet
facet normal 1 0 0
outer loop
vertex 56.625 -46.18830490112305 -4.949999809265137
vertex 56.625 -44.69996643066406 -9.949999809265137
vertex 56.625 -44.69996643066406 -4.949999809265137
endloop
endfacet
facet normal 0 -1 0
outer loop
vertex 58.125 -44.69996643066406 -11.449999809265137
vertex 70.125 -44.69996643066406 -11.449999809265137
vertex 67.875 -44.69996643066406 -9.199999809265137
endloop
endfacet
facet normal -0.5555715285918135 0 0.8314687466274098
outer loop
vertex 71.18566131591797 -44.69996643066406 -11.010660171508789
vertex 70.69902801513672 -46.19192123413086 -11.335819244384766
vertex 71.18566131591797 -46.192047119140625 -11.010660171508789
endloop
endfacet
facet normal 0 -1 0
outer loop
vertex 58.125 -44.69996643066406 -11.449999809265137
vertex 59.375 -44.69996643066406 -8.199999809265137
vertex 58.125 -44.69996643066406 -3.450000047683716
endloop
endfacet
facet normal -0.8314712579435087 0 0.5555677701359567
outer loop
vertex 71.18566131591797 -46.192047119140625 -11.010660171508789
vertex 71.51081848144531 -46.1921272277832 -10.524024963378906
vertex 71.51081848144531 -44.69996643066406 -10.524024963378906
endloop
endfacet
facet normal -0.8314712579435086 0 0.5555677701359567
outer loop
vertex 71.18566131591797 -44.69996643066406 -11.010660171508789
vertex 71.18566131591797 -46.192047119140625 -11.010660171508789
vertex 71.51081848144531 -44.69996643066406 -10.524024963378906
endloop
endfacet
facet normal -0.9807850135586839 0 0.19509166352946058
outer loop
vertex 71.51081848144531 -46.1921272277832 -10.524024963378906
vertex 71.625 -46.19215774536133 -9.949999809265137
vertex 71.625 -44.69996643066406 -9.949999809265137
endloop
endfacet
facet normal -0.980785013558684 0 0.1950916635294606
outer loop
vertex 71.51081848144531 -44.69996643066406 -10.524024963378906
vertex 71.51081848144531 -46.1921272277832 -10.524024963378906
vertex 71.625 -44.69996643066406 -9.949999809265137
endloop
endfacet
facet normal 0 -1 0
outer loop
vertex 60.375 -44.69996643066406 -9.199999809265137
vertex 59.99231719970703 -44.69996643066406 -9.123879432678223
vertex 58.125 -44.69996643066406 -11.449999809265137
endloop
endfacet
facet normal 0 -1 0
outer loop
vertex 58.125 -44.69996643066406 -11.449999809265137
vertex 59.99231719970703 -44.69996643066406 -9.123879432678223
vertex 59.66789245605469 -44.69996643066406 -8.907106399536133
endloop
endfacet
facet normal 0.19509040787318935 0 0.9807852633251953
outer loop
vertex 57.55097579956055 -46.18854522705078 -11.335819244384766
vertex 58.125 -46.188690185546875 -11.449999809265137
vertex 58.125 -44.69996643066406 -11.449999809265137
endloop
endfacet
facet normal 0 -1 0
outer loop
vertex 58.125 -44.69996643066406 -11.449999809265137
vertex 59.66789245605469 -44.69996643066406 -8.907106399536133
vertex 59.45112228393555 -44.69996643066406 -8.582683563232422
endloop
endfacet
facet normal 0 -1 0
outer loop
vertex 58.125 -44.69996643066406 -11.449999809265137
vertex 59.45112228393555 -44.69996643066406 -8.582683563232422
vertex 59.375 -44.69996643066406 -8.199999809265137
endloop
endfacet
facet normal -0.19508916074546295 0 -0.9807855113936129
outer loop
vertex 70.125 -44.69996643066406 -3.450000047683716
vertex 70.69902801513672 -44.69996643066406 -3.564180612564087
vertex 70.69902801513672 -46.19192123413086 -3.564180612564087
endloop
endfacet
facet normal -0.19508916074546295 0 -0.9807855113936129
outer loop
vertex 70.69902801513672 -46.19192123413086 -3.564180612564087
vertex 70.125 -46.1917724609375 -3.450000047683716
vertex 70.125 -44.69996643066406 -3.450000047683716
endloop
endfacet
facet normal -0.5555718102198659 0 -0.8314685584488576
outer loop
vertex 70.69902801513672 -44.69996643066406 -3.564180612564087
vertex 71.18566131591797 -44.69996643066406 -3.8893399238586426
vertex 71.18566131591797 -46.192047119140625 -3.8893399238586426
endloop
endfacet
facet normal -0.5555718102198659 0 -0.8314685584488577
outer loop
vertex 71.18566131591797 -46.192047119140625 -3.8893399238586426
vertex 70.69902801513672 -46.19192123413086 -3.564180612564087
vertex 70.69902801513672 -44.69996643066406 -3.564180612564087
endloop
endfacet
facet normal 0 0 -1
outer loop
vertex 58.125 -46.188690185546875 -3.450000047683716
vertex 58.125 -44.69996643066406 -3.450000047683716
vertex 70.125 -46.1917724609375 -3.450000047683716
endloop
endfacet
facet normal 1 0 0
outer loop
vertex 56.625 -46.18830490112305 -4.949999809265137
vertex 56.625 -46.18830490112305 -9.949999809265137
vertex 56.625 -44.69996643066406 -9.949999809265137
endloop
endfacet
facet normal 0 -1 0
outer loop
vertex 57.06433868408203 -44.69996643066406 -11.010660171508789
vertex 57.55097579956055 -44.69996643066406 -11.335819244384766
vertex 57.06433868408203 -44.69996643066406 -3.8893399238586426
endloop
endfacet
facet normal 0.19509040787318935 0 -0.9807852633251953
outer loop
vertex 58.125 -46.188690185546875 -3.450000047683716
vertex 57.55097579956055 -44.69996643066406 -3.564180612564087
vertex 58.125 -44.69996643066406 -3.450000047683716
endloop
endfacet
facet normal 0.19509040787318935 0 -0.9807852633251952
outer loop
vertex 57.55097579956055 -46.18854522705078 -3.564180612564087
vertex 57.55097579956055 -44.69996643066406 -3.564180612564087
vertex 58.125 -46.188690185546875 -3.450000047683716
endloop
endfacet
facet normal 0.5555687993756241 0 -0.8314705702310381
outer loop
vertex 57.55097579956055 -46.18854522705078 -3.564180612564087
vertex 57.06433868408203 -44.69996643066406 -3.8893399238586426
vertex 57.55097579956055 -44.69996643066406 -3.564180612564087
endloop
endfacet
facet normal 0.555568799375624 0 -0.8314705702310381
outer loop
vertex 57.06433868408203 -46.188419342041016 -3.8893399238586426
vertex 57.06433868408203 -44.69996643066406 -3.8893399238586426
vertex 57.55097579956055 -46.18854522705078 -3.564180612564087
endloop
endfacet
facet normal 0 -1 0
outer loop
vertex 57.55097579956055 -44.69996643066406 -11.335819244384766
vertex 58.125 -44.69996643066406 -11.449999809265137
vertex 57.55097579956055 -44.69996643066406 -3.564180612564087
endloop
endfacet
facet normal 0 -1 0
outer loop
vertex 56.73918151855469 -44.69996643066406 -10.524024963378906
vertex 57.06433868408203 -44.69996643066406 -11.010660171508789
vertex 56.73918151855469 -44.69996643066406 -4.375974655151367
endloop
endfacet
facet normal 0 -1 0
outer loop
vertex 71.51081848144531 -44.69996643066406 -10.524024963378906
vertex 71.625 -44.69996643066406 -9.949999809265137
vertex 71.51081848144531 -44.69996643066406 -4.375974655151367
endloop
endfacet
facet normal 0 -1 0
outer loop
vertex 71.18566131591797 -44.69996643066406 -11.010660171508789
vertex 71.51081848144531 -44.69996643066406 -10.524024963378906
vertex 71.18566131591797 -44.69996643066406 -3.8893399238586426
endloop
endfacet
facet normal 0 -1 0
outer loop
vertex 56.625 -44.69996643066406 -9.949999809265137
vertex 56.73918151855469 -44.69996643066406 -10.524024963378906
vertex 56.625 -44.69996643066406 -4.949999809265137
endloop
endfacet
facet normal 0 -1 0
outer loop
vertex 60.375 -44.69996643066406 -9.199999809265137
vertex 58.125 -44.69996643066406 -11.449999809265137
vertex 67.875 -44.69996643066406 -9.199999809265137
endloop
endfacet
facet normal 0 -1 0
outer loop
vertex 67.875 -44.69996643066406 -9.199999809265137
vertex 70.125 -44.69996643066406 -11.449999809265137
vertex 68.25768280029297 -44.69996643066406 -9.123879432678223
endloop
endfacet
facet normal 0 -1 0
outer loop
vertex 68.25768280029297 -44.69996643066406 -9.123879432678223
vertex 70.125 -44.69996643066406 -11.449999809265137
vertex 68.58210754394531 -44.69996643066406 -8.907106399536133
endloop
endfacet
facet normal 0 -1 0
outer loop
vertex 68.58210754394531 -44.69996643066406 -8.907106399536133
vertex 70.125 -44.69996643066406 -11.449999809265137
vertex 68.79888153076172 -44.69996643066406 -8.582683563232422
endloop
endfacet
facet normal 0 -1 0
outer loop
vertex 68.79888153076172 -44.69996643066406 -8.582683563232422
vertex 70.125 -44.69996643066406 -11.449999809265137
vertex 68.875 -44.69996643066406 -8.199999809265137
endloop
endfacet
facet normal 0 -1 0
outer loop
vertex 70.69902801513672 -44.69996643066406 -11.335819244384766
vertex 71.18566131591797 -44.69996643066406 -11.010660171508789
vertex 70.69902801513672 -44.69996643066406 -3.564180612564087
endloop
endfacet
facet normal -1 0 0
outer loop
vertex 71.625 -44.69996643066406 -9.949999809265137
vertex 71.625 -46.19215774536133 -9.949999809265137
vertex 71.625 -44.69996643066406 -4.949999809265137
endloop
endfacet
facet normal 0 -1 0
outer loop
vertex 70.125 -44.69996643066406 -11.449999809265137
vertex 70.69902801513672 -44.69996643066406 -11.335819244384766
vertex 70.125 -44.69996643066406 -3.450000047683716
endloop
endfacet
facet normal 0.5555685177477351 0 0.831470758408006
outer loop
vertex 57.06433868408203 -46.188419342041016 -11.010660171508789
vertex 57.55097579956055 -46.18854522705078 -11.335819244384766
vertex 57.55097579956055 -44.69996643066406 -11.335819244384766
endloop
endfacet
facet normal 0.19509040787318935 0 0.9807852633251952
outer loop
vertex 57.55097579956055 -44.69996643066406 -11.335819244384766
vertex 57.55097579956055 -46.18854522705078 -11.335819244384766
vertex 58.125 -44.69996643066406 -11.449999809265137
endloop
endfacet
facet normal 0 -1 0
outer loop
vertex 68.875 -44.69996643066406 -8.199999809265137
vertex 70.125 -44.69996643066406 -11.449999809265137
vertex 68.875 -44.69996643066406 -6.699999809265137
endloop
endfacet
facet normal 0 -1 0
outer loop
vertex 58.125 -44.69996643066406 -3.450000047683716
vertex 59.375 -44.69996643066406 -6.699999809265137
vertex 59.45112228393555 -44.69996643066406 -6.31731653213501
endloop
endfacet
facet normal 0.5555685177477351 0 0.831470758408006
outer loop
vertex 57.06433868408203 -46.188419342041016 -11.010660171508789
vertex 57.55097579956055 -44.69996643066406 -11.335819244384766
vertex 57.06433868408203 -44.69996643066406 -11.010660171508789
endloop
endfacet
facet normal 0 -1 0
outer loop
vertex 70.69902801513672 -44.69996643066406 -3.564180612564087
vertex 71.18566131591797 -44.69996643066406 -11.010660171508789
vertex 71.18566131591797 -44.69996643066406 -3.8893399238586426
endloop
endfacet
facet normal 0.8314722604247334 0 0.5555662698042281
outer loop
vertex 59.45112228393555 -44.69996643066406 -8.582683563232422
vertex 59.66789245605469 -43.49996566772461 -8.907106399536133
vertex 59.45112228393555 -43.49996566772461 -8.582683563232422
endloop
endfacet
facet normal -0.19509158345481065 0 -0.9807850294866326
outer loop
vertex 67.875 -44.69996643066406 -5.699999809265137
vertex 67.875 -43.49996566772461 -5.699999809265137
vertex 68.25768280029297 -44.69996643066406 -5.776120662689209
endloop
endfacet
facet normal -0.8314677441500905 0 0.5555730288971555
outer loop
vertex 68.58210754394531 -43.49996566772461 -8.907106399536133
vertex 68.58210754394531 -44.69996643066406 -8.907106399536133
vertex 68.79888153076172 -43.49996566772461 -8.582683563232422
endloop
endfacet
facet normal -0.8314677441500905 0 0.5555730288971555
outer loop
vertex 68.79888153076172 -44.69996643066406 -8.582683563232422
vertex 68.79888153076172 -43.49996566772461 -8.582683563232422
vertex 68.58210754394531 -44.69996643066406 -8.907106399536133
endloop
endfacet
facet normal -0.5555690810033217 0 0.83147038205406
outer loop
vertex 68.25768280029297 -43.49996566772461 -9.123879432678223
vertex 68.25768280029297 -44.69996643066406 -9.123879432678223
vertex 68.58210754394531 -43.49996566772461 -8.907106399536133
endloop
endfacet
facet normal -0.5555690810033217 0 0.83147038205406
outer loop
vertex 68.58210754394531 -44.69996643066406 -8.907106399536133
vertex 68.58210754394531 -43.49996566772461 -8.907106399536133
vertex 68.25768280029297 -44.69996643066406 -9.123879432678223
endloop
endfacet
facet normal -0.980786291688289 0 0.19508523787394735
outer loop
vertex 68.79888153076172 -43.49996566772461 -8.582683563232422
vertex 68.79888153076172 -44.69996643066406 -8.582683563232422
vertex 68.875 -43.49996566772461 -8.199999809265137
endloop
endfacet
facet normal -0.19509040787318935 0 0.9807852633251952
outer loop
vertex 67.875 -43.49996566772461 -9.199999809265137
vertex 67.875 -44.69996643066406 -9.199999809265137
vertex 68.25768280029297 -43.49996566772461 -9.123879432678223
endloop
endfacet
facet normal -0.19509040787318935 0 0.9807852633251952
outer loop
vertex 68.25768280029297 -44.69996643066406 -9.123879432678223
vertex 68.25768280029297 -43.49996566772461 -9.123879432678223
vertex 67.875 -44.69996643066406 -9.199999809265137
endloop
endfacet
facet normal 0 0 1
outer loop
vertex 67.875 -43.49996566772461 -9.199999809265137
vertex 60.375 -44.69996643066406 -9.199999809265137
vertex 67.875 -44.69996643066406 -9.199999809265137
endloop
endfacet
facet normal 0 0 1
outer loop
vertex 60.375 -43.49996566772461 -9.199999809265137
vertex 60.375 -44.69996643066406 -9.199999809265137
vertex 67.875 -43.49996566772461 -9.199999809265137
endloop
endfacet
facet normal 0.980784420993769 0 0.19509464250952002
outer loop
vertex 59.375 -44.69996643066406 -8.199999809265137
vertex 59.45112228393555 -43.49996566772461 -8.582683563232422
vertex 59.375 -43.49996566772461 -8.199999809265137
endloop
endfacet
facet normal 0.980784420993769 0 0.19509464250952002
outer loop
vertex 59.45112228393555 -44.69996643066406 -8.582683563232422
vertex 59.45112228393555 -43.49996566772461 -8.582683563232422
vertex 59.375 -44.69996643066406 -8.199999809265137
endloop
endfacet
facet normal 0.8314722604247334 0 0.5555662698042281
outer loop
vertex 59.45112228393555 -44.69996643066406 -8.582683563232422
vertex 59.66789245605469 -44.69996643066406 -8.907106399536133
vertex 59.66789245605469 -43.49996566772461 -8.907106399536133
endloop
endfacet
facet normal -0.980786291688289 0 0.19508523787394735
outer loop
vertex 68.875 -43.49996566772461 -8.199999809265137
vertex 68.79888153076172 -44.69996643066406 -8.582683563232422
vertex 68.875 -44.69996643066406 -8.199999809265137
endloop
endfacet
facet normal 0.5555690810033217 0 0.83147038205406
outer loop
vertex 59.66789245605469 -44.69996643066406 -8.907106399536133
vertex 59.99231719970703 -43.49996566772461 -9.123879432678223
vertex 59.66789245605469 -43.49996566772461 -8.907106399536133
endloop
endfacet
facet normal 0.5555690810033217 0 0.83147038205406
outer loop
vertex 59.66789245605469 -44.69996643066406 -8.907106399536133
vertex 59.99231719970703 -44.69996643066406 -9.123879432678223
vertex 59.99231719970703 -43.49996566772461 -9.123879432678223
endloop
endfacet
facet normal 0.19509040787318935 0 0.9807852633251952
outer loop
vertex 59.99231719970703 -44.69996643066406 -9.123879432678223
vertex 60.375 -43.49996566772461 -9.199999809265137
vertex 59.99231719970703 -43.49996566772461 -9.123879432678223
endloop
endfacet
facet normal 0.19509040787318935 0 0.9807852633251952
outer loop
vertex 59.99231719970703 -44.69996643066406 -9.123879432678223
vertex 60.375 -44.69996643066406 -9.199999809265137
vertex 60.375 -43.49996566772461 -9.199999809265137
endloop
endfacet
facet normal 1 0 0
outer loop
vertex 59.375 -44.69996643066406 -8.199999809265137
vertex 59.375 -43.49996566772461 -8.199999809265137
vertex 59.375 -44.69996643066406 -6.699999809265137
endloop
endfacet
facet normal 1 0 0
outer loop
vertex 59.375 -44.69996643066406 -6.699999809265137
vertex 59.375 -43.49996566772461 -8.199999809265137
vertex 59.375 -43.49996566772461 -6.699999809265137
endloop
endfacet
facet normal 0.9807843744785476 0 -0.1950948763518
outer loop
vertex 59.375 -44.69996643066406 -6.699999809265137
vertex 59.375 -43.49996566772461 -6.699999809265137
vertex 59.45112228393555 -44.69996643066406 -6.31731653213501
endloop
endfacet
facet normal 0.9807843744785476 0 -0.1950948763518
outer loop
vertex 59.45112228393555 -44.69996643066406 -6.31731653213501
vertex 59.375 -43.49996566772461 -6.699999809265137
vertex 59.45112228393555 -43.49996566772461 -6.31731653213501
endloop
endfacet
facet normal 0.8314726376298004 0 -0.555565705270711
outer loop
vertex 59.45112228393555 -44.69996643066406 -6.31731653213501
vertex 59.45112228393555 -43.49996566772461 -6.31731653213501
vertex 59.66789245605469 -44.69996643066406 -5.992893218994141
endloop
endfacet
facet normal 0.8314726376298004 0 -0.555565705270711
outer loop
vertex 59.66789245605469 -44.69996643066406 -5.992893218994141
vertex 59.45112228393555 -43.49996566772461 -6.31731653213501
vertex 59.66789245605469 -43.49996566772461 -5.992893218994141
endloop
endfacet
facet normal -1 0 0
outer loop
vertex 68.875 -43.49996566772461 -8.199999809265137
vertex 68.875 -44.69996643066406 -8.199999809265137
vertex 68.875 -43.49996566772461 -6.699999809265137
endloop
endfacet
facet normal -1 0 0
outer loop
vertex 68.875 -43.49996566772461 -6.699999809265137
vertex 68.875 -44.69996643066406 -8.199999809265137
vertex 68.875 -44.69996643066406 -6.699999809265137
endloop
endfacet
facet normal -0.9807862451774634 0 -0.1950854717058468
outer loop
vertex 68.79888153076172 -44.69996643066406 -6.31731653213501
vertex 68.79888153076172 -43.49996566772461 -6.31731653213501
vertex 68.875 -44.69996643066406 -6.699999809265137
endloop
endfacet
facet normal -0.9807862451774634 0 -0.1950854717058468
outer loop
vertex 68.875 -43.49996566772461 -6.699999809265137
vertex 68.875 -44.69996643066406 -6.699999809265137
vertex 68.79888153076172 -43.49996566772461 -6.31731653213501
endloop
endfacet
facet normal -0.831468121362287 0 -0.5555724643629031
outer loop
vertex 68.79888153076172 -44.69996643066406 -6.31731653213501
vertex 68.58210754394531 -44.69996643066406 -5.992893218994141
vertex 68.58210754394531 -43.49996566772461 -5.992893218994141
endloop
endfacet
facet normal -0.831468121362287 0 -0.5555724643629031
outer loop
vertex 68.58210754394531 -43.49996566772461 -5.992893218994141
vertex 68.79888153076172 -43.49996566772461 -6.31731653213501
vertex 68.79888153076172 -44.69996643066406 -6.31731653213501
endloop
endfacet
facet normal 0.5555682361196549 0 -0.8314709465849636
outer loop
vertex 59.66789245605469 -44.69996643066406 -5.992893218994141
vertex 59.66789245605469 -43.49996566772461 -5.992893218994141
vertex 59.99231719970703 -44.69996643066406 -5.776120662689209
endloop
endfacet
facet normal 0.5555682361196549 0 -0.8314709465849636
outer loop
vertex 59.99231719970703 -44.69996643066406 -5.776120662689209
vertex 59.66789245605469 -43.49996566772461 -5.992893218994141
vertex 59.99231719970703 -43.49996566772461 -5.776120662689209
endloop
endfacet
facet normal 0.19509158345481065 0 -0.9807850294866326
outer loop
vertex 59.99231719970703 -44.69996643066406 -5.776120662689209
vertex 59.99231719970703 -43.49996566772461 -5.776120662689209
vertex 60.375 -44.69996643066406 -5.699999809265137
endloop
endfacet
facet normal 0.19509158345481065 0 -0.9807850294866326
outer loop
vertex 60.375 -44.69996643066406 -5.699999809265137
vertex 59.99231719970703 -43.49996566772461 -5.776120662689209
vertex 60.375 -43.49996566772461 -5.699999809265137
endloop
endfacet
facet normal 0 0 -1
outer loop
vertex 60.375 -43.49996566772461 -5.699999809265137
vertex 67.875 -44.69996643066406 -5.699999809265137
vertex 60.375 -44.69996643066406 -5.699999809265137
endloop
endfacet
facet normal 0 0 -1
outer loop
vertex 67.875 -44.69996643066406 -5.699999809265137
vertex 60.375 -43.49996566772461 -5.699999809265137
vertex 67.875 -43.49996566772461 -5.699999809265137
endloop
endfacet
facet normal -0.5555682361196549 0 -0.8314709465849636
outer loop
vertex 68.25768280029297 -44.69996643066406 -5.776120662689209
vertex 68.25768280029297 -43.49996566772461 -5.776120662689209
vertex 68.58210754394531 -44.69996643066406 -5.992893218994141
endloop
endfacet
facet normal -0.5555682361196549 0 -0.8314709465849636
outer loop
vertex 68.25768280029297 -43.49996566772461 -5.776120662689209
vertex 68.58210754394531 -43.49996566772461 -5.992893218994141
vertex 68.58210754394531 -44.69996643066406 -5.992893218994141
endloop
endfacet
facet normal -0.19509158345481065 0 -0.9807850294866326
outer loop
vertex 68.25768280029297 -43.49996566772461 -5.776120662689209
vertex 68.25768280029297 -44.69996643066406 -5.776120662689209
vertex 67.875 -43.49996566772461 -5.699999809265137
endloop
endfacet
facet normal 0.06811958088100833 -0.09728548225846916 0.9929225839119245
outer loop
vertex 85.5972671508789 -46.628170013427734 -0.5
vertex 86.0972671508789 -46.27806854248047 -0.5
vertex 85.68113708496094 -45.600868225097656 -0.4050999879837036
endloop
endfacet
facet normal -0.009265814346690299 -0.1059087309932636 -0.9943326834535255
outer loop
vertex 81.197265625 -46.194618225097656 -1.666679859161377
vertex 80.34638214111328 -46.79408645629883 -1.5949000120162964
vertex 80.45211791992188 -46.194427490234375 -1.6597564220428467
endloop
endfacet
facet normal -0.010351112756509179 -0.1183119192821111 -0.9929225267967715
outer loop
vertex 81.197265625 -47.66497039794922 -1.5
vertex 80.34638214111328 -46.79408645629883 -1.5949000120162964
vertex 81.197265625 -46.8685302734375 -1.5949000120162964
endloop
endfacet
facet normal -0.009265941857490724 -0.10590855214351709 -0.9943327013149861
outer loop
vertex 81.197265625 -46.8685302734375 -1.5949000120162964
vertex 80.34638214111328 -46.79408645629883 -1.5949000120162964
vertex 81.197265625 -46.194618225097656 -1.666679859161377
endloop
endfacet
facet normal 0.04493024603084573 -0.09635228274988655 0.9943326961336902
outer loop
vertex 83.78824615478516 -45.71963119506836 -0.32014966011047363
vertex 84.06102752685547 -46.46909713745117 -0.4050999879837036
vertex 84.22590637207031 -45.51554489135742 -0.32014966011047363
endloop
endfacet
facet normal 0.02428914994872081 -0.09064748814745362 0.9955867968626974
outer loop
vertex 82.61346435546875 -45.46311569213867 -0.26813316345214844
vertex 83.78824615478516 -45.71963119506836 -0.32014966011047363
vertex 83.7056655883789 -45.49273681640625 -0.2974763810634613
endloop
endfacet
facet normal 0.024288964563403088 -0.09064832267847533 0.9955867254016684
outer loop
vertex 82.61346435546875 -45.46311569213867 -0.26813316345214844
vertex 82.70965576171875 -46.008636474609375 -0.32014966011047363
vertex 83.78824615478516 -45.71963119506836 -0.32014966011047363
endloop
endfacet
facet normal 0.02751557527983731 -0.10269028719358086 0.9943327400991679
outer loop
vertex 82.70965576171875 -46.008636474609375 -0.32014966011047363
vertex 82.84815216064453 -46.79408645629883 -0.4050999879837036
vertex 83.78824615478516 -45.71963119506836 -0.32014966011047363
endloop
endfacet
facet normal 0.05019157339915261 -0.1076359953039573 0.9929226044736035
outer loop
vertex 84.06102752685547 -46.46909713745117 -0.4050999879837036
vertex 84.33342742919922 -47.21751022338867 -0.5
vertex 85.19904327392578 -45.93843078613281 -0.4050999879837036
endloop
endfacet
facet normal 0.05019170657828703 -0.10763608421820625 0.9929225881028845
outer loop
vertex 84.33342742919922 -47.21751022338867 -0.5
vertex 85.5972671508789 -46.628170013427734 -0.5
vertex 85.19904327392578 -45.93843078613281 -0.4050999879837036
endloop
endfacet
facet normal 0.027515879126116617 -0.10269055023112574 0.9943327045255755
outer loop
vertex 82.84815216064453 -46.79408645629883 -0.4050999879837036
vertex 84.06102752685547 -46.46909713745117 -0.4050999879837036
vertex 83.78824615478516 -45.71963119506836 -0.32014966011047363
endloop
endfacet
facet normal 0.030738062168052558 -0.11471648956975991 0.9929226045140398
outer loop
vertex 84.06102752685547 -46.46909713745117 -0.4050999879837036
vertex 82.9864501953125 -47.57843017578125 -0.5
vertex 84.33342742919922 -47.21751022338867 -0.5
endloop
endfacet
facet normal 0.030738278794330765 -0.11471669678733101 0.9929225738671498
outer loop
vertex 82.84815216064453 -46.79408645629883 -0.4050999879837036
vertex 82.9864501953125 -47.57843017578125 -0.5
vertex 84.06102752685547 -46.46909713745117 -0.4050999879837036
endloop
endfacet
facet normal -0.06811977654368269 -0.09728446948910122 -0.992922669717971
outer loop
vertex 77.0972671508789 -46.193565368652344 -1.5082794427871704
vertex 77.84807586669922 -46.193756103515625 -1.5597702264785767
vertex 77.0972671508789 -46.27806854248047 -1.5
endloop
endfacet
facet normal 0.008178858997240523 -0.09348819097166078 0.9955867940136357
outer loop
vertex 81.99726867675781 -45.45735168457031 -0.26252979040145874
vertex 81.99726867675781 -46.07096481323242 -0.32014966011047363
vertex 82.61346435546875 -45.46311569213867 -0.26813316345214844
endloop
endfacet
facet normal 0.00817955173252725 -0.09348888713789089 0.9955867229504287
outer loop
vertex 81.99726867675781 -46.07096481323242 -0.32014966011047363
vertex 82.70965576171875 -46.008636474609375 -0.32014966011047363
vertex 82.61346435546875 -45.46311569213867 -0.26813316345214844
endloop
endfacet
facet normal -0.008179490066826582 -0.09348844966237134 0.9955867645373621
outer loop
vertex 80.58116912841797 -45.4625358581543 -0.26807814836502075
vertex 80.48487854003906 -46.008636474609375 -0.32014966011047363
vertex 81.197265625 -45.45712661743164 -0.2625085115432739
endloop
endfacet
facet normal -0.008179511101178316 -0.09348842273840799 0.9955867668927859
outer loop
vertex 80.48487854003906 -46.008636474609375 -0.32014966011047363
vertex 81.197265625 -46.07096481323242 -0.32014966011047363
vertex 81.197265625 -45.45712661743164 -0.2625085115432739
endloop
endfacet
facet normal -0.024288910597431428 -0.09064797329696017 0.995586758529433
outer loop
vertex 80.58116912841797 -45.4625358581543 -0.26807814836502075
vertex 79.48931121826172 -45.49153518676758 -0.29735612869262695
vertex 80.48487854003906 -46.008636474609375 -0.32014966011047363
endloop
endfacet
facet normal 0.009266163588904103 -0.10590841042295511 0.9943327143436581
outer loop
vertex 81.99726867675781 -46.07096481323242 -0.32014966011047363
vertex 81.99726867675781 -46.8685302734375 -0.4050999879837036
vertex 82.70965576171875 -46.008636474609375 -0.32014966011047363
endloop
endfacet
facet normal 0.009265911388858374 -0.1059082038908745 0.9943327386920048
outer loop
vertex 81.99726867675781 -46.8685302734375 -0.4050999879837036
vertex 82.84815216064453 -46.79408645629883 -0.4050999879837036
vertex 82.70965576171875 -46.008636474609375 -0.32014966011047363
endloop
endfacet
facet normal 0.010351112756509179 -0.1183119192821111 0.9929225267967715
outer loop
vertex 81.99726867675781 -46.8685302734375 -0.4050999879837036
vertex 81.99726867675781 -47.66497039794922 -0.5
vertex 82.84815216064453 -46.79408645629883 -0.4050999879837036
endloop
endfacet
facet normal 0.010350682582852594 -0.11831150485737198 0.9929225806619835
outer loop
vertex 81.99726867675781 -47.66497039794922 -0.5
vertex 82.9864501953125 -47.57843017578125 -0.5
vertex 82.84815216064453 -46.79408645629883 -0.4050999879837036
endloop
endfacet
facet normal -0.009266141981937422 -0.1059081634642787 0.9943327408490551
outer loop
vertex 80.48487854003906 -46.008636474609375 -0.32014966011047363
vertex 80.34638214111328 -46.79408645629883 -0.4050999879837036
vertex 81.197265625 -46.07096481323242 -0.32014966011047363
endloop
endfacet
facet normal -0.009265929478457342 -0.10590841065271965 0.9943327165008277
outer loop
vertex 80.34638214111328 -46.79408645629883 -0.4050999879837036
vertex 81.197265625 -46.8685302734375 -0.4050999879837036
vertex 81.197265625 -46.07096481323242 -0.32014966011047363
endloop
endfacet
facet normal -0.027515798059301662 -0.10269024768597372 0.9943327380144704
outer loop
vertex 80.48487854003906 -46.008636474609375 -0.32014966011047363
vertex 79.13350677490234 -46.46909713745117 -0.4050999879837036
vertex 80.34638214111328 -46.79408645629883 -0.4050999879837036
endloop
endfacet
facet normal 0.06812010951080684 -0.0972851568091388 0.9929225795321894
outer loop
vertex 86.0972671508789 -46.27806854248047 -0.5
vertex 86.0972671508789 -45.63263702392578 -0.4367615282535553
vertex 85.68113708496094 -45.600868225097656 -0.4050999879837036
endloop
endfacet
facet normal -0.010350718881707533 -0.11831191976451631 0.9929225308453155
outer loop
vertex 81.197265625 -46.8685302734375 -0.4050999879837036
vertex 80.20808410644531 -47.57843017578125 -0.5
vertex 81.197265625 -47.66497039794922 -0.5
endloop
endfacet
facet normal -0.010351070556251622 -0.11831143693846524 0.9929225847103565
outer loop
vertex 80.34638214111328 -46.79408645629883 -0.4050999879837036
vertex 80.20808410644531 -47.57843017578125 -0.5
vertex 81.197265625 -46.8685302734375 -0.4050999879837036
endloop
endfacet
facet normal 0.5735739099356075 -0.8191538132983204 0
outer loop
vertex 85.5972671508789 -46.628170013427734 -0.5
vertex 85.5972671508789 -46.628170013427734 -1.5
vertex 86.0972671508789 -46.27806854248047 -0.5
endloop
endfacet
facet normal 0.42261948047228126 -0.9063072187317825 0
outer loop
vertex 84.33342742919922 -47.21751022338867 -0.5
vertex 84.33342742919922 -47.21751022338867 -1.5
vertex 85.5972671508789 -46.628170013427734 -0.5
endloop
endfacet
facet normal 0.25881803504136525 -0.9659260969335732 0
outer loop
vertex 82.9864501953125 -47.57843017578125 -0.5
vertex 82.9864501953125 -47.57843017578125 -1.5
vertex 84.33342742919922 -47.21751022338867 -0.5
endloop
endfacet
facet normal 0.06811937994012666 -0.09728546726266615 0.9929225991667514
outer loop
vertex 85.19904327392578 -45.93843078613281 -0.4050999879837036
vertex 85.5972671508789 -46.628170013427734 -0.5
vertex 85.68113708496094 -45.600868225097656 -0.4050999879837036
endloop
endfacet
facet normal 0.06097798804093247 -0.08708640719445095 0.9943327625379957
outer loop
vertex 85.19904327392578 -45.93843078613281 -0.4050999879837036
vertex 85.68113708496094 -45.600868225097656 -0.4050999879837036
vertex 84.97669982910156 -45.553321838378906 -0.3577357530593872
endloop
endfacet
facet normal 0.04493008055202737 -0.09635169936852436 0.9943327601413854
outer loop
vertex 85.19904327392578 -45.93843078613281 -0.4050999879837036
vertex 84.97669982910156 -45.553321838378906 -0.3577357530593872
vertex 84.22590637207031 -45.51554489135742 -0.32014966011047363
endloop
endfacet
facet normal -0.05019174928574516 -0.1076361758043242 -0.9929225760158028
outer loop
vertex 78.54341888427734 -46.19393539428711 -1.5949000120162964
vertex 78.8611068725586 -47.21751022338867 -1.5
vertex 77.5972671508789 -46.628170013427734 -1.5
endloop
endfacet
facet normal 0.08715379696267496 -0.9961948683239583 0
outer loop
vertex 81.99726867675781 -47.66497039794922 -0.5
vertex 81.99726867675781 -47.66497039794922 -1.5
vertex 82.9864501953125 -47.57843017578125 -0.5
endloop
endfacet
facet normal 1 0 0
outer loop
vertex 86.0972671508789 -46.27806854248047 -1.5
vertex 86.0972671508789 -46.19587707519531 -1.5080530643463135
vertex 86.0972671508789 -46.19587707519531 -1
endloop
endfacet
facet normal -0.08715379696267496 -0.9961948683239583 0
outer loop
vertex 80.20808410644531 -47.57843017578125 -0.5
vertex 80.20808410644531 -47.57843017578125 -1.5
vertex 81.197265625 -47.66497039794922 -0.5
endloop
endfacet
facet normal -0.024288829092985853 -0.09064781709224241 0.9955867747402549
outer loop
vertex 79.48931121826172 -45.49153518676758 -0.29735612869262695
vertex 79.40628814697266 -45.71963119506836 -0.32014966011047363
vertex 80.48487854003906 -46.008636474609375 -0.32014966011047363
endloop
endfacet
facet normal -0.03966081022266712 -0.08505267895821714 0.9955867927682207
outer loop
vertex 79.48931121826172 -45.49153518676758 -0.29735612869262695
vertex 78.96572875976562 -45.51419448852539 -0.32014966011047363
vertex 79.40628814697266 -45.71963119506836 -0.32014966011047363
endloop
endfacet
facet normal -0.027515666438836437 -0.10269062740612252 0.99433270244087
outer loop
vertex 79.40628814697266 -45.71963119506836 -0.32014966011047363
vertex 79.13350677490234 -46.46909713745117 -0.4050999879837036
vertex 80.48487854003906 -46.008636474609375 -0.32014966011047363
endloop
endfacet
facet normal -0.044929943877311314 -0.09635234557118662 0.9943327036993765
outer loop
vertex 78.96572875976562 -45.51419448852539 -0.32014966011047363
vertex 77.99549102783203 -45.93843078613281 -0.4050999879837036
vertex 79.40628814697266 -45.71963119506836 -0.32014966011047363
endloop
endfacet
facet normal -0.044929447282664625 -0.09635346408373578 0.9943326177521978
outer loop
vertex 78.96572875976562 -45.51419448852539 -0.32014966011047363
vertex 78.2189712524414 -45.55134582519531 -0.3574923574924469
vertex 77.99549102783203 -45.93843078613281 -0.4050999879837036
endloop
endfacet
facet normal -0.04492993578162218 -0.09635239601553189 0.9943326991770538
outer loop
vertex 77.99549102783203 -45.93843078613281 -0.4050999879837036
vertex 79.13350677490234 -46.46909713745117 -0.4050999879837036
vertex 79.40628814697266 -45.71963119506836 -0.32014966011047363
endloop
endfacet
facet normal -0.060978595251619 -0.08708762451231894 0.9943326186834769
outer loop
vertex 78.2189712524414 -45.55134582519531 -0.3574923574924469
vertex 77.5103988647461 -45.59877014160156 -0.4050999879837036
vertex 77.99549102783203 -45.93843078613281 -0.4050999879837036
endloop
endfacet
facet normal -0.0681193505356211 -0.09728581639164108 0.992922566976709
outer loop
vertex 77.5103988647461 -45.59877014160156 -0.4050999879837036
vertex 77.0972671508789 -46.27806854248047 -0.5
vertex 77.99549102783203 -45.93843078613281 -0.4050999879837036
endloop
endfacet
facet normal -0.06812064103352328 -0.09728502994045099 0.9929225554969873
outer loop
vertex 77.5103988647461 -45.59877014160156 -0.4050999879837036
vertex 77.0972671508789 -45.63007354736328 -0.43651044368743896
vertex 77.0972671508789 -46.27806854248047 -0.5
endloop
endfacet
facet normal -0.030738209004710124 -0.11471643632919659 0.9929226061194862
outer loop
vertex 79.13350677490234 -46.46909713745117 -0.4050999879837036
vertex 78.8611068725586 -47.21751022338867 -0.5
vertex 80.34638214111328 -46.79408645629883 -0.4050999879837036
endloop
endfacet
facet normal -0.05019165176549849 -0.10763596667221456 0.9929226036160064
outer loop
vertex 79.13350677490234 -46.46909713745117 -0.4050999879837036
vertex 77.5972671508789 -46.628170013427734 -0.5
vertex 78.8611068725586 -47.21751022338867 -0.5
endloop
endfacet
facet normal -0.030738125009298393 -0.11471672409746315 0.9929225754726594
outer loop
vertex 78.8611068725586 -47.21751022338867 -0.5
vertex 80.20808410644531 -47.57843017578125 -0.5
vertex 80.34638214111328 -46.79408645629883 -0.4050999879837036
endloop
endfacet
facet normal -0.050191634272210156 -0.1076361258464307 0.9929225872452777
outer loop
vertex 77.99549102783203 -45.93843078613281 -0.4050999879837036
vertex 77.5972671508789 -46.628170013427734 -0.5
vertex 79.13350677490234 -46.46909713745117 -0.4050999879837036
endloop
endfacet
facet normal -0.06811951544568683 -0.09728538880653174 0.9929225975574365
outer loop
vertex 77.0972671508789 -46.27806854248047 -0.5
vertex 77.5972671508789 -46.628170013427734 -0.5
vertex 77.99549102783203 -45.93843078613281 -0.4050999879837036
endloop
endfacet
facet normal -1 0 0
outer loop
vertex 77.0972671508789 -45.63007354736328 -0.43651044368743896
vertex 77.0972671508789 -46.193565368652344 -1
vertex 77.0972671508789 -46.27806854248047 -0.5
endloop
endfacet
facet normal -0.25881803504136525 -0.9659260969335732 0
outer loop
vertex 78.8611068725586 -47.21751022338867 -0.5
vertex 78.8611068725586 -47.21751022338867 -1.5
vertex 80.20808410644531 -47.57843017578125 -0.5
endloop
endfacet
facet normal -0.42261948047228126 -0.9063072187317825 0
outer loop
vertex 77.5972671508789 -46.628170013427734 -0.5
vertex 77.5972671508789 -46.628170013427734 -1.5
vertex 78.8611068725586 -47.21751022338867 -0.5
endloop
endfacet
facet normal -0.5735739099356075 -0.8191538132983204 0
outer loop
vertex 77.0972671508789 -46.27806854248047 -0.5
vertex 77.0972671508789 -46.27806854248047 -1.5
vertex 77.5972671508789 -46.628170013427734 -0.5
endloop
endfacet
facet normal -1 0 0
outer loop
vertex 77.0972671508789 -46.193565368652344 -1
vertex 77.0972671508789 -46.27806854248047 -1.5
vertex 77.0972671508789 -46.27806854248047 -0.5
endloop
endfacet
facet normal 0.5735739099356075 -0.8191538132983204 0
outer loop
vertex 85.5972671508789 -46.628170013427734 -1.5
vertex 86.0972671508789 -46.27806854248047 -1.5
vertex 86.0972671508789 -46.27806854248047 -0.5
endloop
endfacet
facet normal 0.42261948047228126 -0.9063072187317825 0
outer loop
vertex 84.33342742919922 -47.21751022338867 -1.5
vertex 85.5972671508789 -46.628170013427734 -1.5
vertex 85.5972671508789 -46.628170013427734 -0.5
endloop
endfacet
facet normal 0.25881803504136525 -0.9659260969335732 0
outer loop
vertex 82.9864501953125 -47.57843017578125 -1.5
vertex 84.33342742919922 -47.21751022338867 -1.5
vertex 84.33342742919922 -47.21751022338867 -0.5
endloop
endfacet
facet normal 0.06811985743328508 -0.09728587721864457 -0.9929225262411302
outer loop
vertex 85.5972671508789 -46.628170013427734 -1.5
vertex 86.0972671508789 -46.19587707519531 -1.5080530643463135
vertex 86.0972671508789 -46.27806854248047 -1.5
endloop
endfacet
facet normal 0.08715379696267496 -0.9961948683239583 0
outer loop
vertex 82.9864501953125 -47.57843017578125 -1.5
vertex 82.9864501953125 -47.57843017578125 -0.5
vertex 81.99726867675781 -47.66497039794922 -1.5
endloop
endfacet
facet normal -0.08715379696267496 -0.9961948683239583 0
outer loop
vertex 80.20808410644531 -47.57843017578125 -1.5
vertex 81.197265625 -47.66497039794922 -1.5
vertex 81.197265625 -47.66497039794922 -0.5
endloop
endfacet
facet normal 0.06811982727413717 -0.09728584243790443 -0.9929225317180032
outer loop
vertex 85.5972671508789 -46.628170013427734 -1.5
vertex 85.34757232666016 -46.195682525634766 -1.5595052242279053
vertex 86.0972671508789 -46.19587707519531 -1.5080530643463135
endloop
endfacet
facet normal 0.050191349376676755 -0.10763677338408588 -0.9929225314510752
outer loop
vertex 85.5972671508789 -46.628170013427734 -1.5
vertex 84.64775085449219 -46.19550323486328 -1.5949000120162964
vertex 85.34757232666016 -46.195682525634766 -1.5595052242279053
endloop
endfacet
facet normal 0.050191629412330636 -0.10763617006724566 -0.9929225826972564
outer loop
vertex 85.5972671508789 -46.628170013427734 -1.5
vertex 84.06102752685547 -46.46909713745117 -1.5949000120162964
vertex 84.64775085449219 -46.19550323486328 -1.5949000120162964
endloop
endfacet
facet normal 0.05019165176549849 -0.10763596667221456 -0.9929226036160064
outer loop
vertex 84.33342742919922 -47.21751022338867 -1.5
vertex 84.06102752685547 -46.46909713745117 -1.5949000120162964
vertex 85.5972671508789 -46.628170013427734 -1.5
endloop
endfacet
facet normal 0.04492976536417831 -0.09635207946909286 -0.9943327375513198
outer loop
vertex 84.06102752685547 -46.46909713745117 -1.5949000120162964
vertex 83.96138000488281 -46.19532775878906 -1.6259312629699707
vertex 84.64775085449219 -46.19550323486328 -1.5949000120162964
endloop
endfacet
facet normal 0.030738209004710124 -0.11471643632919659 -0.9929226061194862
outer loop
vertex 84.33342742919922 -47.21751022338867 -1.5
vertex 82.84815216064453 -46.79408645629883 -1.5949000120162964
vertex 84.06102752685547 -46.46909713745117 -1.5949000120162964
endloop
endfacet
facet normal 0.027515853014470733 -0.10269045278123977 -0.9943327153123697
outer loop
vertex 82.84815216064453 -46.79408645629883 -1.5949000120162964
vertex 83.96138000488281 -46.19532775878906 -1.6259312629699707
vertex 84.06102752685547 -46.46909713745117 -1.5949000120162964
endloop
endfacet
facet normal 0.02751590754613834 -0.10269055355038267 -0.9943327033963171
outer loop
vertex 82.84815216064453 -46.79408645629883 -1.5949000120162964
vertex 82.74251556396484 -46.19501495361328 -1.6596928834915161
vertex 83.96138000488281 -46.19532775878906 -1.6259312629699707
endloop
endfacet
facet normal 0.030738125009298393 -0.11471672409746315 -0.9929225754726594
outer loop
vertex 82.9864501953125 -47.57843017578125 -1.5
vertex 82.84815216064453 -46.79408645629883 -1.5949000120162964
vertex 84.33342742919922 -47.21751022338867 -1.5
endloop
endfacet
facet normal 0.03966111294348452 -0.08505270071039212 0.9955867788505192
outer loop
vertex 83.7056655883789 -45.49273681640625 -0.2974763810634613
vertex 83.78824615478516 -45.71963119506836 -0.32014966011047363
vertex 84.22590637207031 -45.51554489135742 -0.32014966011047363
endloop
endfacet
facet normal -0.06811964469060483 -0.0972855733886154 -0.9929225706054193
outer loop
vertex 77.0972671508789 -46.27806854248047 -1.5
vertex 77.84807586669922 -46.193756103515625 -1.5597702264785767
vertex 77.5972671508789 -46.628170013427734 -1.5
endloop
endfacet
facet normal 0.044929852216556244 -0.09635221680997136 0.994332720318306
outer loop
vertex 84.22590637207031 -45.51554489135742 -0.32014966011047363
vertex 84.06102752685547 -46.46909713745117 -0.4050999879837036
vertex 85.19904327392578 -45.93843078613281 -0.4050999879837036
endloop
endfacet
facet normal -0.05019170999995726 -0.10763625984688471 -0.992922568891177
outer loop
vertex 77.5972671508789 -46.628170013427734 -1.5
vertex 77.84807586669922 -46.193756103515625 -1.5597702264785767
vertex 78.54341888427734 -46.19393539428711 -1.5949000120162964
endloop
endfacet
facet normal -0.030738062168052558 -0.11471648956975991 -0.9929226045140398
outer loop
vertex 79.13350677490234 -46.46909713745117 -1.5949000120162964
vertex 80.20808410644531 -47.57843017578125 -1.5
vertex 78.8611068725586 -47.21751022338867 -1.5
endloop
endfacet
facet normal -0.050191382875916346 -0.10763606491307252 -0.9929226065585535
outer loop
vertex 78.8611068725586 -47.21751022338867 -1.5
vertex 78.54341888427734 -46.19393539428711 -1.5949000120162964
vertex 79.13350677490234 -46.46909713745117 -1.5949000120162964
endloop
endfacet
facet normal -0.0449297831861523 -0.09635249683218998 -0.9943326963029268
outer loop
vertex 79.13350677490234 -46.46909713745117 -1.5949000120162964
vertex 78.54341888427734 -46.19393539428711 -1.5949000120162964
vertex 79.23358917236328 -46.19411087036133 -1.6260689496994019
endloop
endfacet
facet normal -0.027516027048493086 -0.10269030921113773 -0.9943327253236653
outer loop
vertex 79.13350677490234 -46.46909713745117 -1.5949000120162964
vertex 79.23358917236328 -46.19411087036133 -1.6260689496994019
vertex 80.45211791992188 -46.194427490234375 -1.6597564220428467
endloop
endfacet
facet normal 1 0 0
outer loop
vertex 86.0972671508789 -46.27806854248047 -0.5
vertex 86.0972671508789 -46.27806854248047 -1.5
vertex 86.0972671508789 -46.19587707519531 -1
endloop
endfacet
facet normal 0.009265879227064209 -0.10590865038401923 -0.994332691434806
outer loop
vertex 82.84815216064453 -46.79408645629883 -1.5949000120162964
vertex 81.99726867675781 -46.19482421875 -1.6666579246520996
vertex 82.74251556396484 -46.19501495361328 -1.6596928834915161
endloop
endfacet
facet normal 0.0092659426650514 -0.10590856137383424 -0.9943327003243194
outer loop
vertex 82.84815216064453 -46.79408645629883 -1.5949000120162964
vertex 81.99726867675781 -46.8685302734375 -1.5949000120162964
vertex 81.99726867675781 -46.19482421875 -1.6666579246520996
endloop
endfacet
facet normal -1 0 0
outer loop
vertex 77.0972671508789 -46.193565368652344 -1
vertex 77.0972671508789 -46.193565368652344 -1.5082794427871704
vertex 77.0972671508789 -46.27806854248047 -1.5
endloop
endfacet
facet normal -0.5735739099356075 -0.8191538132983204 0
outer loop
vertex 77.0972671508789 -46.27806854248047 -1.5
vertex 77.5972671508789 -46.628170013427734 -1.5
vertex 77.5972671508789 -46.628170013427734 -0.5
endloop
endfacet
facet normal -0.42261948047228126 -0.9063072187317825 0
outer loop
vertex 77.5972671508789 -46.628170013427734 -1.5
vertex 78.8611068725586 -47.21751022338867 -1.5
vertex 78.8611068725586 -47.21751022338867 -0.5
endloop
endfacet
facet normal -0.25881803504136525 -0.9659260969335732 0
outer loop
vertex 78.8611068725586 -47.21751022338867 -1.5
vertex 80.20808410644531 -47.57843017578125 -1.5
vertex 80.20808410644531 -47.57843017578125 -0.5
endloop
endfacet
facet normal 0.010351070556251622 -0.11831143693846524 -0.9929225847103565
outer loop
vertex 82.9864501953125 -47.57843017578125 -1.5
vertex 81.99726867675781 -46.8685302734375 -1.5949000120162964
vertex 82.84815216064453 -46.79408645629883 -1.5949000120162964
endloop
endfacet
facet normal 0.010350718881707533 -0.11831191976451631 -0.9929225308453155
outer loop
vertex 81.99726867675781 -46.8685302734375 -1.5949000120162964
vertex 82.9864501953125 -47.57843017578125 -1.5
vertex 81.99726867675781 -47.66497039794922 -1.5
endloop
endfacet
facet normal 1 0 0
outer loop
vertex 86.0972671508789 -45.63263702392578 -0.4367615282535553
vertex 86.0972671508789 -46.27806854248047 -0.5
vertex 86.0972671508789 -46.19587707519531 -1
endloop
endfacet
facet normal -0.010350682582852594 -0.11831150485737198 -0.9929225806619835
outer loop
vertex 80.34638214111328 -46.79408645629883 -1.5949000120162964
vertex 81.197265625 -47.66497039794922 -1.5
vertex 80.20808410644531 -47.57843017578125 -1.5
endloop
endfacet
facet normal -0.030738278794330765 -0.11471669678733101 -0.9929225738671498
outer loop
vertex 80.20808410644531 -47.57843017578125 -1.5
vertex 79.13350677490234 -46.46909713745117 -1.5949000120162964
vertex 80.34638214111328 -46.79408645629883 -1.5949000120162964
endloop
endfacet
facet normal -0.027515932913593888 -0.10269075096851127 -0.9943326823057852
outer loop
vertex 80.34638214111328 -46.79408645629883 -1.5949000120162964
vertex 79.13350677490234 -46.46909713745117 -1.5949000120162964
vertex 80.45211791992188 -46.194427490234375 -1.6597564220428467
endloop
endfacet
facet normal 0.00926557975324789 -0.10590874054314674 -0.9943326846224056
outer loop
vertex -82.36225891113281 -41.79408645629883 -1.5949000120162964
vertex -83.21314239501953 -41.189876556396484 -1.6671847105026245
vertex -82.4687728881836 -41.190006256103516 -1.6602345705032349
endloop
endfacet
facet normal 0.03966029815171232 -0.08505360466784757 0.9955867340837375
outer loop
vertex -81.42216491699219 -40.71963119506836 -0.32014966011047363
vertex -80.9734878540039 -40.510414123535156 -0.32014966011047363
vertex -81.50680541992188 -40.487083435058594 -0.29691120982170105
endloop
endfacet
facet normal 0.009265917248926527 -0.10590827087071779 -0.9943327315032482
outer loop
vertex -82.36225891113281 -41.79408645629883 -1.5949000120162964
vertex -83.21314239501953 -41.8685302734375 -1.5949000120162964
vertex -83.21314239501953 -41.189876556396484 -1.6671847105026245
endloop
endfacet
facet normal -0.04493017022864991 -0.0963531396232897 -0.9943326165262604
outer loop
vertex -86.076904296875 -41.46909713745117 -1.5949000120162964
vertex -86.67697143554688 -41.18928146362305 -1.5949000120162964
vertex -85.97510528564453 -41.18940353393555 -1.6266028881072998
endloop
endfacet
facet normal 0.06097873914237922 -0.08708611849033603 0.9943327417614755
outer loop
vertex -80.01136016845703 -40.93843078613281 -0.4050999879837036
vertex -79.52176666259766 -40.595611572265625 -0.4050999879837036
vertex -80.23712921142578 -40.54739761352539 -0.3570067584514618
endloop
endfacet
facet normal 0.050192146542517316 -0.10763637795106051 0.9929225340211747
outer loop
vertex -80.01136016845703 -40.93843078613281 -0.4050999879837036
vertex -80.8769760131836 -42.21751022338867 -0.5
vertex -79.61314392089844 -41.628170013427734 -0.5
endloop
endfacet
facet normal -1 0 0
outer loop
vertex -88.11314392089844 -41.18903350830078 -1.508723258972168
vertex -88.11314392089844 -41.27806854248047 -1.5
vertex -88.11314392089844 -41.18903350830078 -1
endloop
endfacet
facet normal 0.04492886895395829 -0.09635233309557237 0.9943327534792153
outer loop
vertex -81.42216491699219 -40.71963119506836 -0.32014966011047363
vertex -81.14937591552734 -41.46909713745117 -0.4050999879837036
vertex -80.9734878540039 -40.510414123535156 -0.32014966011047363
endloop
endfacet
facet normal 0.05019157339915261 -0.1076359953039573 0.9929226044736035
outer loop
vertex -81.14937591552734 -41.46909713745117 -0.4050999879837036
vertex -80.8769760131836 -42.21751022338867 -0.5
vertex -80.01136016845703 -40.93843078613281 -0.4050999879837036
endloop
endfacet
facet normal 0.0242888172487119 -0.09064836791303932 0.9955867248770249
outer loop
vertex -82.59791564941406 -40.45758819580078 -0.2676064074039459
vertex -81.42216491699219 -40.71963119506836 -0.32014966011047363
vertex -81.50680541992188 -40.487083435058594 -0.29691120982170105
endloop
endfacet
facet normal -0.5735739099356075 -0.8191538132983204 0
outer loop
vertex -88.11314392089844 -41.27806854248047 -1.5
vertex -87.61314392089844 -41.628170013427734 -1.5
vertex -87.61314392089844 -41.628170013427734 -0.5
endloop
endfacet
facet normal -1 0 0
outer loop
vertex -88.11314392089844 -41.18903350830078 -1
vertex -88.11314392089844 -41.27806854248047 -1.5
vertex -88.11314392089844 -41.27806854248047 -0.5
endloop
endfacet
facet normal 0.024288890317951884 -0.09064804558862243 0.9955867524420389
outer loop
vertex -82.59791564941406 -40.45758819580078 -0.2676064074039459
vertex -82.5007553100586 -41.008636474609375 -0.32014966011047363
vertex -81.42216491699219 -40.71963119506836 -0.32014966011047363
endloop
endfacet
facet normal 0.00817951242959172 -0.09348843792162277 0.9955867654561249
outer loop
vertex -82.59791564941406 -40.45758819580078 -0.2676064074039459
vertex -83.21314239501953 -41.07096481323242 -0.32014966011047363
vertex -82.5007553100586 -41.008636474609375 -0.32014966011047363
endloop
endfacet
facet normal -0.5735739099356075 -0.8191538132983204 0
outer loop
vertex -88.11314392089844 -41.27806854248047 -0.5
vertex -88.11314392089844 -41.27806854248047 -1.5
vertex -87.61314392089844 -41.628170013427734 -0.5
endloop
endfacet
facet normal -1 0 0
outer loop
vertex -88.11314392089844 -41.18903350830078 -1
vertex -88.11314392089844 -41.27806854248047 -0.5
vertex -88.11314392089844 -40.62505340576172 -0.4360184371471405
endloop
endfacet
facet normal -0.06811951544568683 -0.09728538880653174 0.9929225975574365
outer loop
vertex -88.11314392089844 -41.27806854248047 -0.5
vertex -87.61314392089844 -41.628170013427734 -0.5
vertex -87.21492004394531 -40.93843078613281 -0.4050999879837036
endloop
endfacet
facet normal -0.0681193463398865 -0.09728525055608053 0.9929226227045425
outer loop
vertex -88.11314392089844 -40.62505340576172 -0.4360184371471405
vertex -88.11314392089844 -41.27806854248047 -0.5
vertex -87.70652770996094 -40.59420394897461 -0.4050999879837036
endloop
endfacet
facet normal 0.02751565376914842 -0.10269035514121581 0.9943327309098435
outer loop
vertex -81.42216491699219 -40.71963119506836 -0.32014966011047363
vertex -82.36225891113281 -41.79408645629883 -0.4050999879837036
vertex -81.14937591552734 -41.46909713745117 -0.4050999879837036
endloop
endfacet
facet normal 0.044930000314254454 -0.09635253440597541 0.9943326828508185
outer loop
vertex -80.9734878540039 -40.510414123535156 -0.32014966011047363
vertex -81.14937591552734 -41.46909713745117 -0.4050999879837036
vertex -80.01136016845703 -40.93843078613281 -0.4050999879837036
endloop
endfacet
facet normal -0.05019146620715638 -0.10763603446737004 -0.992922605646641
outer loop
vertex -86.34930419921875 -42.21751022338867 -1.5
vertex -86.67697143554688 -41.18928146362305 -1.5949000120162964
vertex -86.076904296875 -41.46909713745117 -1.5949000120162964
endloop
endfacet
facet normal -0.050191873736187304 -0.10763579179629315 -0.9929226113525846
outer loop
vertex -87.61314392089844 -41.628170013427734 -1.5
vertex -87.35968017578125 -41.18916320800781 -1.5604021549224854
vertex -86.67697143554688 -41.18928146362305 -1.5949000120162964
endloop
endfacet
facet normal 0.02751557527983731 -0.10269028719358086 0.9943327400991679
outer loop
vertex -82.5007553100586 -41.008636474609375 -0.32014966011047363
vertex -82.36225891113281 -41.79408645629883 -0.4050999879837036
vertex -81.42216491699219 -40.71963119506836 -0.32014966011047363
endloop
endfacet
facet normal -0.05019172020145069 -0.10763611343307243 -0.9929225842472525
outer loop
vertex -86.34930419921875 -42.21751022338867 -1.5
vertex -87.61314392089844 -41.628170013427734 -1.5
vertex -86.67697143554688 -41.18928146362305 -1.5949000120162964
endloop
endfacet
facet normal -0.06811939149613927 -0.09728521178707047 -0.9929226234051375
outer loop
vertex -87.35968017578125 -41.18916320800781 -1.5604021549224854
vertex -87.61314392089844 -41.628170013427734 -1.5
vertex -88.11314392089844 -41.27806854248047 -1.5
endloop
endfacet
facet normal 0.06812000583448129 -0.09728522690961662 0.9929225797766181
outer loop
vertex -79.52176666259766 -40.595611572265625 -0.4050999879837036
vertex -79.11314392089844 -41.27806854248047 -0.5
vertex -79.11314392089844 -40.62677001953125 -0.43618664145469666
endloop
endfacet
facet normal -0.0681196351540526 -0.09728507842207816 0.9929226197558845
outer loop
vertex -87.70652770996094 -40.59420394897461 -0.4050999879837036
vertex -88.11314392089844 -41.27806854248047 -0.5
vertex -87.21492004394531 -40.93843078613281 -0.4050999879837036
endloop
endfacet
facet normal -0.050191634272210156 -0.1076361258464307 0.9929225872452777
outer loop
vertex -87.21492004394531 -40.93843078613281 -0.4050999879837036
vertex -87.61314392089844 -41.628170013427734 -0.5
vertex -86.076904296875 -41.46909713745117 -0.4050999879837036
endloop
endfacet
facet normal -0.04492993578162218 -0.09635239601553189 0.9943326991770538
outer loop
vertex -87.21492004394531 -40.93843078613281 -0.4050999879837036
vertex -86.076904296875 -41.46909713745117 -0.4050999879837036
vertex -85.80412292480469 -40.71963119506836 -0.32014966011047363
endloop
endfacet
facet normal -0.06097820218160691 -0.08708603867092264 0.9943327816819205
outer loop
vertex -86.98838806152344 -40.54607009887695 -0.35684385895729065
vertex -87.70652770996094 -40.59420394897461 -0.4050999879837036
vertex -87.21492004394531 -40.93843078613281 -0.4050999879837036
endloop
endfacet
facet normal 0.06812050806759508 -0.09728555756695846 0.9929225129230874
outer loop
vertex -79.52176666259766 -40.595611572265625 -0.4050999879837036
vertex -80.01136016845703 -40.93843078613281 -0.4050999879837036
vertex -79.61314392089844 -41.628170013427734 -0.5
endloop
endfacet
facet normal -0.044929981164086884 -0.0963515822496562 0.994332775981252
outer loop
vertex -86.98838806152344 -40.54607009887695 -0.35684385895729065
vertex -87.21492004394531 -40.93843078613281 -0.4050999879837036
vertex -86.2547378540039 -40.50950241088867 -0.32014966011047363
endloop
endfacet
facet normal -0.0449301130593036 -0.09635129139574644 0.9943327982053343
outer loop
vertex -86.2547378540039 -40.50950241088867 -0.32014966011047363
vertex -87.21492004394531 -40.93843078613281 -0.4050999879837036
vertex -85.80412292480469 -40.71963119506836 -0.32014966011047363
endloop
endfacet
facet normal -0.030738062168052558 -0.11471648956975991 -0.9929226045140398
outer loop
vertex -86.34930419921875 -42.21751022338867 -1.5
vertex -86.076904296875 -41.46909713745117 -1.5949000120162964
vertex -85.00232696533203 -42.57843017578125 -1.5
endloop
endfacet
facet normal -0.030738278794330765 -0.11471669678733101 -0.9929225738671498
outer loop
vertex -85.00232696533203 -42.57843017578125 -1.5
vertex -86.076904296875 -41.46909713745117 -1.5949000120162964
vertex -84.86402893066406 -41.79408645629883 -1.5949000120162964
endloop
endfacet
facet normal 0.009265911388858374 -0.1059082038908745 0.9943327386920048
outer loop
vertex -82.5007553100586 -41.008636474609375 -0.32014966011047363
vertex -83.21314239501953 -41.8685302734375 -0.4050999879837036
vertex -82.36225891113281 -41.79408645629883 -0.4050999879837036
endloop
endfacet
facet normal 0.008179075077411557 -0.09348800305607112 0.9955868098842342
outer loop
vertex -83.21314239501953 -40.4518928527832 -0.26201730966567993
vertex -83.21314239501953 -41.07096481323242 -0.32014966011047363
vertex -82.59791564941406 -40.45758819580078 -0.2676064074039459
endloop
endfacet
facet normal -0.008179414931301128 -0.09348845458591751 0.9955867646923188
outer loop
vertex -84.6282958984375 -40.45720291137695 -0.2675696015357971
vertex -84.72553253173828 -41.008636474609375 -0.32014966011047363
vertex -84.01313781738281 -40.451744079589844 -0.2620030641555786
endloop
endfacet
facet normal -0.008179425155128149 -0.0934884416255696 0.9955867658253369
outer loop
vertex -84.72553253173828 -41.008636474609375 -0.32014966011047363
vertex -84.01313781738281 -41.07096481323242 -0.32014966011047363
vertex -84.01313781738281 -40.451744079589844 -0.2620030641555786
endloop
endfacet
facet normal 0.009266163588904103 -0.10590841042295511 0.9943327143436581
outer loop
vertex -83.21314239501953 -41.07096481323242 -0.32014966011047363
vertex -83.21314239501953 -41.8685302734375 -0.4050999879837036
vertex -82.5007553100586 -41.008636474609375 -0.32014966011047363
endloop
endfacet
facet normal -0.009265846403947441 -0.1059084107342506 0.9943327172662899
outer loop
vertex -84.86402893066406 -41.79408645629883 -0.4050999879837036
vertex -84.01313781738281 -41.8685302734375 -0.4050999879837036
vertex -84.01313781738281 -41.07096481323242 -0.32014966011047363
endloop
endfacet
facet normal -0.024288808963873074 -0.09064781739587705 0.9955867752036888
outer loop
vertex -84.6282958984375 -40.45720291137695 -0.2675696015357971
vertex -85.71918487548828 -40.48627853393555 -0.29683077335357666
vertex -84.72553253173828 -41.008636474609375 -0.32014966011047363
endloop
endfacet
facet normal -0.01035060395457488 -0.11831151862209346 -0.9929225798415048
outer loop
vertex -85.00232696533203 -42.57843017578125 -1.5
vertex -84.86402893066406 -41.79408645629883 -1.5949000120162964
vertex -84.01313781738281 -42.66497039794922 -1.5
endloop
endfacet
facet normal -0.01035101995466842 -0.11831191939577347 -0.992922527750673
outer loop
vertex -84.01313781738281 -42.66497039794922 -1.5
vertex -84.86402893066406 -41.79408645629883 -1.5949000120162964
vertex -84.01313781738281 -41.8685302734375 -1.5949000120162964
endloop
endfacet
facet normal -0.0396612999668203 -0.08505247839446327 0.9955867903924305
outer loop
vertex -85.71918487548828 -40.48627853393555 -0.29683077335357666
vertex -86.2547378540039 -40.50950241088867 -0.32014966011047363
vertex -85.80412292480469 -40.71963119506836 -0.32014966011047363
endloop
endfacet
facet normal 0.010350639057482123 -0.11831191986228023 -0.9929225316657906
outer loop
vertex -83.21314239501953 -41.8685302734375 -1.5949000120162964
vertex -82.22395324707031 -42.57843017578125 -1.5
vertex -83.21314239501953 -42.66497039794922 -1.5
endloop
endfacet
facet normal 0.010351062003430738 -0.1183113391807963 -0.9929225964478035
outer loop
vertex -82.22395324707031 -42.57843017578125 -1.5
vertex -83.21314239501953 -41.8685302734375 -1.5949000120162964
vertex -82.36225891113281 -41.79408645629883 -1.5949000120162964
endloop
endfacet
facet normal 0.030738049588195586 -0.11471644262089817 -0.9929226103276729
outer loop
vertex -82.22395324707031 -42.57843017578125 -1.5
vertex -82.36225891113281 -41.79408645629883 -1.5949000120162964
vertex -80.8769760131836 -42.21751022338867 -1.5
endloop
endfacet
facet normal 0.030738032773694746 -0.11471650022767149 -0.992922604192652
outer loop
vertex -80.8769760131836 -42.21751022338867 -1.5
vertex -82.36225891113281 -41.79408645629883 -1.5949000120162964
vertex -81.14937591552734 -41.46909713745117 -1.5949000120162964
endloop
endfacet
facet normal -0.02428884998761924 -0.09064789507265467 0.9955867671304073
outer loop
vertex -85.80412292480469 -40.71963119506836 -0.32014966011047363
vertex -84.72553253173828 -41.008636474609375 -0.32014966011047363
vertex -85.71918487548828 -40.48627853393555 -0.29683077335357666
endloop
endfacet
facet normal 0.06811958071956904 -0.09728548202790845 0.9929225839455903
outer loop
vertex -79.61314392089844 -41.628170013427734 -0.5
vertex -79.11314392089844 -41.27806854248047 -0.5
vertex -79.52176666259766 -40.595611572265625 -0.4050999879837036
endloop
endfacet
facet normal -0.06811976911148783 -0.0972821947640036 -0.9929228930979968
outer loop
vertex -88.11314392089844 -41.18903350830078 -1.508723258972168
vertex -87.35968017578125 -41.18916320800781 -1.5604021549224854
vertex -88.11314392089844 -41.27806854248047 -1.5
endloop
endfacet
facet normal -0.009266044245290006 -0.10590818059905187 0.9943327399347981
outer loop
vertex -84.72553253173828 -41.008636474609375 -0.32014966011047363
vertex -84.86402893066406 -41.79408645629883 -0.4050999879837036
vertex -84.01313781738281 -41.07096481323242 -0.32014966011047363
endloop
endfacet
facet normal -0.05019165176549849 -0.10763596667221456 0.9929226036160064
outer loop
vertex -87.61314392089844 -41.628170013427734 -0.5
vertex -86.34930419921875 -42.21751022338867 -0.5
vertex -86.076904296875 -41.46909713745117 -0.4050999879837036
endloop
endfacet
facet normal -0.027515798059301662 -0.10269024768597372 0.9943327380144704
outer loop
vertex -84.72553253173828 -41.008636474609375 -0.32014966011047363
vertex -86.076904296875 -41.46909713745117 -0.4050999879837036
vertex -84.86402893066406 -41.79408645629883 -0.4050999879837036
endloop
endfacet
facet normal 1 0 0
outer loop
vertex -79.11314392089844 -41.27806854248047 -0.5
vertex -79.11314392089844 -41.190582275390625 -1
vertex -79.11314392089844 -40.62677001953125 -0.43618664145469666
endloop
endfacet
facet normal -0.027515666438836437 -0.10269062740612252 0.99433270244087
outer loop
vertex -85.80412292480469 -40.71963119506836 -0.32014966011047363
vertex -86.076904296875 -41.46909713745117 -0.4050999879837036
vertex -84.72553253173828 -41.008636474609375 -0.32014966011047363
endloop
endfacet
facet normal 0.5735739099356075 -0.8191538132983204 0
outer loop
vertex -79.61314392089844 -41.628170013427734 -0.5
vertex -79.61314392089844 -41.628170013427734 -1.5
vertex -79.11314392089844 -41.27806854248047 -0.5
endloop
endfacet
facet normal 0.050191910651603625 -0.1076358720861934 -0.9929226007828535
outer loop
vertex -79.61314392089844 -41.628170013427734 -1.5
vertex -80.8769760131836 -42.21751022338867 -1.5
vertex -81.14937591552734 -41.46909713745117 -1.5949000120162964
endloop
endfacet
facet normal 0.5735739099356075 -0.8191538132983204 0
outer loop
vertex -79.61314392089844 -41.628170013427734 -1.5
vertex -79.11314392089844 -41.27806854248047 -1.5
vertex -79.11314392089844 -41.27806854248047 -0.5
endloop
endfacet
facet normal 1 0 0
outer loop
vertex -79.11314392089844 -41.27806854248047 -1.5
vertex -79.11314392089844 -41.190582275390625 -1.5085716247558594
vertex -79.11314392089844 -41.190582275390625 -1
endloop
endfacet
facet normal 0.06811812990988898 -0.09728341004335475 -0.9929228864861138
outer loop
vertex -79.61314392089844 -41.628170013427734 -1.5
vertex -79.11314392089844 -41.190582275390625 -1.5085716247558594
vertex -79.11314392089844 -41.27806854248047 -1.5
endloop
endfacet
facet normal 0.0681199185704316 -0.09728544750292953 -0.9929225641499504
outer loop
vertex -79.61314392089844 -41.628170013427734 -1.5
vertex -79.86585998535156 -41.190452575683594 -1.5602247714996338
vertex -79.11314392089844 -41.190582275390625 -1.5085716247558594
endloop
endfacet
facet normal -0.25881803504136525 -0.9659260969335732 0
outer loop
vertex -86.34930419921875 -42.21751022338867 -1.5
vertex -85.00232696533203 -42.57843017578125 -1.5
vertex -85.00232696533203 -42.57843017578125 -0.5
endloop
endfacet
facet normal -0.08715312987075319 -0.9961949266854011 0
outer loop
vertex -85.00232696533203 -42.57843017578125 -1.5
vertex -84.01313781738281 -42.66497039794922 -1.5
vertex -84.01313781738281 -42.66497039794922 -0.5
endloop
endfacet
facet normal 0.08715312987075319 -0.9961949266854011 0
outer loop
vertex -82.22395324707031 -42.57843017578125 -1.5
vertex -82.22395324707031 -42.57843017578125 -0.5
vertex -83.21314239501953 -42.66497039794922 -1.5
endloop
endfacet
facet normal 0.05019157239719078 -0.10763637404877588 -0.9929225634670256
outer loop
vertex -79.61314392089844 -41.628170013427734 -1.5
vertex -80.55157470703125 -41.19033432006836 -1.5949000120162964
vertex -79.86585998535156 -41.190452575683594 -1.5602247714996338
endloop
endfacet
facet normal 0.05019194067746411 -0.10763559887740709 -0.9929226288816927
outer loop
vertex -79.61314392089844 -41.628170013427734 -1.5
vertex -81.14937591552734 -41.46909713745117 -1.5949000120162964
vertex -80.55157470703125 -41.19033432006836 -1.5949000120162964
endloop
endfacet
facet normal 0.04493024950174126 -0.09635200885951438 -0.99433272251719
outer loop
vertex -81.14937591552734 -41.46909713745117 -1.5949000120162964
vertex -81.25088500976562 -41.190216064453125 -1.626510739326477
vertex -80.55157470703125 -41.19033432006836 -1.5949000120162964
endloop
endfacet
facet normal 0.02751573624701055 -0.10269066295439826 -0.9943326968378196
outer loop
vertex -81.14937591552734 -41.46909713745117 -1.5949000120162964
vertex -82.36225891113281 -41.79408645629883 -1.5949000120162964
vertex -81.25088500976562 -41.190216064453125 -1.626510739326477
endloop
endfacet
facet normal 0.02751580234021112 -0.10269078384421752 -0.9943326825238294
outer loop
vertex -82.36225891113281 -41.79408645629883 -1.5949000120162964
vertex -82.4687728881836 -41.190006256103516 -1.6602345705032349
vertex -81.25088500976562 -41.190216064453125 -1.626510739326477
endloop
endfacet
facet normal 0.25881803504136525 -0.9659260969335732 0
outer loop
vertex -82.22395324707031 -42.57843017578125 -1.5
vertex -80.8769760131836 -42.21751022338867 -1.5
vertex -80.8769760131836 -42.21751022338867 -0.5
endloop
endfacet
facet normal 0.42262157603364314 -0.9063062415490911 0
outer loop
vertex -80.8769760131836 -42.21751022338867 -1.5
vertex -79.61314392089844 -41.628170013427734 -1.5
vertex -79.61314392089844 -41.628170013427734 -0.5
endloop
endfacet
facet normal -0.08715312987075319 -0.9961949266854011 0
outer loop
vertex -85.00232696533203 -42.57843017578125 -0.5
vertex -85.00232696533203 -42.57843017578125 -1.5
vertex -84.01313781738281 -42.66497039794922 -0.5
endloop
endfacet
facet normal -0.25881803504136525 -0.9659260969335732 0
outer loop
vertex -86.34930419921875 -42.21751022338867 -0.5
vertex -86.34930419921875 -42.21751022338867 -1.5
vertex -85.00232696533203 -42.57843017578125 -0.5
endloop
endfacet
facet normal 0.08715312987075319 -0.9961949266854011 0
outer loop
vertex -83.21314239501953 -42.66497039794922 -0.5
vertex -83.21314239501953 -42.66497039794922 -1.5
vertex -82.22395324707031 -42.57843017578125 -0.5
endloop
endfacet
facet normal 0.25881803504136525 -0.9659260969335732 0
outer loop
vertex -82.22395324707031 -42.57843017578125 -0.5
vertex -82.22395324707031 -42.57843017578125 -1.5
vertex -80.8769760131836 -42.21751022338867 -0.5
endloop
endfacet
facet normal 0.42262157603364314 -0.9063062415490911 0
outer loop
vertex -80.8769760131836 -42.21751022338867 -0.5
vertex -80.8769760131836 -42.21751022338867 -1.5
vertex -79.61314392089844 -41.628170013427734 -0.5
endloop
endfacet
facet normal -0.030738125009298393 -0.11471672409746315 0.9929225754726594
outer loop
vertex -86.34930419921875 -42.21751022338867 -0.5
vertex -85.00232696533203 -42.57843017578125 -0.5
vertex -84.86402893066406 -41.79408645629883 -0.4050999879837036
endloop
endfacet
facet normal -0.42261948047228126 -0.9063072187317825 0
outer loop
vertex -87.61314392089844 -41.628170013427734 -1.5
vertex -86.34930419921875 -42.21751022338867 -0.5
vertex -87.61314392089844 -41.628170013427734 -0.5
endloop
endfacet
facet normal -0.42261948047228126 -0.9063072187317825 0
outer loop
vertex -86.34930419921875 -42.21751022338867 -1.5
vertex -86.34930419921875 -42.21751022338867 -0.5
vertex -87.61314392089844 -41.628170013427734 -1.5
endloop
endfacet
facet normal -0.030738209004710124 -0.11471643632919659 0.9929226061194862
outer loop
vertex -86.076904296875 -41.46909713745117 -0.4050999879837036
vertex -86.34930419921875 -42.21751022338867 -0.5
vertex -84.86402893066406 -41.79408645629883 -0.4050999879837036
endloop
endfacet
facet normal -0.010350979144895129 -0.11831145294100578 0.9929225837565233
outer loop
vertex -84.86402893066406 -41.79408645629883 -0.4050999879837036
vertex -85.00232696533203 -42.57843017578125 -0.5
vertex -84.01313781738281 -41.8685302734375 -0.4050999879837036
endloop
endfacet
facet normal -0.010350639057482123 -0.11831191986228023 0.9929225316657906
outer loop
vertex -84.01313781738281 -41.8685302734375 -0.4050999879837036
vertex -85.00232696533203 -42.57843017578125 -0.5
vertex -84.01313781738281 -42.66497039794922 -0.5
endloop
endfacet
facet normal 0.010350595402525102 -0.11831142086876419 0.9929225915784308
outer loop
vertex -83.21314239501953 -42.66497039794922 -0.5
vertex -82.22395324707031 -42.57843017578125 -0.5
vertex -82.36225891113281 -41.79408645629883 -0.4050999879837036
endloop
endfacet
facet normal 0.010351112756509179 -0.1183119192821111 0.9929225267967715
outer loop
vertex -83.21314239501953 -41.8685302734375 -0.4050999879837036
vertex -83.21314239501953 -42.66497039794922 -0.5
vertex -82.36225891113281 -41.79408645629883 -0.4050999879837036
endloop
endfacet
facet normal 0.03073801880304332 -0.11471644808821777 0.9929226106490309
outer loop
vertex -82.36225891113281 -41.79408645629883 -0.4050999879837036
vertex -82.22395324707031 -42.57843017578125 -0.5
vertex -81.14937591552734 -41.46909713745117 -0.4050999879837036
endloop
endfacet
facet normal 0.030738062168052558 -0.11471648956975991 0.9929226045140398
outer loop
vertex -81.14937591552734 -41.46909713745117 -0.4050999879837036
vertex -82.22395324707031 -42.57843017578125 -0.5
vertex -80.8769760131836 -42.21751022338867 -0.5
endloop
endfacet
facet normal -0.027515692877409355 -0.10269142071480393 -0.9943326197792424
outer loop
vertex -85.97510528564453 -41.18940353393555 -1.6266028881072998
vertex -84.75743865966797 -41.189613342285156 -1.6602771282196045
vertex -86.076904296875 -41.46909713745117 -1.5949000120162964
endloop
endfacet
facet normal -0.027515880414151043 -0.10269055503813057 -0.9943327039934848
outer loop
vertex -84.86402893066406 -41.79408645629883 -1.5949000120162964
vertex -86.076904296875 -41.46909713745117 -1.5949000120162964
vertex -84.75743865966797 -41.189613342285156 -1.6602771282196045
endloop
endfacet
facet normal -0.009265536746093938 -0.10590874254406445 -0.9943326848100398
outer loop
vertex -84.86402893066406 -41.79408645629883 -1.5949000120162964
vertex -84.75743865966797 -41.189613342285156 -1.6602771282196045
vertex -84.01313781738281 -41.18973922729492 -1.6671993732452393
endloop
endfacet
facet normal 1 0 0
outer loop
vertex -79.11314392089844 -41.27806854248047 -0.5
vertex -79.11314392089844 -41.27806854248047 -1.5
vertex -79.11314392089844 -41.190582275390625 -1
endloop
endfacet
facet normal 0.044930263249722616 -0.0963519521992489 0.9943327273864138
outer loop
vertex -80.9734878540039 -40.510414123535156 -0.32014966011047363
vertex -80.01136016845703 -40.93843078613281 -0.4050999879837036
vertex -80.23712921142578 -40.54739761352539 -0.3570067584514618
endloop
endfacet
facet normal -0.009265838680205049 -0.10590832245205314 -0.9943327267413783
outer loop
vertex -84.01313781738281 -41.8685302734375 -1.5949000120162964
vertex -84.86402893066406 -41.79408645629883 -1.5949000120162964
vertex -84.01313781738281 -41.18973922729492 -1.6671993732452393
endloop
endfacet
facet normal 0.06812016321616648 -0.09728517206654731 0.9929225743527967
outer loop
vertex 12.455633163452148 -40.6114387512207 -0.4050999879837036
vertex 12.886858940124512 -41.27806854248047 -0.5
vertex 12.886858940124512 -40.644317626953125 -0.4379059672355652
endloop
endfacet
facet normal -0.5735740934586072 -0.8191536847949455 0
outer loop
vertex 3.886859178543091 -41.27806854248047 -0.5
vertex 3.886859178543091 -41.27806854248047 -1.5
vertex 4.386858940124512 -41.628170013427734 -0.5
endloop
endfacet
facet normal 0.068119613126001 -0.09728552830939345 0.9929225771877312
outer loop
vertex 12.455633163452148 -40.6114387512207 -0.4050999879837036
vertex 12.386858940124512 -41.628170013427734 -0.5
vertex 12.886858940124512 -41.27806854248047 -0.5
endloop
endfacet
facet normal -0.008178973820941222 -0.09348882356994172 0.9955867336675116
outer loop
vertex 7.368618011474609 -40.474700927734375 -0.2692379355430603
vertex 7.274470329284668 -41.008636474609375 -0.32014966011047363
vertex 7.986859321594238 -40.46921157836914 -0.2636434733867645
endloop
endfacet
facet normal -0.05019169308275816 -0.10763601466678406 0.9929225963246773
outer loop
vertex 4.386858940124512 -41.628170013427734 -0.5
vertex 5.650698184967041 -42.21751022338867 -0.5
vertex 5.923097133636475 -41.46909713745117 -0.4050999879837036
endloop
endfacet
facet normal -0.08715342172221721 -0.9961949011524348 0
outer loop
vertex 6.997673511505127 -42.57843017578125 -0.5
vertex 6.997673511505127 -42.57843017578125 -1.5
vertex 7.986859321594238 -42.66497039794922 -0.5
endloop
endfacet
facet normal 0.2588183769835761 -0.9659260053107523 0
outer loop
vertex 9.776044845581055 -42.57843017578125 -0.5
vertex 9.776044845581055 -42.57843017578125 -1.5
vertex 11.12302017211914 -42.21751022338867 -0.5
endloop
endfacet
facet normal 0.42261974241643857 -0.9063070965847411 0
outer loop
vertex 11.12302017211914 -42.21751022338867 -0.5
vertex 11.12302017211914 -42.21751022338867 -1.5
vertex 12.386858940124512 -41.628170013427734 -0.5
endloop
endfacet
facet normal -0.030738138275110443 -0.11471661116494468 0.992922588109572
outer loop
vertex 5.650698184967041 -42.21751022338867 -0.5
vertex 6.997673511505127 -42.57843017578125 -0.5
vertex 7.135974407196045 -41.79408645629883 -0.4050999879837036
endloop
endfacet
facet normal -0.030738174374455404 -0.11471648748851485 0.9929226012808969
outer loop
vertex 5.650698184967041 -42.21751022338867 -0.5
vertex 7.135974407196045 -41.79408645629883 -0.4050999879837036
vertex 5.923097133636475 -41.46909713745117 -0.4050999879837036
endloop
endfacet
facet normal -0.010350673980429253 -0.1183119198195088 0.992922531306835
outer loop
vertex 6.997673511505127 -42.57843017578125 -0.5
vertex 7.986859321594238 -42.66497039794922 -0.5
vertex 7.986859321594238 -41.8685302734375 -0.4050999879837036
endloop
endfacet
facet normal -0.01035105020920045 -0.11831140327987832 0.9929225889330511
outer loop
vertex 7.135974407196045 -41.79408645629883 -0.4050999879837036
vertex 6.997673511505127 -42.57843017578125 -0.5
vertex 7.986859321594238 -41.8685302734375 -0.4050999879837036
endloop
endfacet
facet normal 0.010351101156188086 -0.11831191929631905 0.9929225269160105
outer loop
vertex 8.786859512329102 -41.8685302734375 -0.4050999879837036
vertex 8.786859512329102 -42.66497039794922 -0.5
vertex 9.637743949890137 -41.79408645629883 -0.4050999879837036
endloop
endfacet
facet normal 0.010350640061519747 -0.11831147508210457 0.9929225846531106
outer loop
vertex 9.637743949890137 -41.79408645629883 -0.4050999879837036
vertex 8.786859512329102 -42.66497039794922 -0.5
vertex 9.776044845581055 -42.57843017578125 -0.5
endloop
endfacet
facet normal 0.03073811126727799 -0.11471651037006288 0.9929226005909201
outer loop
vertex 9.776044845581055 -42.57843017578125 -0.5
vertex 11.12302017211914 -42.21751022338867 -0.5
vertex 10.850621223449707 -41.46909713745117 -0.4050999879837036
endloop
endfacet
facet normal 0.030738204368384474 -0.11471659942743963 0.9929225874195893
outer loop
vertex 9.637743949890137 -41.79408645629883 -0.4050999879837036
vertex 9.776044845581055 -42.57843017578125 -0.5
vertex 10.850621223449707 -41.46909713745117 -0.4050999879837036
endloop
endfacet
facet normal -0.0681196487155615 -0.09728564981510544 -0.9929225628410915
outer loop
vertex 3.886859178543091 -41.204864501953125 -1.5071724653244019
vertex 4.6311821937561035 -41.20499038696289 -1.5582245588302612
vertex 3.886859178543091 -41.27806854248047 -1.5
endloop
endfacet
facet normal -0.06811965942953438 -0.09728554804874005 -0.9929225720770278
outer loop
vertex 3.886859178543091 -41.27806854248047 -1.5
vertex 4.6311821937561035 -41.20499038696289 -1.5582245588302612
vertex 4.386858940124512 -41.628170013427734 -1.5
endloop
endfacet
facet normal -0.05019177388273902 -0.1076361879422285 -0.9929225734566464
outer loop
vertex 5.650698184967041 -42.21751022338867 -1.5
vertex 4.386858940124512 -41.628170013427734 -1.5
vertex 5.356987476348877 -41.205116271972656 -1.5949000120162964
endloop
endfacet
facet normal -0.05019174678383021 -0.10763624890901521 -0.9929225682174739
outer loop
vertex 4.6311821937561035 -41.20499038696289 -1.5582245588302612
vertex 5.356987476348877 -41.205116271972656 -1.5949000120162964
vertex 4.386858940124512 -41.628170013427734 -1.5
endloop
endfacet
facet normal -0.05019146085907447 -0.10763609951118602 -0.9929225988660194
outer loop
vertex 5.923097133636475 -41.46909713745117 -1.5949000120162964
vertex 5.650698184967041 -42.21751022338867 -1.5
vertex 5.356987476348877 -41.205116271972656 -1.5949000120162964
endloop
endfacet
facet normal -0.044929857040175776 -0.0963525364798258 -0.9943326891238431
outer loop
vertex 5.923097133636475 -41.46909713745117 -1.5949000120162964
vertex 5.356987476348877 -41.205116271972656 -1.5949000120162964
vertex 6.019137382507324 -41.205230712890625 -1.6248087882995605
endloop
endfacet
facet normal -1 0 0
outer loop
vertex 3.886859178543091 -41.204864501953125 -1.5071724653244019
vertex 3.886859178543091 -41.27806854248047 -1.5
vertex 3.886859178543091 -41.204864501953125 -1
endloop
endfacet
facet normal -0.5735740934586072 -0.8191536847949455 0
outer loop
vertex 3.886859178543091 -41.27806854248047 -1.5
vertex 4.386858940124512 -41.628170013427734 -1.5
vertex 4.386858940124512 -41.628170013427734 -0.5
endloop
endfacet
facet normal -0.027515824253350897 -0.1026905069326072 -0.9943327105157422
outer loop
vertex 7.135974407196045 -41.79408645629883 -1.5949000120162964
vertex 5.923097133636475 -41.46909713745117 -1.5949000120162964
vertex 7.239768981933594 -41.205440521240234 -1.6585651636123657
endloop
endfacet
facet normal -0.027515765294073156 -0.1026907945890739 -0.9943326824393063
outer loop
vertex 7.239768981933594 -41.205440521240234 -1.6585651636123657
vertex 5.923097133636475 -41.46909713745117 -1.5949000120162964
vertex 6.019137382507324 -41.205230712890625 -1.6248087882995605
endloop
endfacet
facet normal -0.009266069897315297 -0.10590844398329938 -0.9943327116421818
outer loop
vertex 7.135974407196045 -41.79408645629883 -1.5949000120162964
vertex 7.239768981933594 -41.205440521240234 -1.6585651636123657
vertex 7.986859321594238 -41.205570220947266 -1.6655133962631226
endloop
endfacet
facet normal 1 0 0
outer loop
vertex 12.886858940124512 -41.27806854248047 -0.5
vertex 12.886858940124512 -41.20641326904297 -1
vertex 12.886858940124512 -40.644317626953125 -0.4379059672355652
endloop
endfacet
facet normal -0.009265933824922348 -0.10590863838633942 -0.9943326922039241
outer loop
vertex 7.986859321594238 -41.8685302734375 -1.5949000120162964
vertex 7.135974407196045 -41.79408645629883 -1.5949000120162964
vertex 7.986859321594238 -41.205570220947266 -1.6655133962631226
endloop
endfacet
facet normal 0.5735739099356075 -0.8191538132983204 0
outer loop
vertex 12.386858940124512 -41.628170013427734 -0.5
vertex 12.386858940124512 -41.628170013427734 -1.5
vertex 12.886858940124512 -41.27806854248047 -0.5
endloop
endfacet
facet normal 1 0 0
outer loop
vertex 12.886858940124512 -41.27806854248047 -0.5
vertex 12.886858940124512 -41.27806854248047 -1.5
vertex 12.886858940124512 -41.20641326904297 -1
endloop
endfacet
facet normal 0.5735739099356075 -0.8191538132983204 0
outer loop
vertex 12.386858940124512 -41.628170013427734 -1.5
vertex 12.886858940124512 -41.27806854248047 -1.5
vertex 12.886858940124512 -41.27806854248047 -0.5
endloop
endfacet
facet normal 1 0 0
outer loop
vertex 12.886858940124512 -41.27806854248047 -1.5
vertex 12.886858940124512 -41.20641326904297 -1.5070207118988037
vertex 12.886858940124512 -41.20641326904297 -1
endloop
endfacet
facet normal 0.06811963451088951 -0.09728555885037983 -0.9929225727282425
outer loop
vertex 12.386858940124512 -41.628170013427734 -1.5
vertex 12.886858940124512 -41.20641326904297 -1.5070207118988037
vertex 12.886858940124512 -41.27806854248047 -1.5
endloop
endfacet
facet normal 0.06811977699348719 -0.09728572732848653 -0.9929225464458569
outer loop
vertex 12.386858940124512 -41.628170013427734 -1.5
vertex 12.143282890319824 -41.20628356933594 -1.5580466985702515
vertex 12.886858940124512 -41.20641326904297 -1.5070207118988037
endloop
endfacet
facet normal 0.04492986528635374 -0.0963519404247597 0.9943327465098059
outer loop
vertex 10.992576599121094 -40.5262336730957 -0.32014966011047363
vertex 11.988637924194336 -40.93843078613281 -0.4050999879837036
vertex 11.773295402526855 -40.56544494628906 -0.359226793050766
endloop
endfacet
facet normal 0.044929780126965226 -0.09635214295808243 0.9943327307320863
outer loop
vertex 10.992576599121094 -40.5262336730957 -0.32014966011047363
vertex 10.850621223449707 -41.46909713745117 -0.4050999879837036
vertex 11.988637924194336 -40.93843078613281 -0.4050999879837036
endloop
endfacet
facet normal 0.04493016574716832 -0.09635219895734198 0.9943327078810275
outer loop
vertex 10.992576599121094 -40.5262336730957 -0.32014966011047363
vertex 10.577837944030762 -40.71963119506836 -0.32014966011047363
vertex 10.850621223449707 -41.46909713745117 -0.4050999879837036
endloop
endfacet
facet normal 0.06097828105705233 -0.0870864238617383 0.994332743108815
outer loop
vertex 11.988637924194336 -40.93843078613281 -0.4050999879837036
vertex 12.455633163452148 -40.6114387512207 -0.4050999879837036
vertex 11.773295402526855 -40.56544494628906 -0.359226793050766
endloop
endfacet
facet normal 0.06811974247677044 -0.09728553615891736 0.9929225675445043
outer loop
vertex 12.386858940124512 -41.628170013427734 -0.5
vertex 12.455633163452148 -40.6114387512207 -0.4050999879837036
vertex 11.988637924194336 -40.93843078613281 -0.4050999879837036
endloop
endfacet
facet normal 0.009265934409521425 -0.10590858571688416 -0.9943326978084185
outer loop
vertex 9.637743949890137 -41.79408645629883 -1.5949000120162964
vertex 8.786859512329102 -41.8685302734375 -1.5949000120162964
vertex 8.786859512329102 -41.20570755004883 -1.6654987335205078
endloop
endfacet
facet normal 0.009266259977546779 -0.10590812047833972 -0.9943327443279609
outer loop
vertex 9.637743949890137 -41.79408645629883 -1.5949000120162964
vertex 8.786859512329102 -41.20570755004883 -1.6654987335205078
vertex 9.534019470214844 -41.205833435058594 -1.6585224866867065
endloop
endfacet
facet normal 0.05019181184751869 -0.10763622874727985 0.9929225671141363
outer loop
vertex 11.988637924194336 -40.93843078613281 -0.4050999879837036
vertex 11.12302017211914 -42.21751022338867 -0.5
vertex 12.386858940124512 -41.628170013427734 -0.5
endloop
endfacet
facet normal 0.027515864095369588 -0.10269023454381268 -0.9943327375443403
outer loop
vertex 9.637743949890137 -41.79408645629883 -1.5949000120162964
vertex 9.534019470214844 -41.205833435058594 -1.6585224866867065
vertex 10.754877090454102 -41.2060432434082 -1.6247164011001587
endloop
endfacet
facet normal -0.4226196114443237 -0.9063071576582902 0
outer loop
vertex 4.386858940124512 -41.628170013427734 -1.5
vertex 5.650698184967041 -42.21751022338867 -0.5
vertex 4.386858940124512 -41.628170013427734 -0.5
endloop
endfacet
facet normal 0.0501915625975254 -0.10763606234039592 0.9929225977526512
outer loop
vertex 10.850621223449707 -41.46909713745117 -0.4050999879837036
vertex 11.12302017211914 -42.21751022338867 -0.5
vertex 11.988637924194336 -40.93843078613281 -0.4050999879837036
endloop
endfacet
facet normal 0.42261974241643857 -0.9063070965847411 0
outer loop
vertex 11.12302017211914 -42.21751022338867 -1.5
vertex 12.386858940124512 -41.628170013427734 -1.5
vertex 12.386858940124512 -41.628170013427734 -0.5
endloop
endfacet
facet normal 0.2588183769835761 -0.9659260053107523 0
outer loop
vertex 9.776044845581055 -42.57843017578125 -1.5
vertex 11.12302017211914 -42.21751022338867 -1.5
vertex 11.12302017211914 -42.21751022338867 -0.5
endloop
endfacet
facet normal 0.08715346341544244 -0.9961948975048472 0
outer loop
vertex 9.776044845581055 -42.57843017578125 -1.5
vertex 9.776044845581055 -42.57843017578125 -0.5
vertex 8.786859512329102 -42.66497039794922 -1.5
endloop
endfacet
facet normal 0.039660984993316245 -0.0850525043335947 0.9955868007240473
outer loop
vertex 10.499597549438477 -40.504669189453125 -0.2986687123775482
vertex 10.577837944030762 -40.71963119506836 -0.32014966011047363
vertex 10.992576599121094 -40.5262336730957 -0.32014966011047363
endloop
endfacet
facet normal 0.024288927718160283 -0.09064752004160055 0.9955867993804507
outer loop
vertex 10.577837944030762 -40.71963119506836 -0.32014966011047363
vertex 10.499597549438477 -40.504669189453125 -0.2986687123775482
vertex 9.405168533325195 -40.4750862121582 -0.26927486062049866
endloop
endfacet
facet normal 0.024288848941708234 -0.09064789116923266 0.9955867675113295
outer loop
vertex 9.405168533325195 -40.4750862121582 -0.26927486062049866
vertex 9.499247550964355 -41.008636474609375 -0.32014966011047363
vertex 10.577837944030762 -40.71963119506836 -0.32014966011047363
endloop
endfacet
facet normal 0.008179497801132994 -0.09348839587737529 0.9955867695243826
outer loop
vertex 9.405168533325195 -40.4750862121582 -0.26927486062049866
vertex 8.786859512329102 -41.07096481323242 -0.32014966011047363
vertex 9.499247550964355 -41.008636474609375 -0.32014966011047363
endloop
endfacet
facet normal 0.02751582278652873 -0.10269050145834953 0.9943327111216914
outer loop
vertex 10.577837944030762 -40.71963119506836 -0.32014966011047363
vertex 9.637743949890137 -41.79408645629883 -0.4050999879837036
vertex 10.850621223449707 -41.46909713745117 -0.4050999879837036
endloop
endfacet
facet normal 0.02751563569346823 -0.10268980321718295 -0.9943327884101985
outer loop
vertex 10.850621223449707 -41.46909713745117 -1.5949000120162964
vertex 9.637743949890137 -41.79408645629883 -1.5949000120162964
vertex 10.754877090454102 -41.2060432434082 -1.6247164011001587
endloop
endfacet
facet normal 0.044929595324117014 -0.09635161755496331 -0.9943327899946542
outer loop
vertex 10.850621223449707 -41.46909713745117 -1.5949000120162964
vertex 10.754877090454102 -41.2060432434082 -1.6247164011001587
vertex 11.414495468139648 -41.20615768432617 -1.5949000120162964
endloop
endfacet
facet normal -0.2588183769835761 -0.9659260053107523 0
outer loop
vertex 5.650698184967041 -42.21751022338867 -1.5
vertex 6.997673511505127 -42.57843017578125 -1.5
vertex 6.997673511505127 -42.57843017578125 -0.5
endloop
endfacet
facet normal -0.08715342172221721 -0.9961949011524348 0
outer loop
vertex 6.997673511505127 -42.57843017578125 -1.5
vertex 7.986859321594238 -42.66497039794922 -1.5
vertex 7.986859321594238 -42.66497039794922 -0.5
endloop
endfacet
facet normal 0.05019170926308822 -0.10763600875519713 -0.9929225961476054
outer loop
vertex 12.386858940124512 -41.628170013427734 -1.5
vertex 11.12302017211914 -42.21751022338867 -1.5
vertex 10.850621223449707 -41.46909713745117 -1.5949000120162964
endloop
endfacet
facet normal 0.030738174374455404 -0.11471648748851485 -0.9929226012808969
outer loop
vertex 11.12302017211914 -42.21751022338867 -1.5
vertex 9.637743949890137 -41.79408645629883 -1.5949000120162964
vertex 10.850621223449707 -41.46909713745117 -1.5949000120162964
endloop
endfacet
facet normal 0.030738138275110443 -0.11471661116494468 -0.992922588109572
outer loop
vertex 9.776044845581055 -42.57843017578125 -1.5
vertex 9.637743949890137 -41.79408645629883 -1.5949000120162964
vertex 11.12302017211914 -42.21751022338867 -1.5
endloop
endfacet
facet normal 0.02751557527983731 -0.10269028719358086 0.9943327400991679
outer loop
vertex 9.499247550964355 -41.008636474609375 -0.32014966011047363
vertex 9.637743949890137 -41.79408645629883 -0.4050999879837036
vertex 10.577837944030762 -40.71963119506836 -0.32014966011047363
endloop
endfacet
facet normal 0.010351055922441375 -0.11831140227969353 -0.9929225889926682
outer loop
vertex 9.776044845581055 -42.57843017578125 -1.5
vertex 8.786859512329102 -41.8685302734375 -1.5949000120162964
vertex 9.637743949890137 -41.79408645629883 -1.5949000120162964
endloop
endfacet
facet normal 0.010350678969440938 -0.11831191981339857 -0.9929225312555555
outer loop
vertex 8.786859512329102 -41.8685302734375 -1.5949000120162964
vertex 9.776044845581055 -42.57843017578125 -1.5
vertex 8.786859512329102 -42.66497039794922 -1.5
endloop
endfacet
facet normal -0.01035109535603729 -0.11831191930342302 -0.9929225269756299
outer loop
vertex 7.986859321594238 -42.66497039794922 -1.5
vertex 7.135974407196045 -41.79408645629883 -1.5949000120162964
vertex 7.986859321594238 -41.8685302734375 -1.5949000120162964
endloop
endfacet
facet normal -0.010350635147257769 -0.1183114759424164 -0.9929225846018286
outer loop
vertex 6.997673511505127 -42.57843017578125 -1.5
vertex 7.135974407196045 -41.79408645629883 -1.5949000120162964
vertex 7.986859321594238 -42.66497039794922 -1.5
endloop
endfacet
facet normal 0.009265901160478374 -0.10590820568407038 0.9943327385963238
outer loop
vertex 9.499247550964355 -41.008636474609375 -0.32014966011047363
vertex 8.786859512329102 -41.8685302734375 -0.4050999879837036
vertex 9.637743949890137 -41.79408645629883 -0.4050999879837036
endloop
endfacet
facet normal 0.00817941747377608 -0.09348831324511288 0.9955867779437277
outer loop
vertex 8.786859512329102 -40.469364166259766 -0.26365771889686584
vertex 8.786859512329102 -41.07096481323242 -0.32014966011047363
vertex 9.405168533325195 -40.4750862121582 -0.26927486062049866
endloop
endfacet
facet normal -0.008179467721770336 -0.09348817723477737 0.9955867903026374
outer loop
vertex 7.986859321594238 -40.46921157836914 -0.2636434733867645
vertex 7.274470329284668 -41.008636474609375 -0.32014966011047363
vertex 7.986859321594238 -41.07096481323242 -0.32014966011047363
endloop
endfacet
facet normal -0.030738204368384474 -0.11471659942743963 -0.9929225874195893
outer loop
vertex 6.997673511505127 -42.57843017578125 -1.5
vertex 5.923097133636475 -41.46909713745117 -1.5949000120162964
vertex 7.135974407196045 -41.79408645629883 -1.5949000120162964
endloop
endfacet
facet normal -0.03073811126727799 -0.11471651037006288 -0.9929226005909201
outer loop
vertex 5.650698184967041 -42.21751022338867 -1.5
vertex 5.923097133636475 -41.46909713745117 -1.5949000120162964
vertex 6.997673511505127 -42.57843017578125 -1.5
endloop
endfacet
facet normal -0.4226196114443237 -0.9063071576582902 0
outer loop
vertex 5.650698184967041 -42.21751022338867 -1.5
vertex 5.650698184967041 -42.21751022338867 -0.5
vertex 4.386858940124512 -41.628170013427734 -1.5
endloop
endfacet
facet normal 0.05019168934975165 -0.10763618994958837 -0.9929225775121412
outer loop
vertex 12.386858940124512 -41.628170013427734 -1.5
vertex 10.850621223449707 -41.46909713745117 -1.5949000120162964
vertex 11.414495468139648 -41.20615768432617 -1.5949000120162964
endloop
endfacet
facet normal 0.05019150260975932 -0.10763661205237396 -0.9929225411942572
outer loop
vertex 12.386858940124512 -41.628170013427734 -1.5
vertex 11.414495468139648 -41.20615768432617 -1.5949000120162964
vertex 12.143282890319824 -41.20628356933594 -1.5580466985702515
endloop
endfacet
facet normal -1 0 0
outer loop
vertex 3.886859178543091 -41.204864501953125 -1
vertex 3.886859178543091 -41.27806854248047 -1.5
vertex 3.886859178543091 -41.27806854248047 -0.5
endloop
endfacet
facet normal 0.009266151185350145 -0.10590841043512854 0.9943327144579497
outer loop
vertex 8.786859512329102 -41.07096481323242 -0.32014966011047363
vertex 8.786859512329102 -41.8685302734375 -0.4050999879837036
vertex 9.499247550964355 -41.008636474609375 -0.32014966011047363
endloop
endfacet
facet normal -0.2588183769835761 -0.9659260053107523 0
outer loop
vertex 5.650698184967041 -42.21751022338867 -0.5
vertex 5.650698184967041 -42.21751022338867 -1.5
vertex 6.997673511505127 -42.57843017578125 -0.5
endloop
endfacet
facet normal 0.08715346341544244 -0.9961948975048472 0
outer loop
vertex 8.786859512329102 -42.66497039794922 -1.5
vertex 9.776044845581055 -42.57843017578125 -0.5
vertex 8.786859512329102 -42.66497039794922 -0.5
endloop
endfacet
facet normal -0.02428916040269419 -0.09064815001135988 0.9955867363451816
outer loop
vertex 7.368618011474609 -40.474700927734375 -0.2692379355430603
vertex 6.274414539337158 -40.50386047363281 -0.29858800768852234
vertex 7.274470329284668 -41.008636474609375 -0.32014966011047363
endloop
endfacet
facet normal -0.024288692453464992 -0.09064722699376064 0.9955868318018488
outer loop
vertex 6.274414539337158 -40.50386047363281 -0.29858800768852234
vertex 6.195880889892578 -40.71963119506836 -0.32014966011047363
vertex 7.274470329284668 -41.008636474609375 -0.32014966011047363
endloop
endfacet
facet normal -0.00926611802679949 -0.10590817322527478 0.9943327400326306
outer loop
vertex 7.274470329284668 -41.008636474609375 -0.32014966011047363
vertex 7.135974407196045 -41.79408645629883 -0.4050999879837036
vertex 7.986859321594238 -41.07096481323242 -0.32014966011047363
endloop
endfacet
facet normal -0.027515667483571635 -0.10269054050755765 0.994332711386485
outer loop
vertex 6.195880889892578 -40.71963119506836 -0.32014966011047363
vertex 5.923097133636475 -41.46909713745117 -0.4050999879837036
vertex 7.274470329284668 -41.008636474609375 -0.32014966011047363
endloop
endfacet
facet normal -0.027515760977041875 -0.10269027078208558 0.9943327366553694
outer loop
vertex 7.274470329284668 -41.008636474609375 -0.32014966011047363
vertex 5.923097133636475 -41.46909713745117 -0.4050999879837036
vertex 7.135974407196045 -41.79408645629883 -0.4050999879837036
endloop
endfacet
facet normal -0.039660734499197894 -0.08505229445809107 0.9955868286324394
outer loop
vertex 6.274414539337158 -40.50386047363281 -0.29858800768852234
vertex 5.7792181968688965 -40.52533721923828 -0.32014966011047363
vertex 6.195880889892578 -40.71963119506836 -0.32014966011047363
endloop
endfacet
facet normal -0.044929895050658114 -0.09635198924258416 0.9943327404343748
outer loop
vertex 5.7792181968688965 -40.52533721923828 -0.32014966011047363
vertex 4.785080432891846 -40.93843078613281 -0.4050999879837036
vertex 6.195880889892578 -40.71963119506836 -0.32014966011047363
endloop
endfacet
facet normal -0.04492978475979279 -0.09635225048408991 0.9943327201033313
outer loop
vertex 5.7792181968688965 -40.52533721923828 -0.32014966011047363
vertex 5.001190185546875 -40.564117431640625 -0.35906338691711426
vertex 4.785080432891846 -40.93843078613281 -0.4050999879837036
endloop
endfacet
facet normal -0.0609787703080653 -0.08708637106810475 0.9943327177287814
outer loop
vertex 5.001190185546875 -40.564117431640625 -0.35906338691711426
vertex 4.316084384918213 -40.61003494262695 -0.4050999879837036
vertex 4.785080432891846 -40.93843078613281 -0.4050999879837036
endloop
endfacet
facet normal -0.044929847272215495 -0.09635228695141458 0.9943327137449153
outer loop
vertex 4.785080432891846 -40.93843078613281 -0.4050999879837036
vertex 5.923097133636475 -41.46909713745117 -0.4050999879837036
vertex 6.195880889892578 -40.71963119506836 -0.32014966011047363
endloop
endfacet
facet normal -0.05019166395523259 -0.10763627970251667 0.9929225690662926
outer loop
vertex 4.785080432891846 -40.93843078613281 -0.4050999879837036
vertex 4.386858940124512 -41.628170013427734 -0.5
vertex 5.923097133636475 -41.46909713745117 -0.4050999879837036
endloop
endfacet
facet normal -0.0681198955512015 -0.09728491524381953 0.9929226178792063
outer loop
vertex 4.316084384918213 -40.61003494262695 -0.4050999879837036
vertex 3.886859178543091 -41.27806854248047 -0.5
vertex 4.785080432891846 -40.93843078613281 -0.4050999879837036
endloop
endfacet
facet normal -0.0681195304961433 -0.0972851500882263 0.9929226199142088
outer loop
vertex 4.316084384918213 -40.61003494262695 -0.4050999879837036
vertex 3.886859178543091 -40.642601013183594 -0.4377377927303314
vertex 3.886859178543091 -41.27806854248047 -0.5
endloop
endfacet
facet normal -0.06811965431105461 -0.09728554073874889 0.9929225731444078
outer loop
vertex 3.886859178543091 -41.27806854248047 -0.5
vertex 4.386858940124512 -41.628170013427734 -0.5
vertex 4.785080432891846 -40.93843078613281 -0.4050999879837036
endloop
endfacet
facet normal -1 0 0
outer loop
vertex 3.886859178543091 -40.642601013183594 -0.4377377927303314
vertex 3.886859178543091 -41.204864501953125 -1
vertex 3.886859178543091 -41.27806854248047 -0.5
endloop
endfacet
facet normal -0.009265913901873271 -0.10590841066800685 0.9943327166443533
outer loop
vertex 7.135974407196045 -41.79408645629883 -0.4050999879837036
vertex 7.986859321594238 -41.8685302734375 -0.4050999879837036
vertex 7.986859321594238 -41.07096481323242 -0.32014966011047363
endloop
endfacet
facet normal 0 0 -1
outer loop
vertex 75.5972671508789 -46.193180084228516 -4
vertex 75.63532257080078 -44.69131088256836 -4
vertex 75.74371337890625 -44.853519439697266 -4
endloop
endfacet
facet normal 0 0 -1
outer loop
vertex 75.63532257080078 -44.69131088256836 -4
vertex 75.5972671508789 -46.193180084228516 -4
vertex 75.5972671508789 -44.49996566772461 -4
endloop
endfacet
facet normal 1 0 0
outer loop
vertex 75.5972671508789 -44.49996566772461 -4
vertex 75.5972671508789 -46.193180084228516 -5
vertex 75.5972671508789 -43.49996566772461 -5
endloop
endfacet
facet normal 1 0 0
outer loop
vertex 75.5972671508789 -46.193180084228516 -4
vertex 75.5972671508789 -46.193180084228516 -5
vertex 75.5972671508789 -44.49996566772461 -4
endloop
endfacet
facet normal 0 0 1
outer loop
vertex 87.5972671508789 -43.49996566772461 -5
vertex 75.5972671508789 -43.49996566772461 -5
vertex 75.5972671508789 -46.193180084228516 -5
endloop
endfacet
facet normal 0 0 1
outer loop
vertex 87.5972671508789 -43.49996566772461 -5
vertex 75.5972671508789 -46.193180084228516 -5
vertex 87.5972671508789 -46.19626235961914 -5
endloop
endfacet
facet normal 0 0 -1
outer loop
vertex 75.5972671508789 -46.193180084228516 -4
vertex 75.74371337890625 -44.853519439697266 -4
vertex 75.90592193603516 -44.96190643310547 -4
endloop
endfacet
facet normal 0 0 -1
outer loop
vertex 75.5972671508789 -46.193180084228516 -4
vertex 75.90592193603516 -44.96190643310547 -4
vertex 76.0972671508789 -44.99996566772461 -4
endloop
endfacet
facet normal 0 0 -1
outer loop
vertex 75.5972671508789 -46.193180084228516 -4
vertex 76.0972671508789 -44.99996566772461 -4
vertex 81.197265625 -46.194618225097656 -4
endloop
endfacet
facet normal 0 0 -1
outer loop
vertex 81.197265625 -46.194618225097656 -4
vertex 76.0972671508789 -44.99996566772461 -4
vertex 81.197265625 -44.99996566772461 -4
endloop
endfacet
facet normal 0 0 -1
outer loop
vertex 81.99726867675781 -44.99996566772461 -4
vertex 87.5972671508789 -46.19626235961914 -4
vertex 81.99726867675781 -46.19482421875 -4
endloop
endfacet
facet normal 0 0 -1
outer loop
vertex 87.5972671508789 -46.19626235961914 -4
vertex 81.99726867675781 -44.99996566772461 -4
vertex 87.28860473632812 -44.96190643310547 -4
endloop
endfacet
facet normal 1 0 0
outer loop
vertex 81.197265625 -46.194618225097656 -1.666679859161377
vertex 81.197265625 -46.194618225097656 -4
vertex 81.197265625 -44.99996566772461 -4
endloop
endfacet
facet normal -1 0 0
outer loop
vertex 81.99726867675781 -44.99996566772461 -4
vertex 81.99726867675781 -46.19482421875 -4
vertex 81.99726867675781 -46.19482421875 -1.6666579246520996
endloop
endfacet
facet normal 0.19508196428504695 0.9807869428222868 0
outer loop
vertex 76.0972671508789 -44.99996566772461 -4
vertex 75.90592193603516 -44.96190643310547 -4
vertex 75.90592193603516 -44.96190643310547 0
endloop
endfacet
facet normal 0.5555798033776966 0.83146321751404 0
outer loop
vertex 75.90592193603516 -44.96190643310547 -4
vertex 75.74371337890625 -44.853519439697266 -4
vertex 75.74371337890625 -44.853519439697266 0
endloop
endfacet
facet normal 0.8314541847760064 0.5555933212507748 0
outer loop
vertex 75.74371337890625 -44.853519439697266 -4
vertex 75.63532257080078 -44.69131088256836 -4
vertex 75.63532257080078 -44.69131088256836 0
endloop
endfacet
facet normal 0 1 0
outer loop
vertex 81.197265625 -44.99996566772461 -4
vertex 76.0972671508789 -44.99996566772461 -4
vertex 81.197265625 -44.99996566772461 0
endloop
endfacet
facet normal 1 0 0
outer loop
vertex 75.5972671508789 -44.49996566772461 -4
vertex 75.5972671508789 -43.49996566772461 -5
vertex 75.5972671508789 -43.49996566772461 0
endloop
endfacet
facet normal 0.9807906838391206 0.19506315514312336 0
outer loop
vertex 75.63532257080078 -44.69131088256836 -4
vertex 75.5972671508789 -44.49996566772461 -4
vertex 75.5972671508789 -44.49996566772461 0
endloop
endfacet
facet normal -0.007192559633405969 0.9999741332084146 0
outer loop
vertex 87.28860473632812 -44.96190643310547 -4
vertex 81.99726867675781 -44.99996566772461 -4
vertex 87.28860473632812 -44.96190643310547 0
endloop
endfacet
facet normal 0 0 -1
outer loop
vertex 87.5972671508789 -46.19626235961914 -4
vertex 87.28860473632812 -44.96190643310547 -4
vertex 87.45082092285156 -44.853519439697266 -4
endloop
endfacet
facet normal 0 0 -1
outer loop
vertex 87.5972671508789 -46.19626235961914 -4
vertex 87.45082092285156 -44.853519439697266 -4
vertex 87.5592041015625 -44.69131088256836 -4
endloop
endfacet
facet normal 0 0 -1
outer loop
vertex 87.5972671508789 -44.49996566772461 -4
vertex 87.5972671508789 -46.19626235961914 -4
vertex 87.5592041015625 -44.69131088256836 -4
endloop
endfacet
facet normal -0.5555617383814266 0.831475288175546 0
outer loop
vertex 87.45082092285156 -44.853519439697266 -4
vertex 87.28860473632812 -44.96190643310547 -4
vertex 87.28860473632812 -44.96190643310547 0
endloop
endfacet
facet normal -0.8314722502285505 0.555566285064051 0
outer loop
vertex 87.5592041015625 -44.69131088256836 -4
vertex 87.45082092285156 -44.853519439697266 -4
vertex 87.45082092285156 -44.853519439697266 0
endloop
endfacet
facet normal -1 0 0
outer loop
vertex 87.5972671508789 -44.49996566772461 -4
vertex 87.5972671508789 -44.49996566772461 0
vertex 87.5972671508789 -43.49996566772461 -5
endloop
endfacet
facet normal -0.9807832014732841 0.19510077321173103 0
outer loop
vertex 87.5972671508789 -44.49996566772461 -4
vertex 87.5592041015625 -44.69131088256836 -4
vertex 87.5592041015625 -44.69131088256836 0
endloop
endfacet
facet normal 0.5555798033776966 0.83146321751404 0
outer loop
vertex 75.74371337890625 -44.853519439697266 0
vertex 75.90592193603516 -44.96190643310547 0
vertex 75.90592193603516 -44.96190643310547 -4
endloop
endfacet
facet normal 0.19508196428504695 0.9807869428222868 0
outer loop
vertex 76.0972671508789 -44.99996566772461 -4
vertex 75.90592193603516 -44.96190643310547 0
vertex 76.0972671508789 -44.99996566772461 0
endloop
endfacet
facet normal 0.8314541847760064 0.5555933212507748 0
outer loop
vertex 75.63532257080078 -44.69131088256836 0
vertex 75.74371337890625 -44.853519439697266 0
vertex 75.74371337890625 -44.853519439697266 -4
endloop
endfacet
facet normal 0 1 0
outer loop
vertex 81.197265625 -44.99996566772461 0
vertex 76.0972671508789 -44.99996566772461 -4
vertex 76.0972671508789 -44.99996566772461 0
endloop
endfacet
facet normal 0.9807906838391206 0.19506315514312336 0
outer loop
vertex 75.5972671508789 -44.49996566772461 0
vertex 75.63532257080078 -44.69131088256836 0
vertex 75.63532257080078 -44.69131088256836 -4
endloop
endfacet
facet normal -1 0 0
outer loop
vertex 81.99726867675781 -45.45735168457031 -0.26252979040145874
vertex 81.99726867675781 -46.19482421875 -1.6666579246520996
vertex 81.99726867675781 -46.07096481323242 -0.32014966011047363
endloop
endfacet
facet normal 1 0 0
outer loop
vertex 81.197265625 -44.99996566772461 0
vertex 81.197265625 -45.194618225097656 0
vertex 81.197265625 -46.194618225097656 -1.666679859161377
endloop
endfacet
facet normal 1 0 0
outer loop
vertex 75.5972671508789 -43.49996566772461 0
vertex 75.5972671508789 -44.49996566772461 0
vertex 75.5972671508789 -44.49996566772461 -4
endloop
endfacet
facet normal -1 0 0
outer loop
vertex 87.5972671508789 -43.49996566772461 -5
vertex 87.5972671508789 -46.19626235961914 -5
vertex 87.5972671508789 -44.49996566772461 -4
endloop
endfacet
facet normal -1 0 0
outer loop
vertex 87.5972671508789 -44.49996566772461 -4
vertex 87.5972671508789 -46.19626235961914 -5
vertex 87.5972671508789 -46.19626235961914 -4
endloop
endfacet
facet normal 1 0 0
outer loop
vertex 81.197265625 -46.194618225097656 -1.666679859161377
vertex 81.197265625 -44.99996566772461 -4
vertex 81.197265625 -44.99996566772461 0
endloop
endfacet
facet normal -1 0 0
outer loop
vertex 81.99726867675781 -46.19482421875 -1.6666579246520996
vertex 81.99726867675781 -45.45735168457031 -0.26252979040145874
vertex 81.99726867675781 -44.99996566772461 -4
endloop
endfacet
facet normal 1 0 0
outer loop
vertex 81.197265625 -47.66497039794922 -1.5
vertex 81.197265625 -46.8685302734375 -1.5949000120162964
vertex 81.197265625 -46.8685302734375 -0.4050999879837036
endloop
endfacet
facet normal 1 0 0
outer loop
vertex 81.197265625 -46.8685302734375 -0.4050999879837036
vertex 81.197265625 -46.8685302734375 -1.5949000120162964
vertex 81.197265625 -46.194618225097656 -1.666679859161377
endloop
endfacet
facet normal -1 0 0
outer loop
vertex 81.99726867675781 -46.8685302734375 -1.5949000120162964
vertex 81.99726867675781 -47.66497039794922 -1.5
vertex 81.99726867675781 -46.8685302734375 -0.4050999879837036
endloop
endfacet
facet normal -1 0 0
outer loop
vertex 81.99726867675781 -46.19482421875 -1.6666579246520996
vertex 81.99726867675781 -46.8685302734375 -1.5949000120162964
vertex 81.99726867675781 -46.8685302734375 -0.4050999879837036
endloop
endfacet
facet normal -1 0 0
outer loop
vertex 81.99726867675781 -45.45735168457031 -0.26252979040145874
vertex 81.99726867675781 -45.19482421875 0
vertex 81.99726867675781 -44.99996566772461 -4
endloop
endfacet
facet normal -1 0 0
outer loop
vertex 81.99726867675781 -45.19482421875 0
vertex 81.99726867675781 -44.99996566772461 0
vertex 81.99726867675781 -44.99996566772461 -4
endloop
endfacet
facet normal -0.9807832014732841 0.19510077321173103 0
outer loop
vertex 87.5972671508789 -44.49996566772461 0
vertex 87.5972671508789 -44.49996566772461 -4
vertex 87.5592041015625 -44.69131088256836 0
endloop
endfacet
facet normal -0.007192559633405969 0.9999741332084146 0
outer loop
vertex 87.28860473632812 -44.96190643310547 0
vertex 81.99726867675781 -44.99996566772461 -4
vertex 81.99726867675781 -44.99996566772461 0
endloop
endfacet
facet normal -1 0 0
outer loop
vertex 87.5972671508789 -43.49996566772461 -5
vertex 87.5972671508789 -44.49996566772461 0
vertex 87.5972671508789 -43.49996566772461 0
endloop
endfacet
facet normal -0.8314722502285505 0.555566285064051 0
outer loop
vertex 87.5592041015625 -44.69131088256836 0
vertex 87.5592041015625 -44.69131088256836 -4
vertex 87.45082092285156 -44.853519439697266 0
endloop
endfacet
facet normal -0.5555617383814266 0.831475288175546 0
outer loop
vertex 87.45082092285156 -44.853519439697266 0
vertex 87.45082092285156 -44.853519439697266 -4
vertex 87.28860473632812 -44.96190643310547 0
endloop
endfacet
facet normal 1 0 0
outer loop
vertex 81.197265625 -47.66497039794922 -0.5
vertex 81.197265625 -47.66497039794922 -1.5
vertex 81.197265625 -46.8685302734375 -0.4050999879837036
endloop
endfacet
facet normal 1 0 0
outer loop
vertex 81.197265625 -46.8685302734375 -0.4050999879837036
vertex 81.197265625 -46.194618225097656 -1.666679859161377
vertex 81.197265625 -46.07096481323242 -0.32014966011047363
endloop
endfacet
facet normal -1 0 0
outer loop
vertex 81.99726867675781 -46.8685302734375 -0.4050999879837036
vertex 81.99726867675781 -47.66497039794922 -1.5
vertex 81.99726867675781 -47.66497039794922 -0.5
endloop
endfacet
facet normal 1 0 0
outer loop
vertex 81.197265625 -45.45712661743164 -0.2625085115432739
vertex 81.197265625 -46.194618225097656 -1.666679859161377
vertex 81.197265625 -45.194618225097656 0
endloop
endfacet
facet normal -1 0 0
outer loop
vertex 81.99726867675781 -46.19482421875 -1.6666579246520996
vertex 81.99726867675781 -46.8685302734375 -0.4050999879837036
vertex 81.99726867675781 -46.07096481323242 -0.32014966011047363
endloop
endfacet
facet normal 1 0 0
outer loop
vertex 81.197265625 -46.07096481323242 -0.32014966011047363
vertex 81.197265625 -46.194618225097656 -1.666679859161377
vertex 81.197265625 -45.45712661743164 -0.2625085115432739
endloop
endfacet
facet normal -0.8314471315576009 -0.5556038763585415 0
outer loop
vertex -77.72802734375 -38.19365310668945 -4.099999904632568
vertex -77.65119934082031 -38.308624267578125 0
vertex -77.72802734375 -38.19365310668945 0
endloop
endfacet
facet normal 1 0 0
outer loop
vertex -84.01313781738281 -41.8685302734375 -1.5949000120162964
vertex -84.01313781738281 -41.18973922729492 -1.6671993732452393
vertex -84.01313781738281 -41.07096481323242 -0.32014966011047363
endloop
endfacet
facet normal 1 0 0
outer loop
vertex -84.01313781738281 -42.66497039794922 -0.5
vertex -84.01313781738281 -42.66497039794922 -1.5
vertex -84.01313781738281 -41.8685302734375 -0.4050999879837036
endloop
endfacet
facet normal 0 0 1
outer loop
vertex -89.61314392089844 -41.188777923583984 -5
vertex -89.57508087158203 -38.308624267578125 -5
vertex -89.61314392089844 -38.49996566772461 -5
endloop
endfacet
facet normal 0 0 1
outer loop
vertex -89.57508087158203 -38.308624267578125 -5
vertex -89.61314392089844 -41.188777923583984 -5
vertex -89.4666976928711 -38.14641571044922 -5
endloop
endfacet
facet normal 0 0 1
outer loop
vertex -89.4666976928711 -38.14641571044922 -5
vertex -89.61314392089844 -41.188777923583984 -5
vertex -89.30448150634766 -38.038028717041016 -5
endloop
endfacet
facet normal 1 0 0
outer loop
vertex -89.61314392089844 -41.188777923583984 -5
vertex -89.61314392089844 -38.49996566772461 -5
vertex -89.61314392089844 -39.49996566772461 -4
endloop
endfacet
facet normal 1 0 0
outer loop
vertex -89.61314392089844 -41.188777923583984 -4
vertex -89.61314392089844 -41.188777923583984 -5
vertex -89.61314392089844 -39.49996566772461 -4
endloop
endfacet
facet normal 0.8314722502277978 -0.5555662850635481 -0.0000013456454325417948
outer loop
vertex -89.4666976928711 -38.14641571044922 -5
vertex -89.4978256225586 -38.1930046081543 -4.099999904632568
vertex -89.57508087158203 -38.308624267578125 -5
endloop
endfacet
facet normal 0.5555617383814266 -0.831475288175546 0
outer loop
vertex -89.4666976928711 -38.14641571044922 -5
vertex -89.30448150634766 -38.038028717041016 -5
vertex -89.30448150634766 -38.038028717041016 -4.099999904632568
endloop
endfacet
facet normal 0.8314842583107298 -0.5555483130938799 0
outer loop
vertex -89.4978256225586 -38.1930046081543 -4.099999904632568
vertex -89.4666976928711 -38.14641571044922 -5
vertex -89.4666976928711 -38.14641571044922 -4.099999904632568
endloop
endfacet
facet normal 0.5555617383814266 -0.831475288175546 0
outer loop
vertex -89.4666976928711 -38.14641571044922 -4.099999904632568
vertex -89.4666976928711 -38.14641571044922 -5
vertex -89.30448150634766 -38.038028717041016 -4.099999904632568
endloop
endfacet
facet normal 0 0 1
outer loop
vertex -89.30448150634766 -38.038028717041016 -5
vertex -89.61314392089844 -41.188777923583984 -5
vertex -77.92179870605469 -38.038028717041016 -5
endloop
endfacet
facet normal 0 0 1
outer loop
vertex -77.61314392089844 -41.19084167480469 -5
vertex -77.61314392089844 -38.49996566772461 -5
vertex -89.61314392089844 -41.188777923583984 -5
endloop
endfacet
facet normal 0 0 1
outer loop
vertex -89.61314392089844 -41.188777923583984 -5
vertex -77.61314392089844 -38.49996566772461 -5
vertex -77.65119934082031 -38.308624267578125 -5
endloop
endfacet
facet normal 0 0 1
outer loop
vertex -89.61314392089844 -41.188777923583984 -5
vertex -77.65119934082031 -38.308624267578125 -5
vertex -77.75959014892578 -38.14641571044922 -5
endloop
endfacet
facet normal 0 0 1
outer loop
vertex -77.92179870605469 -38.038028717041016 -5
vertex -89.61314392089844 -41.188777923583984 -5
vertex -77.75959014892578 -38.14641571044922 -5
endloop
endfacet
facet normal 0 -1 0
outer loop
vertex -89.30448150634766 -38.038028717041016 -5
vertex -77.92179870605469 -38.038028717041016 -5
vertex -89.30448150634766 -38.038028717041016 -4.099999904632568
endloop
endfacet
facet normal 0 -1 0
outer loop
vertex -89.30448150634766 -38.038028717041016 -4.099999904632568
vertex -77.92179870605469 -38.038028717041016 -5
vertex -77.92179870605469 -38.038028717041016 -4.099999904632568
endloop
endfacet
facet normal -1 0 0
outer loop
vertex -77.61314392089844 -38.49996566772461 -5
vertex -77.61314392089844 -41.19084167480469 -5
vertex -77.61314392089844 -39.49996566772461 -4
endloop
endfacet
facet normal -1 0 0
outer loop
vertex -77.61314392089844 -39.49996566772461 -4
vertex -77.61314392089844 -41.19084167480469 -5
vertex -77.61314392089844 -41.19084167480469 -4
endloop
endfacet
facet normal -0.5555798033776966 -0.83146321751404 0
outer loop
vertex -77.92179870605469 -38.038028717041016 -5
vertex -77.75959014892578 -38.14641571044922 -5
vertex -77.75959014892578 -38.14641571044922 -4.099999904632568
endloop
endfacet
facet normal -0.8314541847744249 -0.5555933212497179 -0.0000019504638794999245
outer loop
vertex -77.75959014892578 -38.14641571044922 -5
vertex -77.65119934082031 -38.308624267578125 -5
vertex -77.72802734375 -38.19365310668945 -4.099999904632568
endloop
endfacet
facet normal -0.5555798033776966 -0.83146321751404 0
outer loop
vertex -77.92179870605469 -38.038028717041016 -4.099999904632568
vertex -77.92179870605469 -38.038028717041016 -5
vertex -77.75959014892578 -38.14641571044922 -4.099999904632568
endloop
endfacet
facet normal -0.8314713515536557 -0.5555676300375473 0
outer loop
vertex -77.75959014892578 -38.14641571044922 -4.099999904632568
vertex -77.75959014892578 -38.14641571044922 -5
vertex -77.72802734375 -38.19365310668945 -4.099999904632568
endloop
endfacet
facet normal 0 0 -1
outer loop
vertex -89.61314392089844 -41.188777923583984 -4
vertex -89.30448150634766 -39.96190643310547 -4
vertex -89.11314392089844 -39.99996566772461 -4
endloop
endfacet
facet normal 0 0 -1
outer loop
vertex -89.61314392089844 -41.188777923583984 -4
vertex -89.4666976928711 -39.853519439697266 -4
vertex -89.30448150634766 -39.96190643310547 -4
endloop
endfacet
facet normal 0 0 -1
outer loop
vertex -89.4666976928711 -39.853519439697266 -4
vertex -89.61314392089844 -41.188777923583984 -4
vertex -89.57508087158203 -39.69131088256836 -4
endloop
endfacet
facet normal 0 0 -1
outer loop
vertex -89.57508087158203 -39.69131088256836 -4
vertex -89.61314392089844 -41.188777923583984 -4
vertex -89.61314392089844 -39.49996566772461 -4
endloop
endfacet
facet normal 0 0 -1
outer loop
vertex -89.11314392089844 -39.99996566772461 -4
vertex -84.01313781738281 -41.18973922729492 -4
vertex -89.61314392089844 -41.188777923583984 -4
endloop
endfacet
facet normal 0.980782457176804 -0.19510451479714808 0
outer loop
vertex -89.61314392089844 -38.49996566772461 -5
vertex -89.57508087158203 -38.308624267578125 -5
vertex -89.57508087158203 -38.308624267578125 0
endloop
endfacet
facet normal 1 0 0
outer loop
vertex -89.61314392089844 -39.49996566772461 -4
vertex -89.61314392089844 -38.49996566772461 -5
vertex -89.61314392089844 -38.49996566772461 0
endloop
endfacet
facet normal 0.19508944693220684 0.980785454467839 0
outer loop
vertex -89.11314392089844 -39.99996566772461 -4
vertex -89.30448150634766 -39.96190643310547 -4
vertex -89.30448150634766 -39.96190643310547 0
endloop
endfacet
facet normal 0.8314722502285505 0.555566285064051 0
outer loop
vertex -89.4666976928711 -39.853519439697266 -4
vertex -89.57508087158203 -39.69131088256836 -4
vertex -89.57508087158203 -39.69131088256836 0
endloop
endfacet
facet normal 0.9807832014732841 0.19510077321173103 0
outer loop
vertex -89.57508087158203 -39.69131088256836 -4
vertex -89.61314392089844 -39.49996566772461 -4
vertex -89.61314392089844 -39.49996566772461 0
endloop
endfacet
facet normal 0.5555617383814266 0.831475288175546 0
outer loop
vertex -89.30448150634766 -39.96190643310547 -4
vertex -89.4666976928711 -39.853519439697266 -4
vertex -89.4666976928711 -39.853519439697266 0
endloop
endfacet
facet normal 0.8314674115646521 -0.5555735266424935 0
outer loop
vertex -89.57508087158203 -38.308624267578125 0
vertex -89.57508087158203 -38.308624267578125 -5
vertex -89.4978256225586 -38.1930046081543 -4.099999904632568
endloop
endfacet
facet normal 0 0 -1
outer loop
vertex -84.01313781738281 -41.18973922729492 -4
vertex -89.11314392089844 -39.99996566772461 -4
vertex -84.01313781738281 -39.99996566772461 -4
endloop
endfacet
facet normal 0 0 -1
outer loop
vertex -83.21314239501953 -39.99996566772461 -4
vertex -77.61314392089844 -41.19084167480469 -4
vertex -83.21314239501953 -41.189876556396484 -4
endloop
endfacet
facet normal 1 0 0
outer loop
vertex -84.01313781738281 -39.99996566772461 -4
vertex -84.01313781738281 -41.18973922729492 -1.6671993732452393
vertex -84.01313781738281 -41.18973922729492 -4
endloop
endfacet
facet normal -1 0 0
outer loop
vertex -83.21314239501953 -39.99996566772461 -4
vertex -83.21314239501953 -41.189876556396484 -4
vertex -83.21314239501953 -41.189876556396484 -1.6671847105026245
endloop
endfacet
facet normal 0 0 -1
outer loop
vertex -77.61314392089844 -41.19084167480469 -4
vertex -83.21314239501953 -39.99996566772461 -4
vertex -77.92179870605469 -39.96190643310547 -4
endloop
endfacet
facet normal 0 0 -1
outer loop
vertex -77.61314392089844 -41.19084167480469 -4
vertex -77.92179870605469 -39.96190643310547 -4
vertex -77.75959014892578 -39.853519439697266 -4
endloop
endfacet
facet normal 0 0 -1
outer loop
vertex -77.61314392089844 -41.19084167480469 -4
vertex -77.75959014892578 -39.853519439697266 -4
vertex -77.65119934082031 -39.69131088256836 -4
endloop
endfacet
facet normal 0 0 -1
outer loop
vertex -77.61314392089844 -39.49996566772461 -4
vertex -77.61314392089844 -41.19084167480469 -4
vertex -77.65119934082031 -39.69131088256836 -4
endloop
endfacet
facet normal -0.9807899398239572 -0.19506689606419184 0
outer loop
vertex -77.65119934082031 -38.308624267578125 -5
vertex -77.61314392089844 -38.49996566772461 -5
vertex -77.61314392089844 -38.49996566772461 0
endloop
endfacet
facet normal 0 1 0
outer loop
vertex -84.01313781738281 -39.99996566772461 -4
vertex -89.11314392089844 -39.99996566772461 -4
vertex -84.01313781738281 -39.99996566772461 0
endloop
endfacet
facet normal -1 0 0
outer loop
vertex -77.61314392089844 -38.49996566772461 -5
vertex -77.61314392089844 -39.49996566772461 -4
vertex -77.61314392089844 -39.49996566772461 0
endloop
endfacet
facet normal -0.007192549263254353 0.9999741332830042 0
outer loop
vertex -77.92179870605469 -39.96190643310547 -4
vertex -83.21314239501953 -39.99996566772461 -4
vertex -77.92179870605469 -39.96190643310547 0
endloop
endfacet
facet normal -0.5555798033776966 0.83146321751404 0
outer loop
vertex -77.75959014892578 -39.853519439697266 -4
vertex -77.92179870605469 -39.96190643310547 -4
vertex -77.92179870605469 -39.96190643310547 0
endloop
endfacet
facet normal -0.8314541847760064 0.5555933212507748 0
outer loop
vertex -77.65119934082031 -39.69131088256836 -4
vertex -77.75959014892578 -39.853519439697266 -4
vertex -77.75959014892578 -39.853519439697266 0
endloop
endfacet
facet normal -0.9807906838391206 0.19506315514312336 0
outer loop
vertex -77.61314392089844 -39.49996566772461 -4
vertex -77.65119934082031 -39.69131088256836 -4
vertex -77.65119934082031 -39.69131088256836 0
endloop
endfacet
facet normal -0.831447131557601 -0.5556038763585415 0
outer loop
vertex -77.72802734375 -38.19365310668945 -4.099999904632568
vertex -77.65119934082031 -38.308624267578125 -5
vertex -77.65119934082031 -38.308624267578125 0
endloop
endfacet
facet normal 0.5555617383814266 0.831475288175546 0
outer loop
vertex -89.30448150634766 -39.96190643310547 0
vertex -89.30448150634766 -39.96190643310547 -4
vertex -89.4666976928711 -39.853519439697266 0
endloop
endfacet
facet normal 0.19508944693220684 0.980785454467839 0
outer loop
vertex -89.11314392089844 -39.99996566772461 -4
vertex -89.30448150634766 -39.96190643310547 0
vertex -89.11314392089844 -39.99996566772461 0
endloop
endfacet
facet normal 0.8314722502285505 0.555566285064051 0
outer loop
vertex -89.4666976928711 -39.853519439697266 0
vertex -89.4666976928711 -39.853519439697266 -4
vertex -89.57508087158203 -39.69131088256836 0
endloop
endfacet
facet normal 0.9807832014732841 0.19510077321173103 0
outer loop
vertex -89.57508087158203 -39.69131088256836 0
vertex -89.57508087158203 -39.69131088256836 -4
vertex -89.61314392089844 -39.49996566772461 0
endloop
endfacet
facet normal 1 0 0
outer loop
vertex -89.61314392089844 -39.49996566772461 0
vertex -89.61314392089844 -39.49996566772461 -4
vertex -89.61314392089844 -38.49996566772461 0
endloop
endfacet
facet normal 0 1 0
outer loop
vertex -84.01313781738281 -39.99996566772461 0
vertex -89.11314392089844 -39.99996566772461 -4
vertex -89.11314392089844 -39.99996566772461 0
endloop
endfacet
facet normal 0.980782457176804 -0.19510451479714808 0
outer loop
vertex -89.61314392089844 -38.49996566772461 0
vertex -89.61314392089844 -38.49996566772461 -5
vertex -89.57508087158203 -38.308624267578125 0
endloop
endfacet
facet normal -1 0 0
outer loop
vertex -83.21314239501953 -39.99996566772461 0
vertex -83.21314239501953 -41.189876556396484 -1.6671847105026245
vertex -83.21314239501953 -40.189876556396484 0
endloop
endfacet
facet normal 1 0 0
outer loop
vertex -84.01313781738281 -40.18973922729492 0
vertex -84.01313781738281 -41.18973922729492 -1.6671993732452393
vertex -84.01313781738281 -39.99996566772461 0
endloop
endfacet
facet normal -1 0 0
outer loop
vertex -83.21314239501953 -40.4518928527832 -0.26201730966567993
vertex -83.21314239501953 -40.189876556396484 0
vertex -83.21314239501953 -41.189876556396484 -1.6671847105026245
endloop
endfacet
facet normal -1 0 0
outer loop
vertex -83.21314239501953 -41.07096481323242 -0.32014966011047363
vertex -83.21314239501953 -40.4518928527832 -0.26201730966567993
vertex -83.21314239501953 -41.189876556396484 -1.6671847105026245
endloop
endfacet
facet normal 1 0 0
outer loop
vertex -84.01313781738281 -40.451744079589844 -0.2620030641555786
vertex -84.01313781738281 -41.18973922729492 -1.6671993732452393
vertex -84.01313781738281 -40.18973922729492 0
endloop
endfacet
facet normal 1 0 0
outer loop
vertex -84.01313781738281 -41.07096481323242 -0.32014966011047363
vertex -84.01313781738281 -41.18973922729492 -1.6671993732452393
vertex -84.01313781738281 -40.451744079589844 -0.2620030641555786
endloop
endfacet
facet normal -1 0 0
outer loop
vertex -83.21314239501953 -41.189876556396484 -1.6671847105026245
vertex -83.21314239501953 -41.8685302734375 -0.4050999879837036
vertex -83.21314239501953 -41.07096481323242 -0.32014966011047363
endloop
endfacet
facet normal 0.8314674115646521 -0.5555735266424934 0
outer loop
vertex -89.57508087158203 -38.308624267578125 0
vertex -89.4978256225586 -38.1930046081543 -4.099999904632568
vertex -89.4978256225586 -38.1930046081543 0
endloop
endfacet
facet normal 1 0 0
outer loop
vertex -84.01313781738281 -42.66497039794922 -1.5
vertex -84.01313781738281 -41.8685302734375 -1.5949000120162964
vertex -84.01313781738281 -41.8685302734375 -0.4050999879837036
endloop
endfacet
facet normal -0.9807899398239572 -0.19506689606419184 0
outer loop
vertex -77.65119934082031 -38.308624267578125 0
vertex -77.65119934082031 -38.308624267578125 -5
vertex -77.61314392089844 -38.49996566772461 0
endloop
endfacet
facet normal -0.9807906838391206 0.19506315514312336 0
outer loop
vertex -77.61314392089844 -39.49996566772461 0
vertex -77.61314392089844 -39.49996566772461 -4
vertex -77.65119934082031 -39.69131088256836 0
endloop
endfacet
facet normal -0.8314541847760064 0.5555933212507748 0
outer loop
vertex -77.65119934082031 -39.69131088256836 0
vertex -77.65119934082031 -39.69131088256836 -4
vertex -77.75959014892578 -39.853519439697266 0
endloop
endfacet
facet normal -0.5555798033776966 0.83146321751404 0
outer loop
vertex -77.75959014892578 -39.853519439697266 0
vertex -77.75959014892578 -39.853519439697266 -4
vertex -77.92179870605469 -39.96190643310547 0
endloop
endfacet
facet normal -1 0 0
outer loop
vertex -83.21314239501953 -42.66497039794922 -1.5
vertex -83.21314239501953 -41.8685302734375 -0.4050999879837036
vertex -83.21314239501953 -41.8685302734375 -1.5949000120162964
endloop
endfacet
facet normal 1 0 0
outer loop
vertex -84.01313781738281 -41.8685302734375 -0.4050999879837036
vertex -84.01313781738281 -41.8685302734375 -1.5949000120162964
vertex -84.01313781738281 -41.07096481323242 -0.32014966011047363
endloop
endfacet
facet normal -1 0 0
outer loop
vertex -83.21314239501953 -41.8685302734375 -0.4050999879837036
vertex -83.21314239501953 -42.66497039794922 -1.5
vertex -83.21314239501953 -42.66497039794922 -0.5
endloop
endfacet
facet normal -1 0 0
outer loop
vertex -77.61314392089844 -38.49996566772461 0
vertex -77.61314392089844 -38.49996566772461 -5
vertex -77.61314392089844 -39.49996566772461 0
endloop
endfacet
facet normal 1 0 0
outer loop
vertex -84.01313781738281 -41.18973922729492 -1.6671993732452393
vertex -84.01313781738281 -39.99996566772461 -4
vertex -84.01313781738281 -39.99996566772461 0
endloop
endfacet
facet normal -0.007192549263254353 0.9999741332830042 0
outer loop
vertex -77.92179870605469 -39.96190643310547 0
vertex -83.21314239501953 -39.99996566772461 -4
vertex -83.21314239501953 -39.99996566772461 0
endloop
endfacet
facet normal -1 0 0
outer loop
vertex -83.21314239501953 -41.189876556396484 -1.6671847105026245
vertex -83.21314239501953 -41.8685302734375 -1.5949000120162964
vertex -83.21314239501953 -41.8685302734375 -0.4050999879837036
endloop
endfacet
facet normal -1 0 0
outer loop
vertex -83.21314239501953 -39.99996566772461 -4
vertex -83.21314239501953 -41.189876556396484 -1.6671847105026245
vertex -83.21314239501953 -39.99996566772461 0
endloop
endfacet
facet normal 0 0 -1
outer loop
vertex 2.386859178543091 -41.20460510253906 -4
vertex 2.6955173015594482 -39.96190643310547 -4
vertex 2.886859178543091 -39.99996566772461 -4
endloop
endfacet
facet normal 1 0 0
outer loop
vertex 7.986859321594238 -40.205570220947266 0
vertex 7.986859321594238 -41.205570220947266 -1.6655133962631226
vertex 7.986859321594238 -39.99996566772461 0
endloop
endfacet
facet normal -1 0 0
outer loop
vertex 8.786859512329102 -39.99996566772461 -4
vertex 8.786859512329102 -41.20570755004883 -4
vertex 8.786859512329102 -41.20570755004883 -1.6654987335205078
endloop
endfacet
facet normal 0.9807852633251952 -0.19509040787318935 0
outer loop
vertex 2.386859178543091 -38.49996566772461 -5
vertex 2.424919366836548 -38.308624267578125 -5
vertex 2.424919366836548 -38.308624267578125 0
endloop
endfacet
facet normal 0 0 1
outer loop
vertex 2.386859178543091 -41.20460510253906 -5
vertex 2.424919366836548 -38.308624267578125 -5
vertex 2.386859178543091 -38.49996566772461 -5
endloop
endfacet
facet normal 0 0 1
outer loop
vertex 2.424919366836548 -38.308624267578125 -5
vertex 2.386859178543091 -41.20460510253906 -5
vertex 2.5333056449890137 -38.14641571044922 -5
endloop
endfacet
facet normal -0.8314682090079669 -0.555572333192613 0
outer loop
vertex 14.275362014770508 -38.1987190246582 0
vertex 14.275362014770508 -38.1987190246582 -4.099999904632568
vertex 14.348798751831055 -38.308624267578125 0
endloop
endfacet
facet normal -0.9807852633251952 -0.19509040787318935 0
outer loop
vertex 14.348798751831055 -38.308624267578125 0
vertex 14.348798751831055 -38.308624267578125 -5
vertex 14.386858940124512 -38.49996566772461 0
endloop
endfacet
facet normal -0.9807860075161765 0.19508666653689738 0
outer loop
vertex 14.386858940124512 -39.49996566772461 0
vertex 14.386858940124512 -39.49996566772461 -4
vertex 14.348798751831055 -39.69131088256836 0
endloop
endfacet
facet normal -1 0 0
outer loop
vertex 8.786859512329102 -41.8685302734375 -1.5949000120162964
vertex 8.786859512329102 -42.66497039794922 -1.5
vertex 8.786859512329102 -41.8685302734375 -0.4050999879837036
endloop
endfacet
facet normal 1 0 0
outer loop
vertex 7.986859321594238 -42.66497039794922 -1.5
vertex 7.986859321594238 -41.8685302734375 -1.5949000120162964
vertex 7.986859321594238 -41.8685302734375 -0.4050999879837036
endloop
endfacet
facet normal -1 0 0
outer loop
vertex 8.786859512329102 -41.20570755004883 -1.6654987335205078
vertex 8.786859512329102 -40.469364166259766 -0.26365771889686584
vertex 8.786859512329102 -39.99996566772461 -4
endloop
endfacet
facet normal 0.831467758262971 -0.5555730077758906 0
outer loop
vertex 2.4987895488739014 -38.19807052612305 0
vertex 2.424919366836548 -38.308624267578125 0
vertex 2.4987895488739014 -38.19807052612305 -4.099999904632568
endloop
endfacet
facet normal -0.831468209007967 -0.555572333192613 0
outer loop
vertex 14.275362014770508 -38.1987190246582 -4.099999904632568
vertex 14.348798751831055 -38.308624267578125 -5
vertex 14.348798751831055 -38.308624267578125 0
endloop
endfacet
facet normal -0.9807860075161765 0.19508666653689738 0
outer loop
vertex 14.386858940124512 -39.49996566772461 -4
vertex 14.348798751831055 -39.69131088256836 -4
vertex 14.348798751831055 -39.69131088256836 0
endloop
endfacet
facet normal -0.8314654756948735 0.5555764238405888 0
outer loop
vertex 14.348798751831055 -39.69131088256836 -4
vertex 14.240412712097168 -39.853519439697266 -4
vertex 14.240412712097168 -39.853519439697266 0
endloop
endfacet
facet normal -0.5555707707654927 0.8314692529919772 0
outer loop
vertex 14.240412712097168 -39.853519439697266 -4
vertex 14.078200340270996 -39.96190643310547 -4
vertex 14.078200340270996 -39.96190643310547 0
endloop
endfacet
facet normal -0.007192553152057705 0.9999741332550333 0
outer loop
vertex 14.078200340270996 -39.96190643310547 -4
vertex 8.786859512329102 -39.99996566772461 -4
vertex 14.078200340270996 -39.96190643310547 0
endloop
endfacet
facet normal -1 0 0
outer loop
vertex 14.386858940124512 -38.49996566772461 -5
vertex 14.386858940124512 -39.49996566772461 -4
vertex 14.386858940124512 -39.49996566772461 0
endloop
endfacet
facet normal 1 0 0
outer loop
vertex 7.986859321594238 -41.8685302734375 -1.5949000120162964
vertex 7.986859321594238 -41.205570220947266 -1.6655133962631226
vertex 7.986859321594238 -41.07096481323242 -0.32014966011047363
endloop
endfacet
facet normal -0.8314654756948735 0.5555764238405888 0
outer loop
vertex 14.348798751831055 -39.69131088256836 0
vertex 14.348798751831055 -39.69131088256836 -4
vertex 14.240412712097168 -39.853519439697266 0
endloop
endfacet
facet normal -0.5555707707654927 0.8314692529919772 0
outer loop
vertex 14.240412712097168 -39.853519439697266 0
vertex 14.240412712097168 -39.853519439697266 -4
vertex 14.078200340270996 -39.96190643310547 0
endloop
endfacet
facet normal 0 0 1
outer loop
vertex 2.5333056449890137 -38.14641571044922 -5
vertex 2.386859178543091 -41.20460510253906 -5
vertex 2.6955173015594482 -38.038028717041016 -5
endloop
endfacet
facet normal 1 0 0
outer loop
vertex 2.386859178543091 -41.20460510253906 -5
vertex 2.386859178543091 -38.49996566772461 -5
vertex 2.386859178543091 -39.49996566772461 -4
endloop
endfacet
facet normal 1 0 0
outer loop
vertex 2.386859178543091 -41.20460510253906 -5
vertex 2.386859178543091 -39.49996566772461 -4
vertex 2.386859178543091 -41.20460510253906 -4
endloop
endfacet
facet normal -1 0 0
outer loop
vertex 14.386858940124512 -38.49996566772461 0
vertex 14.386858940124512 -38.49996566772461 -5
vertex 14.386858940124512 -39.49996566772461 0
endloop
endfacet
facet normal 0.8314649111495647 -0.555577268727288 7.570898139427853e-7
outer loop
vertex 2.424919366836548 -38.308624267578125 -5
vertex 2.5333056449890137 -38.14641571044922 -5
vertex 2.4987895488739014 -38.19807052612305 -4.099999904632568
endloop
endfacet
facet normal 0.5555724643629031 -0.831468121362287 0
outer loop
vertex 2.5333056449890137 -38.14641571044922 -5
vertex 2.6955173015594482 -38.038028717041016 -5
vertex 2.6955173015594482 -38.038028717041016 -4.099999904632568
endloop
endfacet
facet normal 0.8314588176343265 -0.5555863880425148 0
outer loop
vertex 2.5333056449890137 -38.14641571044922 -4.099999904632568
vertex 2.4987895488739014 -38.19807052612305 -4.099999904632568
vertex 2.5333056449890137 -38.14641571044922 -5
endloop
endfacet
facet normal 0.5555724643629031 -0.831468121362287 0
outer loop
vertex 2.6955173015594482 -38.038028717041016 -4.099999904632568
vertex 2.5333056449890137 -38.14641571044922 -4.099999904632568
vertex 2.5333056449890137 -38.14641571044922 -5
endloop
endfacet
facet normal -1 0 0
outer loop
vertex 8.786859512329102 -41.20570755004883 -1.6654987335205078
vertex 8.786859512329102 -41.8685302734375 -1.5949000120162964
vertex 8.786859512329102 -41.8685302734375 -0.4050999879837036
endloop
endfacet
facet normal 0 0 1
outer loop
vertex 2.6955173015594482 -38.038028717041016 -5
vertex 2.386859178543091 -41.20460510253906 -5
vertex 14.078200340270996 -38.038028717041016 -5
endloop
endfacet
facet normal 0 0 -1
outer loop
vertex 14.386858940124512 -39.49996566772461 -4
vertex 14.386858940124512 -41.206668853759766 -4
vertex 14.348798751831055 -39.69131088256836 -4
endloop
endfacet
facet normal 1 0 0
outer loop
vertex 7.986859321594238 -42.66497039794922 -0.5
vertex 7.986859321594238 -42.66497039794922 -1.5
vertex 7.986859321594238 -41.8685302734375 -0.4050999879837036
endloop
endfacet
facet normal -1 0 0
outer loop
vertex 8.786859512329102 -41.8685302734375 -0.4050999879837036
vertex 8.786859512329102 -42.66497039794922 -1.5
vertex 8.786859512329102 -42.66497039794922 -0.5
endloop
endfacet
facet normal 0.5555724643629031 0.831468121362287 0
outer loop
vertex 2.6955173015594482 -39.96190643310547 0
vertex 2.6955173015594482 -39.96190643310547 -4
vertex 2.5333056449890137 -39.853519439697266 0
endloop
endfacet
facet normal 0 0 1
outer loop
vertex 14.386858940124512 -41.206668853759766 -5
vertex 14.386858940124512 -38.49996566772461 -5
vertex 2.386859178543091 -41.20460510253906 -5
endloop
endfacet
facet normal 0 0 1
outer loop
vertex 2.386859178543091 -41.20460510253906 -5
vertex 14.348798751831055 -38.308624267578125 -5
vertex 14.240412712097168 -38.14641571044922 -5
endloop
endfacet
facet normal 0 0 1
outer loop
vertex 2.386859178543091 -41.20460510253906 -5
vertex 14.386858940124512 -38.49996566772461 -5
vertex 14.348798751831055 -38.308624267578125 -5
endloop
endfacet
facet normal 0 0 1
outer loop
vertex 14.078200340270996 -38.038028717041016 -5
vertex 2.386859178543091 -41.20460510253906 -5
vertex 14.240412712097168 -38.14641571044922 -5
endloop
endfacet
facet normal 0 -1 0
outer loop
vertex 2.6955173015594482 -38.038028717041016 -5
vertex 14.078200340270996 -38.038028717041016 -5
vertex 2.6955173015594482 -38.038028717041016 -4.099999904632568
endloop
endfacet
facet normal 0 -1 0
outer loop
vertex 14.078200340270996 -38.038028717041016 -4.099999904632568
vertex 2.6955173015594482 -38.038028717041016 -4.099999904632568
vertex 14.078200340270996 -38.038028717041016 -5
endloop
endfacet
facet normal -1 0 0
outer loop
vertex 14.386858940124512 -38.49996566772461 -5
vertex 14.386858940124512 -41.206668853759766 -5
vertex 14.386858940124512 -39.49996566772461 -4
endloop
endfacet
facet normal -1 0 0
outer loop
vertex 14.386858940124512 -39.49996566772461 -4
vertex 14.386858940124512 -41.206668853759766 -5
vertex 14.386858940124512 -41.206668853759766 -4
endloop
endfacet
facet normal -0.5555707707654927 -0.8314692529919772 0
outer loop
vertex 14.078200340270996 -38.038028717041016 -5
vertex 14.240412712097168 -38.14641571044922 -5
vertex 14.240412712097168 -38.14641571044922 -4.099999904632568
endloop
endfacet
facet normal 0.19508523787394733 0.9807862916882889 0
outer loop
vertex 2.6955173015594482 -39.96190643310547 0
vertex 2.886859178543091 -39.99996566772461 0
vertex 2.886859178543091 -39.99996566772461 -4
endloop
endfacet
facet normal 0.831464911149803 0.5555772687274473 0
outer loop
vertex 2.424919366836548 -39.69131088256836 0
vertex 2.5333056449890137 -39.853519439697266 0
vertex 2.5333056449890137 -39.853519439697266 -4
endloop
endfacet
facet normal 0.9807860075161765 0.19508666653689738 0
outer loop
vertex 2.386859178543091 -39.49996566772461 0
vertex 2.424919366836548 -39.69131088256836 0
vertex 2.424919366836548 -39.69131088256836 -4
endloop
endfacet
facet normal -0.8314654756946566 -0.5555764238404438 7.225657616934728e-7
outer loop
vertex 14.240412712097168 -38.14641571044922 -5
vertex 14.348798751831055 -38.308624267578125 -5
vertex 14.275362014770508 -38.1987190246582 -4.099999904632568
endloop
endfacet
facet normal -0.5555707707654927 -0.8314692529919772 0
outer loop
vertex 14.078200340270996 -38.038028717041016 -4.099999904632568
vertex 14.078200340270996 -38.038028717041016 -5
vertex 14.240412712097168 -38.14641571044922 -4.099999904632568
endloop
endfacet
facet normal 1 0 0
outer loop
vertex 2.386859178543091 -38.49996566772461 0
vertex 2.386859178543091 -39.49996566772461 0
vertex 2.386859178543091 -39.49996566772461 -4
endloop
endfacet
facet normal -0.8314597321619605 -0.5555850194103159 0
outer loop
vertex 14.240412712097168 -38.14641571044922 -4.099999904632568
vertex 14.240412712097168 -38.14641571044922 -5
vertex 14.275362014770508 -38.1987190246582 -4.099999904632568
endloop
endfacet
facet normal 0 0 -1
outer loop
vertex 2.5333056449890137 -39.853519439697266 -4
vertex 2.386859178543091 -41.20460510253906 -4
vertex 2.424919366836548 -39.69131088256836 -4
endloop
endfacet
facet normal 0 0 -1
outer loop
vertex 2.424919366836548 -39.69131088256836 -4
vertex 2.386859178543091 -41.20460510253906 -4
vertex 2.386859178543091 -39.49996566772461 -4
endloop
endfacet
facet normal 0 0 -1
outer loop
vertex 2.886859178543091 -39.99996566772461 -4
vertex 7.986859321594238 -39.99996566772461 -4
vertex 2.386859178543091 -41.20460510253906 -4
endloop
endfacet
facet normal 0 0 -1
outer loop
vertex 2.386859178543091 -41.20460510253906 -4
vertex 7.986859321594238 -39.99996566772461 -4
vertex 7.986859321594238 -41.205570220947266 -4
endloop
endfacet
facet normal 1 0 0
outer loop
vertex 7.986859321594238 -41.205570220947266 -1.6655133962631226
vertex 7.986859321594238 -41.205570220947266 -4
vertex 7.986859321594238 -39.99996566772461 0
endloop
endfacet
facet normal -1 0 0
outer loop
vertex 8.786859512329102 -40.469364166259766 -0.26365771889686584
vertex 8.786859512329102 -40.20570755004883 0
vertex 8.786859512329102 -39.99996566772461 -4
endloop
endfacet
facet normal -1 0 0
outer loop
vertex 8.786859512329102 -40.20570755004883 0
vertex 8.786859512329102 -39.99996566772461 0
vertex 8.786859512329102 -39.99996566772461 -4
endloop
endfacet
facet normal -0.007192553152057705 0.9999741332550333 0
outer loop
vertex 14.078200340270996 -39.96190643310547 0
vertex 8.786859512329102 -39.99996566772461 -4
vertex 8.786859512329102 -39.99996566772461 0
endloop
endfacet
facet normal 0.9807852633251952 -0.19509040787318935 0
outer loop
vertex 2.424919366836548 -38.308624267578125 0
vertex 2.386859178543091 -38.49996566772461 0
vertex 2.386859178543091 -38.49996566772461 -5
endloop
endfacet
facet normal 0 1 0
outer loop
vertex 7.986859321594238 -39.99996566772461 0
vertex 2.886859178543091 -39.99996566772461 -4
vertex 2.886859178543091 -39.99996566772461 0
endloop
endfacet
facet normal -0.9807852633251952 -0.19509040787318935 0
outer loop
vertex 14.348798751831055 -38.308624267578125 -5
vertex 14.386858940124512 -38.49996566772461 -5
vertex 14.386858940124512 -38.49996566772461 0
endloop
endfacet
facet normal 0 0 -1
outer loop
vertex 2.6955173015594482 -39.96190643310547 -4
vertex 2.386859178543091 -41.20460510253906 -4
vertex 2.5333056449890137 -39.853519439697266 -4
endloop
endfacet
facet normal 0 0 -1
outer loop
vertex 14.386858940124512 -41.206668853759766 -4
vertex 14.240412712097168 -39.853519439697266 -4
vertex 14.348798751831055 -39.69131088256836 -4
endloop
endfacet
facet normal 0 0 -1
outer loop
vertex 14.386858940124512 -41.206668853759766 -4
vertex 14.078200340270996 -39.96190643310547 -4
vertex 14.240412712097168 -39.853519439697266 -4
endloop
endfacet
facet normal 0 0 -1
outer loop
vertex 14.386858940124512 -41.206668853759766 -4
vertex 8.786859512329102 -39.99996566772461 -4
vertex 14.078200340270996 -39.96190643310547 -4
endloop
endfacet
facet normal 0 0 -1
outer loop
vertex 8.786859512329102 -41.20570755004883 -4
vertex 8.786859512329102 -39.99996566772461 -4
vertex 14.386858940124512 -41.206668853759766 -4
endloop
endfacet
facet normal 1 0 0
outer loop
vertex 2.386859178543091 -39.49996566772461 -4
vertex 2.386859178543091 -38.49996566772461 -5
vertex 2.386859178543091 -38.49996566772461 0
endloop
endfacet
facet normal 0 1 0
outer loop
vertex 7.986859321594238 -39.99996566772461 -4
vertex 2.886859178543091 -39.99996566772461 -4
vertex 7.986859321594238 -39.99996566772461 0
endloop
endfacet
facet normal 1 0 0
outer loop
vertex 7.986859321594238 -41.205570220947266 -4
vertex 7.986859321594238 -39.99996566772461 -4
vertex 7.986859321594238 -39.99996566772461 0
endloop
endfacet
facet normal 0.8314677582629709 -0.5555730077758906 0
outer loop
vertex 2.424919366836548 -38.308624267578125 0
vertex 2.424919366836548 -38.308624267578125 -5
vertex 2.4987895488739014 -38.19807052612305 -4.099999904632568
endloop
endfacet
facet normal 0.9807860075161765 0.19508666653689738 0
outer loop
vertex 2.424919366836548 -39.69131088256836 -4
vertex 2.386859178543091 -39.49996566772461 -4
vertex 2.386859178543091 -39.49996566772461 0
endloop
endfacet
facet normal 0.5555724643629031 0.831468121362287 0
outer loop
vertex 2.6955173015594482 -39.96190643310547 -4
vertex 2.5333056449890137 -39.853519439697266 -4
vertex 2.5333056449890137 -39.853519439697266 0
endloop
endfacet
facet normal 0.831464911149803 0.5555772687274473 0
outer loop
vertex 2.5333056449890137 -39.853519439697266 -4
vertex 2.424919366836548 -39.69131088256836 -4
vertex 2.424919366836548 -39.69131088256836 0
endloop
endfacet
facet normal 0.19508523787394733 0.9807862916882889 0
outer loop
vertex 2.886859178543091 -39.99996566772461 -4
vertex 2.6955173015594482 -39.96190643310547 -4
vertex 2.6955173015594482 -39.96190643310547 0
endloop
endfacet
facet normal 1 0 0
outer loop
vertex 7.986859321594238 -41.8685302734375 -0.4050999879837036
vertex 7.986859321594238 -41.8685302734375 -1.5949000120162964
vertex 7.986859321594238 -41.07096481323242 -0.32014966011047363
endloop
endfacet
facet normal -1 0 0
outer loop
vertex 8.786859512329102 -41.20570755004883 -1.6654987335205078
vertex 8.786859512329102 -41.8685302734375 -0.4050999879837036
vertex 8.786859512329102 -41.07096481323242 -0.32014966011047363
endloop
endfacet
facet normal 1 0 0
outer loop
vertex 7.986859321594238 -41.07096481323242 -0.32014966011047363
vertex 7.986859321594238 -41.205570220947266 -1.6655133962631226
vertex 7.986859321594238 -40.46921157836914 -0.2636434733867645
endloop
endfacet
facet normal 1 0 0
outer loop
vertex 7.986859321594238 -40.46921157836914 -0.2636434733867645
vertex 7.986859321594238 -41.205570220947266 -1.6655133962631226
vertex 7.986859321594238 -40.205570220947266 0
endloop
endfacet
facet normal -1 0 0
outer loop
vertex 8.786859512329102 -40.469364166259766 -0.26365771889686584
vertex 8.786859512329102 -41.20570755004883 -1.6654987335205078
vertex 8.786859512329102 -41.07096481323242 -0.32014966011047363
endloop
endfacet
facet normal -0.6343968518902151 0.7730063662000216 0.0013387031121253402
outer loop
vertex -82.90603637695312 45.49235534667969 -3.5
vertex -82.89212799072266 45.50930404663086 -6.695642471313477
vertex -83.05757141113281 45.36799240112305 -3.5
endloop
endfacet
facet normal 0 0 -1
outer loop
vertex -83.05757141113281 45.36799240112305 -3.5
vertex -83.23046112060547 45.27558135986328 -3.5
vertex -84.61314392089844 46.199462890625 -3.5
endloop
endfacet
facet normal -0.47139501592801786 0.8819221841853303 0
outer loop
vertex -83.05757141113281 45.36799240112305 -3.5
vertex -83.05757141113281 45.36799240112305 -6.7104949951171875
vertex -83.23046112060547 45.27558135986328 -3.5
endloop
endfacet
facet normal -0.2902779678676651 0.9569423709767578 0
outer loop
vertex -83.23046112060547 45.27558135986328 -3.5
vertex -83.23046112060547 45.27558135986328 -6.720207691192627
vertex -83.41805267333984 45.21867752075195 -3.5
endloop
endfacet
facet normal -0.09801622777686082 0.9951848165503705 0
outer loop
vertex -83.41805267333984 45.21867752075195 -3.5
vertex -83.41805267333984 45.21867752075195 -6.726188659667969
vertex -83.61314392089844 45.199462890625 -3.5
endloop
endfacet
facet normal 0.09802002419897403 0.9951844426316323 0
outer loop
vertex -83.61314392089844 45.199462890625 -3.5
vertex -83.61314392089844 45.199462890625 -6.728208065032959
vertex -83.8082275390625 45.21867752075195 -3.5
endloop
endfacet
facet normal 0.29026715733711567 0.9569456501658963 0
outer loop
vertex -83.8082275390625 45.21867752075195 -3.5
vertex -83.8082275390625 45.21867752075195 -6.726188659667969
vertex -83.9958267211914 45.27558135986328 -3.5
endloop
endfacet
facet normal 0.4714111959544523 0.8819135356307855 0
outer loop
vertex -83.9958267211914 45.27558135986328 -3.5
vertex -83.9958267211914 45.27558135986328 -6.720207691192627
vertex -84.16870880126953 45.36799240112305 -3.5
endloop
endfacet
facet normal 0.6343783351518825 0.773022721457737 0
outer loop
vertex -84.16870880126953 45.36799240112305 -3.5
vertex -84.16870880126953 45.36799240112305 -6.7104949951171875
vertex -84.32025146484375 45.49235534667969 -3.5
endloop
endfacet
facet normal -0.9951835360547518 0.09802922811876245 0
outer loop
vertex -82.63235473632812 46.004371643066406 -6.084079742431641
vertex -82.63235473632812 46.004371643066406 -3.5
vertex -82.61314392089844 46.199398040771484 -5.843226432800293
endloop
endfacet
facet normal -0.9569386052164731 0.2902903819391046 0
outer loop
vertex -82.68926239013672 45.816776275634766 -6.3157830238342285
vertex -82.68926239013672 45.816776275634766 -3.5
vertex -82.63235473632812 46.004371643066406 -6.084079742431641
endloop
endfacet
facet normal -0.8819259499769285 0.47138797052671205 0
outer loop
vertex -82.78166961669922 45.643890380859375 -6.529353618621826
vertex -82.78166961669922 45.643890380859375 -3.5
vertex -82.68926239013672 45.816776275634766 -6.3157830238342285
endloop
endfacet
facet normal 0.9951903999388739 0.09795952141573198 0.000005788353185223233
outer loop
vertex -84.59392547607422 46.004371643066406 -6.085631370544434
vertex -84.6131362915039 46.19952392578125 -5.84465217590332
vertex -84.61314392089844 46.199462890625 -3.5
endloop
endfacet
facet normal 0.956938605216473 0.29029038193910456 0
outer loop
vertex -84.53701782226562 45.816776275634766 -6.317244529724121
vertex -84.59392547607422 46.004371643066406 -6.085631370544434
vertex -84.59392547607422 46.004371643066406 -3.5
endloop
endfacet
facet normal 0.8819259499769284 0.471387970526712 0
outer loop
vertex -84.44461059570312 45.643890380859375 -6.53066873550415
vertex -84.53701782226562 45.816776275634766 -6.317244529724121
vertex -84.53701782226562 45.816776275634766 -3.5
endloop
endfacet
facet normal -0.7729931902180692 0.6344143187825265 4.4125421091363026e-7
outer loop
vertex -82.78166961669922 45.643890380859375 -6.529353618621826
vertex -82.89212799072266 45.50930404663086 -6.695642471313477
vertex -82.90603637695312 45.49235534667969 -3.5
endloop
endfacet
facet normal 0.7729984208866526 0.6344079454946487 0
outer loop
vertex -84.44461059570312 45.643890380859375 -3.5
vertex -84.3349838256836 45.51031494140625 -6.695536136627197
vertex -84.44461059570312 45.643890380859375 -6.53066873550415
endloop
endfacet
facet normal -0.6494736014933736 0.7603841403943314 0
outer loop
vertex -82.89212799072266 45.50930404663086 -6.695642471313477
vertex -83.05757141113281 45.36799240112305 -6.7104949951171875
vertex -83.05757141113281 45.36799240112305 -3.5
endloop
endfacet
facet normal -0.47139501592801786 0.8819221841853303 0
outer loop
vertex -83.05757141113281 45.36799240112305 -6.7104949951171875
vertex -83.23046112060547 45.27558135986328 -6.720207691192627
vertex -83.23046112060547 45.27558135986328 -3.5
endloop
endfacet
facet normal -0.2902779678676651 0.9569423709767579 0
outer loop
vertex -83.23046112060547 45.27558135986328 -6.720207691192627
vertex -83.41805267333984 45.21867752075195 -6.726188659667969
vertex -83.41805267333984 45.21867752075195 -3.5
endloop
endfacet
facet normal -0.09801622777686082 0.9951848165503705 0
outer loop
vertex -83.41805267333984 45.21867752075195 -6.726188659667969
vertex -83.61314392089844 45.199462890625 -6.728208065032959
vertex -83.61314392089844 45.199462890625 -3.5
endloop
endfacet
facet normal 0.7730166016825205 0.6343857923383891 0.0000015497304046367658
outer loop
vertex -84.32025146484375 45.49235534667969 -3.5
vertex -84.3349838256836 45.51031494140625 -6.695536136627197
vertex -84.44461059570312 45.643890380859375 -3.5
endloop
endfacet
facet normal 0.47141119595445236 0.8819135356307856 0
outer loop
vertex -83.9958267211914 45.27558135986328 -6.720207691192627
vertex -84.16870880126953 45.36799240112305 -6.7104949951171875
vertex -84.16870880126953 45.36799240112305 -3.5
endloop
endfacet
facet normal 0.09802002419897403 0.9951844426316323 0
outer loop
vertex -83.61314392089844 45.199462890625 -6.728208065032959
vertex -83.8082275390625 45.21867752075195 -6.726188659667969
vertex -83.8082275390625 45.21867752075195 -3.5
endloop
endfacet
facet normal 0.2902671573371157 0.9569456501658965 0
outer loop
vertex -83.8082275390625 45.21867752075195 -6.726188659667969
vertex -83.9958267211914 45.27558135986328 -6.720207691192627
vertex -83.9958267211914 45.27558135986328 -3.5
endloop
endfacet
facet normal 0.6503327912159069 0.759648369194697 0.001271160558222555
outer loop
vertex -84.16870880126953 45.36799240112305 -6.7104949951171875
vertex -84.3349838256836 45.51031494140625 -6.695536136627197
vertex -84.32025146484375 45.49235534667969 -3.5
endloop
endfacet
facet normal 0.9951829182294893 0.09803550002033881 0
outer loop
vertex -84.59392547607422 46.004371643066406 -3.5
vertex -84.59392547607422 46.004371643066406 -6.085631370544434
vertex -84.61314392089844 46.199462890625 -3.5
endloop
endfacet
facet normal 0 0 -1
outer loop
vertex -82.61314392089844 46.199398040771484 -3.5
vertex -82.63235473632812 46.004371643066406 -3.5
vertex -84.61314392089844 46.199462890625 -3.5
endloop
endfacet
facet normal 0.8819259499769284 0.471387970526712 0
outer loop
vertex -84.44461059570312 45.643890380859375 -3.5
vertex -84.44461059570312 45.643890380859375 -6.53066873550415
vertex -84.53701782226562 45.816776275634766 -3.5
endloop
endfacet
facet normal -0.7729975161039842 0.6344090479312782 0
outer loop
vertex -82.78166961669922 45.643890380859375 -3.5
vertex -82.78166961669922 45.643890380859375 -6.529353618621826
vertex -82.90603637695312 45.49235534667969 -3.5
endloop
endfacet
facet normal -0.8819259499769284 0.471387970526712 0
outer loop
vertex -82.68926239013672 45.816776275634766 -3.5
vertex -82.68926239013672 45.816776275634766 -6.3157830238342285
vertex -82.78166961669922 45.643890380859375 -3.5
endloop
endfacet
facet normal -0.956938605216473 0.29029038193910456 0
outer loop
vertex -82.63235473632812 46.004371643066406 -3.5
vertex -82.63235473632812 46.004371643066406 -6.084079742431641
vertex -82.68926239013672 45.816776275634766 -3.5
endloop
endfacet
facet normal -0.9951835360547518 0.09802922811876245 0
outer loop
vertex -82.61314392089844 46.199398040771484 -5.843226432800293
vertex -82.63235473632812 46.004371643066406 -3.5
vertex -82.61314392089844 46.199398040771484 -3.5
endloop
endfacet
facet normal 0 0 -1
outer loop
vertex -82.63235473632812 46.004371643066406 -3.5
vertex -82.68926239013672 45.816776275634766 -3.5
vertex -84.61314392089844 46.199462890625 -3.5
endloop
endfacet
facet normal 0 0 -1
outer loop
vertex -82.68926239013672 45.816776275634766 -3.5
vertex -82.78166961669922 45.643890380859375 -3.5
vertex -84.61314392089844 46.199462890625 -3.5
endloop
endfacet
facet normal 0 0 -1
outer loop
vertex -84.44461059570312 45.643890380859375 -3.5
vertex -84.53701782226562 45.816776275634766 -3.5
vertex -84.59392547607422 46.004371643066406 -3.5
endloop
endfacet
facet normal 0 0 -1
outer loop
vertex -84.44461059570312 45.643890380859375 -3.5
vertex -84.59392547607422 46.004371643066406 -3.5
vertex -84.61314392089844 46.199462890625 -3.5
endloop
endfacet
facet normal 0 0 -1
outer loop
vertex -84.61314392089844 46.199462890625 -3.5
vertex -84.16870880126953 45.36799240112305 -3.5
vertex -84.32025146484375 45.49235534667969 -3.5
endloop
endfacet
facet normal 0 0 -1
outer loop
vertex -83.8082275390625 45.21867752075195 -3.5
vertex -83.9958267211914 45.27558135986328 -3.5
vertex -84.61314392089844 46.199462890625 -3.5
endloop
endfacet
facet normal 0 0 -1
outer loop
vertex -83.9958267211914 45.27558135986328 -3.5
vertex -84.16870880126953 45.36799240112305 -3.5
vertex -84.61314392089844 46.199462890625 -3.5
endloop
endfacet
facet normal 0 0 -1
outer loop
vertex -84.44461059570312 45.643890380859375 -3.5
vertex -84.61314392089844 46.199462890625 -3.5
vertex -84.32025146484375 45.49235534667969 -3.5
endloop
endfacet
facet normal 0 0 -1
outer loop
vertex -83.61314392089844 45.199462890625 -3.5
vertex -83.8082275390625 45.21867752075195 -3.5
vertex -84.61314392089844 46.199462890625 -3.5
endloop
endfacet
facet normal 0 0 -1
outer loop
vertex -83.41805267333984 45.21867752075195 -3.5
vertex -83.61314392089844 45.199462890625 -3.5
vertex -84.61314392089844 46.199462890625 -3.5
endloop
endfacet
facet normal 0 0 -1
outer loop
vertex -83.23046112060547 45.27558135986328 -3.5
vertex -83.41805267333984 45.21867752075195 -3.5
vertex -84.61314392089844 46.199462890625 -3.5
endloop
endfacet
facet normal 0 0 -1
outer loop
vertex -82.78166961669922 45.643890380859375 -3.5
vertex -82.90603637695312 45.49235534667969 -3.5
vertex -84.61314392089844 46.199462890625 -3.5
endloop
endfacet
facet normal 0 0 -1
outer loop
vertex -82.90603637695312 45.49235534667969 -3.5
vertex -83.05757141113281 45.36799240112305 -3.5
vertex -84.61314392089844 46.199462890625 -3.5
endloop
endfacet
facet normal 0.956938605216473 0.29029038193910456 0
outer loop
vertex -84.53701782226562 45.816776275634766 -3.5
vertex -84.53701782226562 45.816776275634766 -6.317244529724121
vertex -84.59392547607422 46.004371643066406 -3.5
endloop
endfacet
facet normal 0.4713950159280179 0.8819221841853304 0
outer loop
vertex 81.21458435058594 45.26510238647461 -6.721308708190918
vertex 81.04169464111328 45.357513427734375 -6.7115960121154785
vertex 81.04169464111328 45.357513427734375 -3.5
endloop
endfacet
facet normal 0 0 -1
outer loop
vertex 80.8901596069336 45.481876373291016 -3.5
vertex 80.76579284667969 45.6334114074707 -3.5
vertex 80.5972671508789 46.18898391723633 -3.5
endloop
endfacet
facet normal 0.995194228846171 0.09792061496000508 0.00000609339099687726
outer loop
vertex 80.6164779663086 45.993892669677734 -5.967872619628906
vertex 80.59727478027344 46.18904495239258 -5.726892948150635
vertex 80.5972671508789 46.18898391723633 -3.5
endloop
endfacet
facet normal -0.9569477762986945 0.2902601478621955 0
outer loop
vertex 82.57804870605469 45.993892669677734 -5.966320514678955
vertex 82.52114868164062 45.80630111694336 -6.198023796081543
vertex 82.52114868164062 45.80630111694336 -3.5
endloop
endfacet
facet normal -0.9951835360547518 0.09802922811876245 0
outer loop
vertex 82.57804870605469 45.993892669677734 -5.966320514678955
vertex 82.57804870605469 45.993892669677734 -3.5
vertex 82.59725952148438 46.18891906738281 -5.725467205047607
endloop
endfacet
facet normal 0.6343974203505326 0.7730070588633648 0
outer loop
vertex 81.04169464111328 45.357513427734375 -3.5
vertex 81.04169464111328 45.357513427734375 -6.7115960121154785
vertex 80.8901596069336 45.481876373291016 -3.5
endloop
endfacet
facet normal 0.4713950159280179 0.8819221841853303 0
outer loop
vertex 81.21458435058594 45.26510238647461 -3.5
vertex 81.21458435058594 45.26510238647461 -6.721308708190918
vertex 81.04169464111328 45.357513427734375 -3.5
endloop
endfacet
facet normal 0.290277967867665 0.9569423709767578 0
outer loop
vertex 81.40217590332031 45.20819854736328 -3.5
vertex 81.40217590332031 45.20819854736328 -6.72728967666626
vertex 81.21458435058594 45.26510238647461 -3.5
endloop
endfacet
facet normal 0.09801622777686081 0.9951848165503704 0
outer loop
vertex 81.5972671508789 45.18898391723633 -3.5
vertex 81.5972671508789 45.18898391723633 -6.729309558868408
vertex 81.40217590332031 45.20819854736328 -3.5
endloop
endfacet
facet normal 0.290277967867665 0.9569423709767577 0
outer loop
vertex 81.40217590332031 45.20819854736328 -6.72728967666626
vertex 81.21458435058594 45.26510238647461 -6.721308708190918
vertex 81.21458435058594 45.26510238647461 -3.5
endloop
endfacet
facet normal 0.6343824292392265 0.7730193616414389 0
outer loop
vertex 80.8901596069336 45.481876373291016 -3.5
vertex 80.99657440185547 45.39454650878906 -6.707704067230225
vertex 80.8901596069336 45.481876373291016 -6.5999436378479
endloop
endfacet
facet normal 0.09801622777686082 0.9951848165503705 0
outer loop
vertex 81.5972671508789 45.18898391723633 -6.729309558868408
vertex 81.40217590332031 45.20819854736328 -6.72728967666626
vertex 81.40217590332031 45.20819854736328 -3.5
endloop
endfacet
facet normal -0.09801622777686081 0.9951848165503704 0
outer loop
vertex 81.7923583984375 45.20819854736328 -6.72728967666626
vertex 81.5972671508789 45.18898391723633 -6.729309558868408
vertex 81.5972671508789 45.18898391723633 -3.5
endloop
endfacet
facet normal -0.290277967867665 0.9569423709767578 0
outer loop
vertex 81.97994995117188 45.26510238647461 -6.721308708190918
vertex 81.7923583984375 45.20819854736328 -6.72728967666626
vertex 81.7923583984375 45.20819854736328 -3.5
endloop
endfacet
facet normal -0.4713950159280179 0.8819221841853303 0
outer loop
vertex 82.15283966064453 45.357513427734375 -6.7115960121154785
vertex 81.97994995117188 45.26510238647461 -6.721308708190918
vertex 81.97994995117188 45.26510238647461 -3.5
endloop
endfacet
facet normal -0.09801622777686082 0.9951848165503705 0
outer loop
vertex 81.7923583984375 45.20819854736328 -3.5
vertex 81.7923583984375 45.20819854736328 -6.72728967666626
vertex 81.5972671508789 45.18898391723633 -3.5
endloop
endfacet
facet normal -0.290277967867665 0.9569423709767577 0
outer loop
vertex 81.97994995117188 45.26510238647461 -3.5
vertex 81.97994995117188 45.26510238647461 -6.721308708190918
vertex 81.7923583984375 45.20819854736328 -3.5
endloop
endfacet
facet normal -0.4713950159280179 0.8819221841853304 0
outer loop
vertex 82.15283966064453 45.357513427734375 -3.5
vertex 82.15283966064453 45.357513427734375 -6.7115960121154785
vertex 81.97994995117188 45.26510238647461 -3.5
endloop
endfacet
facet normal -0.6343974203505327 0.773007058863365 0
outer loop
vertex 82.30437469482422 45.481876373291016 -3.5
vertex 82.30437469482422 45.481876373291016 -6.598824501037598
vertex 82.15283966064453 45.357513427734375 -3.5
endloop
endfacet
facet normal -0.8819140943544587 0.47141015069571324 0
outer loop
vertex 82.52114868164062 45.80630111694336 -6.198023796081543
vertex 82.4287338256836 45.6334114074707 -6.411594390869141
vertex 82.4287338256836 45.6334114074707 -3.5
endloop
endfacet
facet normal -0.7730166016834488 0.6343857923391509 0
outer loop
vertex 82.4287338256836 45.6334114074707 -6.411594390869141
vertex 82.30437469482422 45.481876373291016 -6.598824501037598
vertex 82.30437469482422 45.481876373291016 -3.5
endloop
endfacet
facet normal 0.7729975161039842 0.6344090479312781 0
outer loop
vertex 80.8901596069336 45.481876373291016 -3.5
vertex 80.8901596069336 45.481876373291016 -6.5999436378479
vertex 80.76579284667969 45.6334114074707 -3.5
endloop
endfacet
facet normal 0.8819302739048787 0.4713798807438282 0
outer loop
vertex 80.76579284667969 45.6334114074707 -3.5
vertex 80.76579284667969 45.6334114074707 -6.412909984588623
vertex 80.67338562011719 45.80630111694336 -3.5
endloop
endfacet
facet normal 0.9569369653840532 0.2902957875711588 0
outer loop
vertex 80.67338562011719 45.80630111694336 -3.5
vertex 80.67338562011719 45.80630111694336 -6.199485778808594
vertex 80.6164779663086 45.993892669677734 -3.5
endloop
endfacet
facet normal -0.6343914132690119 0.7730119887624937 0
outer loop
vertex 82.19693756103516 45.39370346069336 -6.707792282104492
vertex 82.15283966064453 45.357513427734375 -6.7115960121154785
vertex 82.15283966064453 45.357513427734375 -3.5
endloop
endfacet
facet normal 0.9951867145052739 0.0979969554231074 0
outer loop
vertex 80.6164779663086 45.993892669677734 -3.5
vertex 80.6164779663086 45.993892669677734 -5.967872619628906
vertex 80.5972671508789 46.18898391723633 -3.5
endloop
endfacet
facet normal -0.7730166016834488 0.6343857923391509 0
outer loop
vertex 82.4287338256836 45.6334114074707 -3.5
vertex 82.4287338256836 45.6334114074707 -6.411594390869141
vertex 82.30437469482422 45.481876373291016 -3.5
endloop
endfacet
facet normal -0.8819140943544587 0.47141015069571324 0
outer loop
vertex 82.52114868164062 45.80630111694336 -3.5
vertex 82.52114868164062 45.80630111694336 -6.198023796081543
vertex 82.4287338256836 45.6334114074707 -3.5
endloop
endfacet
facet normal -0.9569477762986947 0.29026014786219556 0
outer loop
vertex 82.57804870605469 45.993892669677734 -3.5
vertex 82.57804870605469 45.993892669677734 -5.966320514678955
vertex 82.52114868164062 45.80630111694336 -3.5
endloop
endfacet
facet normal -0.9951835360547518 0.09802922811876245 0
outer loop
vertex 82.59725952148438 46.18891906738281 -5.725467205047607
vertex 82.57804870605469 45.993892669677734 -3.5
vertex 82.59725952148438 46.18891906738281 -3.5
endloop
endfacet
facet normal -0.634399769434042 0.7730051309933185 -1.922419444249022e-7
outer loop
vertex 82.30437469482422 45.481876373291016 -6.598824501037598
vertex 82.19693756103516 45.39370346069336 -6.707792282104492
vertex 82.15283966064453 45.357513427734375 -3.5
endloop
endfacet
facet normal 0.7729975161039842 0.6344090479312782 0
outer loop
vertex 80.8901596069336 45.481876373291016 -6.5999436378479
vertex 80.76579284667969 45.6334114074707 -6.412909984588623
vertex 80.76579284667969 45.6334114074707 -3.5
endloop
endfacet
facet normal 0.8819302739048787 0.4713798807438282 0
outer loop
vertex 80.76579284667969 45.6334114074707 -6.412909984588623
vertex 80.67338562011719 45.80630111694336 -6.199485778808594
vertex 80.67338562011719 45.80630111694336 -3.5
endloop
endfacet
facet normal 0.6344329180863698 0.7729779249374179 0.000002803070942241321
outer loop
vertex 81.04169464111328 45.357513427734375 -6.7115960121154785
vertex 80.99657440185547 45.39454650878906 -6.707704067230225
vertex 80.8901596069336 45.481876373291016 -3.5
endloop
endfacet
facet normal 0 0 -1
outer loop
vertex 81.21458435058594 45.26510238647461 -3.5
vertex 81.04169464111328 45.357513427734375 -3.5
vertex 80.5972671508789 46.18898391723633 -3.5
endloop
endfacet
facet normal 0 0 -1
outer loop
vertex 80.5972671508789 46.18898391723633 -3.5
vertex 81.04169464111328 45.357513427734375 -3.5
vertex 80.8901596069336 45.481876373291016 -3.5
endloop
endfacet
facet normal 0 0 -1
outer loop
vertex 82.59725952148438 46.18891906738281 -3.5
vertex 82.57804870605469 45.993892669677734 -3.5
vertex 80.5972671508789 46.18898391723633 -3.5
endloop
endfacet
facet normal 0 0 -1
outer loop
vertex 82.57804870605469 45.993892669677734 -3.5
vertex 82.52114868164062 45.80630111694336 -3.5
vertex 80.5972671508789 46.18898391723633 -3.5
endloop
endfacet
facet normal 0 0 -1
outer loop
vertex 82.52114868164062 45.80630111694336 -3.5
vertex 82.4287338256836 45.6334114074707 -3.5
vertex 80.5972671508789 46.18898391723633 -3.5
endloop
endfacet
facet normal 0 0 -1
outer loop
vertex 82.4287338256836 45.6334114074707 -3.5
vertex 82.30437469482422 45.481876373291016 -3.5
vertex 80.5972671508789 46.18898391723633 -3.5
endloop
endfacet
facet normal 0 0 -1
outer loop
vertex 82.30437469482422 45.481876373291016 -3.5
vertex 82.15283966064453 45.357513427734375 -3.5
vertex 80.5972671508789 46.18898391723633 -3.5
endloop
endfacet
facet normal 0 0 -1
outer loop
vertex 82.15283966064453 45.357513427734375 -3.5
vertex 81.97994995117188 45.26510238647461 -3.5
vertex 80.5972671508789 46.18898391723633 -3.5
endloop
endfacet
facet normal 0 0 -1
outer loop
vertex 81.97994995117188 45.26510238647461 -3.5
vertex 81.7923583984375 45.20819854736328 -3.5
vertex 80.5972671508789 46.18898391723633 -3.5
endloop
endfacet
facet normal 0 0 -1
outer loop
vertex 80.6164779663086 45.993892669677734 -3.5
vertex 80.5972671508789 46.18898391723633 -3.5
vertex 80.76579284667969 45.6334114074707 -3.5
endloop
endfacet
facet normal 0 0 -1
outer loop
vertex 81.7923583984375 45.20819854736328 -3.5
vertex 81.5972671508789 45.18898391723633 -3.5
vertex 80.5972671508789 46.18898391723633 -3.5
endloop
endfacet
facet normal 0 0 -1
outer loop
vertex 81.40217590332031 45.20819854736328 -3.5
vertex 81.21458435058594 45.26510238647461 -3.5
vertex 80.5972671508789 46.18898391723633 -3.5
endloop
endfacet
facet normal 0 0 -1
outer loop
vertex 81.5972671508789 45.18898391723633 -3.5
vertex 81.40217590332031 45.20819854736328 -3.5
vertex 80.5972671508789 46.18898391723633 -3.5
endloop
endfacet
facet normal 0 0 -1
outer loop
vertex 80.67338562011719 45.80630111694336 -3.5
vertex 80.6164779663086 45.993892669677734 -3.5
vertex 80.76579284667969 45.6334114074707 -3.5
endloop
endfacet
facet normal 0.9569369653840532 0.2902957875711588 0
outer loop
vertex 80.67338562011719 45.80630111694336 -6.199485778808594
vertex 80.6164779663086 45.993892669677734 -5.967872619628906
vertex 80.6164779663086 45.993892669677734 -3.5
endloop
endfacet
facet normal 0.000007885944942246592 0.12403526791586686 0.9922778100163537
outer loop
vertex -82.41313934326172 46.19938659667969 -1.100000023841858
vertex -84.61309051513672 46.9995231628418 -1.2000000476837158
vertex -84.81314086914062 46.19953918457031 -1.100000023841858
endloop
endfacet
facet normal 0.000007885923345331343 0.12403492822554583 -0.9922778524777705
outer loop
vertex -84.81314086914062 46.19953918457031 -2.5
vertex -82.61309051513672 46.99939727783203 -2.4000000953674316
vertex -82.41313934326172 46.19938659667969 -2.5
endloop
endfacet
facet normal 0.9701571927438354 0.2424768470749334 0
outer loop
vertex -82.61309051513672 46.99939727783203 -1.2000000476837158
vertex -82.41313934326172 46.19938659667969 -2.5
vertex -82.61309051513672 46.99939727783203 -2.4000000953674316
endloop
endfacet
facet normal 0.000007807082514893901 0.12403514174450586 -0.9922778257884582
outer loop
vertex -82.61309051513672 46.99939727783203 -2.4000000953674316
vertex -84.81314086914062 46.19953918457031 -2.5
vertex -84.61309051513672 46.9995231628418 -2.4000000953674316
endloop
endfacet
facet normal 0.000007807077017621649 0.12403505440650966 0.9922778367057402
outer loop
vertex -84.61309051513672 46.9995231628418 -1.2000000476837158
vertex -82.41313934326172 46.19938659667969 -1.100000023841858
vertex -82.61309051513672 46.99939727783203 -1.2000000476837158
endloop
endfacet
facet normal 0.9701571927438355 0.2424768470749334 0
outer loop
vertex -82.41313934326172 46.19938659667969 -2.5
vertex -82.61309051513672 46.99939727783203 -1.2000000476837158
vertex -82.41313934326172 46.19938659667969 -1.100000023841858
endloop
endfacet
facet normal 0.00006294250475813098 0.9999999980191205 0
outer loop
vertex -82.61309051513672 46.99939727783203 -1.2000000476837158
vertex -84.61309051513672 46.9995231628418 -2.4000000953674316
vertex -84.61309051513672 46.9995231628418 -1.2000000476837158
endloop
endfacet
facet normal -0.9701269873931666 0.24259766761339388 0
outer loop
vertex -84.61309051513672 46.9995231628418 -2.4000000953674316
vertex -84.81314086914062 46.19953918457031 -1.100000023841858
vertex -84.61309051513672 46.9995231628418 -1.2000000476837158
endloop
endfacet
facet normal 0.00006294250475813098 0.9999999980191205 0
outer loop
vertex -82.61309051513672 46.99939727783203 -2.4000000953674316
vertex -84.61309051513672 46.9995231628418 -2.4000000953674316
vertex -82.61309051513672 46.99939727783203 -1.2000000476837158
endloop
endfacet
facet normal -0.9701269873931666 0.24259766761339388 0
outer loop
vertex -84.81314086914062 46.19953918457031 -1.100000023841858
vertex -84.61309051513672 46.9995231628418 -2.4000000953674316
vertex -84.81314086914062 46.19953918457031 -2.5
endloop
endfacet
facet normal 0.00000804361922550362 0.12403450107355417 -0.9922779058704949
outer loop
vertex 82.59732055664062 46.98891830444336 -2.4000000953674316
vertex 80.39726257324219 46.18906021118164 -2.5
vertex 80.59732055664062 46.98904800415039 -2.4000000953674316
endloop
endfacet
facet normal 0.000007885923340623425 0.12403492815149664 -0.9922778524870266
outer loop
vertex 80.39726257324219 46.18906021118164 -2.5
vertex 82.59732055664062 46.98891830444336 -2.4000000953674316
vertex 82.7972640991211 46.188907623291016 -2.5
endloop
endfacet
facet normal 0.9701593691600667 0.24246813900168673 0
outer loop
vertex 82.59732055664062 46.98891830444336 -1.2000000476837158
vertex 82.7972640991211 46.188907623291016 -2.5
vertex 82.59732055664062 46.98891830444336 -2.4000000953674316
endloop
endfacet
facet normal 0.0000080436588797457 0.12403511255129743 0.9922778294357314
outer loop
vertex 80.59732055664062 46.98904800415039 -1.2000000476837158
vertex 82.7972640991211 46.188907623291016 -1.100000023841858
vertex 82.59732055664062 46.98891830444336 -1.2000000476837158
endloop
endfacet
facet normal 0.000007885907912957002 0.12403468549513115 0.9922778828190904
outer loop
vertex 82.7972640991211 46.188907623291016 -1.100000023841858
vertex 80.59732055664062 46.98904800415039 -1.2000000476837158
vertex 80.39726257324219 46.18906021118164 -1.100000023841858
endloop
endfacet
facet normal 0.9701593691600667 0.24246813900168673 0
outer loop
vertex 82.59732055664062 46.98891830444336 -1.2000000476837158
vertex 82.7972640991211 46.188907623291016 -1.100000023841858
vertex 82.7972640991211 46.188907623291016 -2.5
endloop
endfacet
facet normal 0.00006484985337926186 0.9999999978972482 0
outer loop
vertex 82.59732055664062 46.98891830444336 -1.2000000476837158
vertex 80.59732055664062 46.98904800415039 -2.4000000953674316
vertex 80.59732055664062 46.98904800415039 -1.2000000476837158
endloop
endfacet
facet normal -0.9701250821620626 0.24260528633987188 0
outer loop
vertex 80.59732055664062 46.98904800415039 -1.2000000476837158
vertex 80.59732055664062 46.98904800415039 -2.4000000953674316
vertex 80.39726257324219 46.18906021118164 -1.100000023841858
endloop
endfacet
facet normal 0.00006484985337926186 0.9999999978972482 0
outer loop
vertex 82.59732055664062 46.98891830444336 -2.4000000953674316
vertex 80.59732055664062 46.98904800415039 -2.4000000953674316
vertex 82.59732055664062 46.98891830444336 -1.2000000476837158
endloop
endfacet
facet normal -0.9701250821620626 0.24260528633987188 0
outer loop
vertex 80.39726257324219 46.18906021118164 -1.100000023841858
vertex 80.59732055664062 46.98904800415039 -2.4000000953674316
vertex 80.39726257324219 46.18906021118164 -2.5
endloop
endfacet
endsolid auto-kdk-case
